[   43433ms] [WARNING] WebSocket onclose @ http://localhost:8602/static/js/index.ByR4Z2EF.js:38
[   43718ms] [ERROR] Failed to load resource: net::ERR_CONNECTION_REFUSED @ http://localhost:8602/_stcore/health:0
[   43719ms] [ERROR] Failed to load resource: net::ERR_CONNECTION_REFUSED @ http://localhost:8602/_stcore/host-config:0
[   43820ms] [ERROR] Failed to load resource: net::ERR_CONNECTION_REFUSED @ http://localhost:8602/_stcore/health:0
[   43820ms] [ERROR] Failed to load resource: net::ERR_CONNECTION_REFUSED @ http://localhost:8602/_stcore/host-config:0
[   43994ms] [ERROR] Failed to load resource: net::ERR_CONNECTION_REFUSED @ http://localhost:8602/_stcore/health:0
[   43994ms] [ERROR] Failed to load resource: net::ERR_CONNECTION_REFUSED @ http://localhost:8602/_stcore/host-config:0
[   44299ms] [ERROR] Failed to load resource: net::ERR_CONNECTION_REFUSED @ http://localhost:8602/_stcore/health:0
[   44299ms] [ERROR] Failed to load resource: net::ERR_CONNECTION_REFUSED @ http://localhost:8602/_stcore/host-config:0
[   45024ms] [ERROR] Failed to load resource: net::ERR_CONNECTION_REFUSED @ http://localhost:8602/_stcore/health:0
[   45024ms] [ERROR] Failed to load resource: net::ERR_CONNECTION_REFUSED @ http://localhost:8602/_stcore/host-config:0
[   46619ms] [ERROR] Failed to load resource: net::ERR_CONNECTION_REFUSED @ http://localhost:8602/_stcore/health:0
[   46619ms] [ERROR] Client Error in reaching server endpoint - No response received when attempting to reach /_stcore/health @ http://localhost:8602/static/js/index.ByR4Z2EF.js:37
[   46619ms] [ERROR] Is Streamlit still running? If you accidentally stopped Streamlit, just restart it in your terminal: @ http://localhost:8602/static/js/index.ByR4Z2EF.js:42
[   46619ms] [ERROR] Failed to load resource: net::ERR_CONNECTION_REFUSED @ http://localhost:8602/_stcore/host-config:0
[   48872ms] [ERROR] Failed to load resource: net::ERR_CONNECTION_REFUSED @ http://localhost:8602/_stcore/health:0
[   48872ms] [ERROR] Client Error in reaching server endpoint - No response received when attempting to reach /_stcore/health @ http://localhost:8602/static/js/index.ByR4Z2EF.js:37
[   48872ms] [ERROR] Is Streamlit still running? If you accidentally stopped Streamlit, just restart it in your terminal: @ http://localhost:8602/static/js/index.ByR4Z2EF.js:42
[   48872ms] [ERROR] Failed to load resource: net::ERR_CONNECTION_REFUSED @ http://localhost:8602/_stcore/host-config:0
[   51924ms] [ERROR] Failed to load resource: net::ERR_CONNECTION_REFUSED @ http://localhost:8602/_stcore/health:0
[   51924ms] [ERROR] Client Error in reaching server endpoint - No response received when attempting to reach /_stcore/health @ http://localhost:8602/static/js/index.ByR4Z2EF.js:37
[   51924ms] [ERROR] Is Streamlit still running? If you accidentally stopped Streamlit, just restart it in your terminal: @ http://localhost:8602/static/js/index.ByR4Z2EF.js:42
[   51924ms] [ERROR] Failed to load resource: net::ERR_CONNECTION_REFUSED @ http://localhost:8602/_stcore/host-config:0
[   55862ms] [ERROR] Failed to load resource: net::ERR_CONNECTION_REFUSED @ http://localhost:8602/_stcore/health:0
[   55862ms] [ERROR] Client Error in reaching server endpoint - No response received when attempting to reach /_stcore/health @ http://localhost:8602/static/js/index.ByR4Z2EF.js:37
[   55862ms] [ERROR] Is Streamlit still running? If you accidentally stopped Streamlit, just restart it in your terminal: @ http://localhost:8602/static/js/index.ByR4Z2EF.js:42
[   55862ms] [ERROR] Failed to load resource: net::ERR_CONNECTION_REFUSED @ http://localhost:8602/_stcore/host-config:0
[   58893ms] [ERROR] Failed to load resource: net::ERR_CONNECTION_REFUSED @ http://localhost:8602/_stcore/health:0
[   58893ms] [ERROR] Client Error in reaching server endpoint - No response received when attempting to reach /_stcore/health @ http://localhost:8602/static/js/index.ByR4Z2EF.js:37
[   58893ms] [ERROR] Is Streamlit still running? If you accidentally stopped Streamlit, just restart it in your terminal: @ http://localhost:8602/static/js/index.ByR4Z2EF.js:42
[   58894ms] [ERROR] Failed to load resource: net::ERR_CONNECTION_REFUSED @ http://localhost:8602/_stcore/host-config:0
[   62850ms] [ERROR] Failed to load resource: net::ERR_CONNECTION_REFUSED @ http://localhost:8602/_stcore/health:0
[   62850ms] [ERROR] Client Error in reaching server endpoint - No response received when attempting to reach /_stcore/health @ http://localhost:8602/static/js/index.ByR4Z2EF.js:37
[   62850ms] [ERROR] Is Streamlit still running? If you accidentally stopped Streamlit, just restart it in your terminal: @ http://localhost:8602/static/js/index.ByR4Z2EF.js:42
[   62850ms] [ERROR] Failed to load resource: net::ERR_CONNECTION_REFUSED @ http://localhost:8602/_stcore/host-config:0
[   65736ms] [ERROR] Failed to load resource: net::ERR_CONNECTION_REFUSED @ http://localhost:8602/_stcore/health:0
[   65736ms] [ERROR] Client Error in reaching server endpoint - No response received when attempting to reach /_stcore/health @ http://localhost:8602/static/js/index.ByR4Z2EF.js:37
[   65736ms] [ERROR] Is Streamlit still running? If you accidentally stopped Streamlit, just restart it in your terminal: @ http://localhost:8602/static/js/index.ByR4Z2EF.js:42
[   65736ms] [ERROR] Failed to load resource: net::ERR_CONNECTION_REFUSED @ http://localhost:8602/_stcore/host-config:0
[   69234ms] [ERROR] Failed to load resource: net::ERR_CONNECTION_REFUSED @ http://localhost:8602/_stcore/health:0
[   69234ms] [ERROR] Client Error in reaching server endpoint - No response received when attempting to reach /_stcore/health @ http://localhost:8602/static/js/index.ByR4Z2EF.js:37
[   69234ms] [ERROR] Is Streamlit still running? If you accidentally stopped Streamlit, just restart it in your terminal: @ http://localhost:8602/static/js/index.ByR4Z2EF.js:42
[   69234ms] [ERROR] Failed to load resource: net::ERR_CONNECTION_REFUSED @ http://localhost:8602/_stcore/host-config:0
[   72586ms] [ERROR] Failed to load resource: net::ERR_CONNECTION_REFUSED @ http://localhost:8602/_stcore/health:0
[   72586ms] [ERROR] Client Error in reaching server endpoint - No response received when attempting to reach /_stcore/health @ http://localhost:8602/static/js/index.ByR4Z2EF.js:37
[   72586ms] [ERROR] Is Streamlit still running? If you accidentally stopped Streamlit, just restart it in your terminal: @ http://localhost:8602/static/js/index.ByR4Z2EF.js:42
[   72586ms] [ERROR] Failed to load resource: net::ERR_CONNECTION_REFUSED @ http://localhost:8602/_stcore/host-config:0
[   76101ms] [ERROR] Failed to load resource: net::ERR_CONNECTION_REFUSED @ http://localhost:8602/_stcore/health:0
[   76101ms] [ERROR] Client Error in reaching server endpoint - No response received when attempting to reach /_stcore/health @ http://localhost:8602/static/js/index.ByR4Z2EF.js:37
[   76101ms] [ERROR] Is Streamlit still running? If you accidentally stopped Streamlit, just restart it in your terminal: @ http://localhost:8602/static/js/index.ByR4Z2EF.js:42
[   76101ms] [ERROR] Failed to load resource: net::ERR_CONNECTION_REFUSED @ http://localhost:8602/_stcore/host-config:0
[   79929ms] [ERROR] Failed to load resource: net::ERR_CONNECTION_REFUSED @ http://localhost:8602/_stcore/health:0
[   79929ms] [ERROR] Client Error in reaching server endpoint - No response received when attempting to reach /_stcore/health @ http://localhost:8602/static/js/index.ByR4Z2EF.js:37
[   79929ms] [ERROR] Is Streamlit still running? If you accidentally stopped Streamlit, just restart it in your terminal: @ http://localhost:8602/static/js/index.ByR4Z2EF.js:42
[   79929ms] [ERROR] Failed to load resource: net::ERR_CONNECTION_REFUSED @ http://localhost:8602/_stcore/host-config:0
[   82915ms] [ERROR] Failed to load resource: net::ERR_CONNECTION_REFUSED @ http://localhost:8602/_stcore/health:0
[   82915ms] [ERROR] Client Error in reaching server endpoint - No response received when attempting to reach /_stcore/health @ http://localhost:8602/static/js/index.ByR4Z2EF.js:37
[   82915ms] [ERROR] Is Streamlit still running? If you accidentally stopped Streamlit, just restart it in your terminal: @ http://localhost:8602/static/js/index.ByR4Z2EF.js:42
[   82916ms] [ERROR] Failed to load resource: net::ERR_CONNECTION_REFUSED @ http://localhost:8602/_stcore/host-config:0
[   85966ms] [ERROR] Failed to load resource: net::ERR_CONNECTION_REFUSED @ http://localhost:8602/_stcore/health:0
[   85966ms] [ERROR] Client Error in reaching server endpoint - No response received when attempting to reach /_stcore/health @ http://localhost:8602/static/js/index.ByR4Z2EF.js:37
[   85966ms] [ERROR] Is Streamlit still running? If you accidentally stopped Streamlit, just restart it in your terminal: @ http://localhost:8602/static/js/index.ByR4Z2EF.js:42
[   85966ms] [ERROR] Failed to load resource: net::ERR_CONNECTION_REFUSED @ http://localhost:8602/_stcore/host-config:0
[   88847ms] [ERROR] Failed to load resource: net::ERR_CONNECTION_REFUSED @ http://localhost:8602/_stcore/health:0
[   88847ms] [ERROR] Client Error in reaching server endpoint - No response received when attempting to reach /_stcore/health @ http://localhost:8602/static/js/index.ByR4Z2EF.js:37
[   88847ms] [ERROR] Is Streamlit still running? If you accidentally stopped Streamlit, just restart it in your terminal: @ http://localhost:8602/static/js/index.ByR4Z2EF.js:42
[   88847ms] [ERROR] Failed to load resource: net::ERR_CONNECTION_REFUSED @ http://localhost:8602/_stcore/host-config:0
[   92782ms] [ERROR] Failed to load resource: net::ERR_CONNECTION_REFUSED @ http://localhost:8602/_stcore/health:0
[   92783ms] [ERROR] Client Error in reaching server endpoint - No response received when attempting to reach /_stcore/health @ http://localhost:8602/static/js/index.ByR4Z2EF.js:37
[   92783ms] [ERROR] Is Streamlit still running? If you accidentally stopped Streamlit, just restart it in your terminal: @ http://localhost:8602/static/js/index.ByR4Z2EF.js:42
[   92783ms] [ERROR] Failed to load resource: net::ERR_CONNECTION_REFUSED @ http://localhost:8602/_stcore/host-config:0
[   96124ms] [ERROR] Failed to load resource: net::ERR_CONNECTION_REFUSED @ http://localhost:8602/_stcore/health:0
[   96124ms] [ERROR] Client Error in reaching server endpoint - No response received when attempting to reach /_stcore/health @ http://localhost:8602/static/js/index.ByR4Z2EF.js:37
[   96124ms] [ERROR] Is Streamlit still running? If you accidentally stopped Streamlit, just restart it in your terminal: @ http://localhost:8602/static/js/index.ByR4Z2EF.js:42
[   96140ms] [ERROR] Failed to load resource: net::ERR_CONNECTION_REFUSED @ http://localhost:8602/_stcore/host-config:0
[   99543ms] [ERROR] Failed to load resource: net::ERR_CONNECTION_REFUSED @ http://localhost:8602/_stcore/health:0
[   99543ms] [ERROR] Client Error in reaching server endpoint - No response received when attempting to reach /_stcore/health @ http://localhost:8602/static/js/index.ByR4Z2EF.js:37
[   99543ms] [ERROR] Is Streamlit still running? If you accidentally stopped Streamlit, just restart it in your terminal: @ http://localhost:8602/static/js/index.ByR4Z2EF.js:42
[   99543ms] [ERROR] Failed to load resource: net::ERR_CONNECTION_REFUSED @ http://localhost:8602/_stcore/host-config:0
[  102396ms] [ERROR] Failed to load resource: net::ERR_CONNECTION_REFUSED @ http://localhost:8602/_stcore/health:0
[  102396ms] [ERROR] Client Error in reaching server endpoint - No response received when attempting to reach /_stcore/health @ http://localhost:8602/static/js/index.ByR4Z2EF.js:37
[  102396ms] [ERROR] Is Streamlit still running? If you accidentally stopped Streamlit, just restart it in your terminal: @ http://localhost:8602/static/js/index.ByR4Z2EF.js:42
[  102397ms] [ERROR] Failed to load resource: net::ERR_CONNECTION_REFUSED @ http://localhost:8602/_stcore/host-config:0
[  105772ms] [ERROR] Failed to load resource: net::ERR_CONNECTION_REFUSED @ http://localhost:8602/_stcore/health:0
[  105772ms] [ERROR] Client Error in reaching server endpoint - No response received when attempting to reach /_stcore/health @ http://localhost:8602/static/js/index.ByR4Z2EF.js:37
[  105773ms] [ERROR] Is Streamlit still running? If you accidentally stopped Streamlit, just restart it in your terminal: @ http://localhost:8602/static/js/index.ByR4Z2EF.js:42
[  105773ms] [ERROR] Failed to load resource: net::ERR_CONNECTION_REFUSED @ http://localhost:8602/_stcore/host-config:0
[  108694ms] [ERROR] Failed to load resource: net::ERR_CONNECTION_REFUSED @ http://localhost:8602/_stcore/health:0
[  108694ms] [ERROR] Client Error in reaching server endpoint - No response received when attempting to reach /_stcore/health @ http://localhost:8602/static/js/index.ByR4Z2EF.js:37
[  108694ms] [ERROR] Is Streamlit still running? If you accidentally stopped Streamlit, just restart it in your terminal: @ http://localhost:8602/static/js/index.ByR4Z2EF.js:42
[  108694ms] [ERROR] Failed to load resource: net::ERR_CONNECTION_REFUSED @ http://localhost:8602/_stcore/host-config:0
[  111806ms] [ERROR] Failed to load resource: net::ERR_CONNECTION_REFUSED @ http://localhost:8602/_stcore/health:0
[  111806ms] [ERROR] Client Error in reaching server endpoint - No response received when attempting to reach /_stcore/health @ http://localhost:8602/static/js/index.ByR4Z2EF.js:37
[  111806ms] [ERROR] Is Streamlit still running? If you accidentally stopped Streamlit, just restart it in your terminal: @ http://localhost:8602/static/js/index.ByR4Z2EF.js:42
[  111806ms] [ERROR] Failed to load resource: net::ERR_CONNECTION_REFUSED @ http://localhost:8602/_stcore/host-config:0
[  114887ms] [ERROR] Failed to load resource: net::ERR_CONNECTION_REFUSED @ http://localhost:8602/_stcore/health:0
[  114887ms] [ERROR] Client Error in reaching server endpoint - No response received when attempting to reach /_stcore/health @ http://localhost:8602/static/js/index.ByR4Z2EF.js:37
[  114887ms] [ERROR] Is Streamlit still running? If you accidentally stopped Streamlit, just restart it in your terminal: @ http://localhost:8602/static/js/index.ByR4Z2EF.js:42
[  114887ms] [ERROR] Failed to load resource: net::ERR_CONNECTION_REFUSED @ http://localhost:8602/_stcore/host-config:0
[  117992ms] [ERROR] Failed to load resource: net::ERR_CONNECTION_REFUSED @ http://localhost:8602/_stcore/health:0
[  117992ms] [ERROR] Client Error in reaching server endpoint - No response received when attempting to reach /_stcore/health @ http://localhost:8602/static/js/index.ByR4Z2EF.js:37
[  117992ms] [ERROR] Is Streamlit still running? If you accidentally stopped Streamlit, just restart it in your terminal: @ http://localhost:8602/static/js/index.ByR4Z2EF.js:42
[  117992ms] [ERROR] Failed to load resource: net::ERR_CONNECTION_REFUSED @ http://localhost:8602/_stcore/host-config:0
[  121930ms] [ERROR] Failed to load resource: net::ERR_CONNECTION_REFUSED @ http://localhost:8602/_stcore/health:0
[  121930ms] [ERROR] Client Error in reaching server endpoint - No response received when attempting to reach /_stcore/health @ http://localhost:8602/static/js/index.ByR4Z2EF.js:37
[  121930ms] [ERROR] Is Streamlit still running? If you accidentally stopped Streamlit, just restart it in your terminal: @ http://localhost:8602/static/js/index.ByR4Z2EF.js:42
[  121930ms] [ERROR] Failed to load resource: net::ERR_CONNECTION_REFUSED @ http://localhost:8602/_stcore/host-config:0
[  125510ms] [ERROR] Failed to load resource: net::ERR_CONNECTION_REFUSED @ http://localhost:8602/_stcore/health:0
[  125510ms] [ERROR] Client Error in reaching server endpoint - No response received when attempting to reach /_stcore/health @ http://localhost:8602/static/js/index.ByR4Z2EF.js:37
[  125510ms] [ERROR] Is Streamlit still running? If you accidentally stopped Streamlit, just restart it in your terminal: @ http://localhost:8602/static/js/index.ByR4Z2EF.js:42
[  125510ms] [ERROR] Failed to load resource: net::ERR_CONNECTION_REFUSED @ http://localhost:8602/_stcore/host-config:0
[  128452ms] [ERROR] Failed to load resource: net::ERR_CONNECTION_REFUSED @ http://localhost:8602/_stcore/health:0
[  128453ms] [ERROR] Client Error in reaching server endpoint - No response received when attempting to reach /_stcore/health @ http://localhost:8602/static/js/index.ByR4Z2EF.js:37
[  128453ms] [ERROR] Is Streamlit still running? If you accidentally stopped Streamlit, just restart it in your terminal: @ http://localhost:8602/static/js/index.ByR4Z2EF.js:42
[  128453ms] [ERROR] Failed to load resource: net::ERR_CONNECTION_REFUSED @ http://localhost:8602/_stcore/host-config:0
[  131840ms] [ERROR] Failed to load resource: net::ERR_CONNECTION_REFUSED @ http://localhost:8602/_stcore/health:0
[  131840ms] [ERROR] Client Error in reaching server endpoint - No response received when attempting to reach /_stcore/health @ http://localhost:8602/static/js/index.ByR4Z2EF.js:37
[  131840ms] [ERROR] Is Streamlit still running? If you accidentally stopped Streamlit, just restart it in your terminal: @ http://localhost:8602/static/js/index.ByR4Z2EF.js:42
[  131840ms] [ERROR] Failed to load resource: net::ERR_CONNECTION_REFUSED @ http://localhost:8602/_stcore/host-config:0
[  135390ms] [ERROR] Failed to load resource: net::ERR_CONNECTION_REFUSED @ http://localhost:8602/_stcore/health:0
[  135390ms] [ERROR] Client Error in reaching server endpoint - No response received when attempting to reach /_stcore/health @ http://localhost:8602/static/js/index.ByR4Z2EF.js:37
[  135390ms] [ERROR] Is Streamlit still running? If you accidentally stopped Streamlit, just restart it in your terminal: @ http://localhost:8602/static/js/index.ByR4Z2EF.js:42
[  135390ms] [ERROR] Failed to load resource: net::ERR_CONNECTION_REFUSED @ http://localhost:8602/_stcore/host-config:0
[  138518ms] [ERROR] Failed to load resource: net::ERR_CONNECTION_REFUSED @ http://localhost:8602/_stcore/health:0
[  138518ms] [ERROR] Client Error in reaching server endpoint - No response received when attempting to reach /_stcore/health @ http://localhost:8602/static/js/index.ByR4Z2EF.js:37
[  138518ms] [ERROR] Is Streamlit still running? If you accidentally stopped Streamlit, just restart it in your terminal: @ http://localhost:8602/static/js/index.ByR4Z2EF.js:42
[  138518ms] [ERROR] Failed to load resource: net::ERR_CONNECTION_REFUSED @ http://localhost:8602/_stcore/host-config:0
[  141396ms] [ERROR] Failed to load resource: net::ERR_CONNECTION_REFUSED @ http://localhost:8602/_stcore/health:0
[  141396ms] [ERROR] Client Error in reaching server endpoint - No response received when attempting to reach /_stcore/health @ http://localhost:8602/static/js/index.ByR4Z2EF.js:37
[  141396ms] [ERROR] Is Streamlit still running? If you accidentally stopped Streamlit, just restart it in your terminal: @ http://localhost:8602/static/js/index.ByR4Z2EF.js:42
[  141396ms] [ERROR] Failed to load resource: net::ERR_CONNECTION_REFUSED @ http://localhost:8602/_stcore/host-config:0
[  144503ms] [ERROR] Failed to load resource: net::ERR_CONNECTION_REFUSED @ http://localhost:8602/_stcore/health:0
[  144504ms] [ERROR] Client Error in reaching server endpoint - No response received when attempting to reach /_stcore/health @ http://localhost:8602/static/js/index.ByR4Z2EF.js:37
[  144504ms] [ERROR] Is Streamlit still running? If you accidentally stopped Streamlit, just restart it in your terminal: @ http://localhost:8602/static/js/index.ByR4Z2EF.js:42
[  144504ms] [ERROR] Failed to load resource: net::ERR_CONNECTION_REFUSED @ http://localhost:8602/_stcore/host-config:0
[  147506ms] [ERROR] Failed to load resource: net::ERR_CONNECTION_REFUSED @ http://localhost:8602/_stcore/health:0
[  147506ms] [ERROR] Client Error in reaching server endpoint - No response received when attempting to reach /_stcore/health @ http://localhost:8602/static/js/index.ByR4Z2EF.js:37
[  147506ms] [ERROR] Is Streamlit still running? If you accidentally stopped Streamlit, just restart it in your terminal: @ http://localhost:8602/static/js/index.ByR4Z2EF.js:42
[  147506ms] [ERROR] Failed to load resource: net::ERR_CONNECTION_REFUSED @ http://localhost:8602/_stcore/host-config:0
[  150356ms] [ERROR] Failed to load resource: net::ERR_CONNECTION_REFUSED @ http://localhost:8602/_stcore/health:0
[  150356ms] [ERROR] Client Error in reaching server endpoint - No response received when attempting to reach /_stcore/health @ http://localhost:8602/static/js/index.ByR4Z2EF.js:37
[  150356ms] [ERROR] Is Streamlit still running? If you accidentally stopped Streamlit, just restart it in your terminal: @ http://localhost:8602/static/js/index.ByR4Z2EF.js:42
[  150356ms] [ERROR] Failed to load resource: net::ERR_CONNECTION_REFUSED @ http://localhost:8602/_stcore/host-config:0
[  153772ms] [ERROR] Failed to load resource: net::ERR_CONNECTION_REFUSED @ http://localhost:8602/_stcore/health:0
[  153772ms] [ERROR] Client Error in reaching server endpoint - No response received when attempting to reach /_stcore/health @ http://localhost:8602/static/js/index.ByR4Z2EF.js:37
[  153772ms] [ERROR] Is Streamlit still running? If you accidentally stopped Streamlit, just restart it in your terminal: @ http://localhost:8602/static/js/index.ByR4Z2EF.js:42
[  153772ms] [ERROR] Failed to load resource: net::ERR_CONNECTION_REFUSED @ http://localhost:8602/_stcore/host-config:0
[  156607ms] [ERROR] Failed to load resource: net::ERR_CONNECTION_REFUSED @ http://localhost:8602/_stcore/health:0
[  156607ms] [ERROR] Client Error in reaching server endpoint - No response received when attempting to reach /_stcore/health @ http://localhost:8602/static/js/index.ByR4Z2EF.js:37
[  156608ms] [ERROR] Is Streamlit still running? If you accidentally stopped Streamlit, just restart it in your terminal: @ http://localhost:8602/static/js/index.ByR4Z2EF.js:42
[  156608ms] [ERROR] Failed to load resource: net::ERR_CONNECTION_REFUSED @ http://localhost:8602/_stcore/host-config:0
[  160581ms] [ERROR] Failed to load resource: net::ERR_CONNECTION_REFUSED @ http://localhost:8602/_stcore/health:0
[  160582ms] [ERROR] Client Error in reaching server endpoint - No response received when attempting to reach /_stcore/health @ http://localhost:8602/static/js/index.ByR4Z2EF.js:37
[  160582ms] [ERROR] Is Streamlit still running? If you accidentally stopped Streamlit, just restart it in your terminal: @ http://localhost:8602/static/js/index.ByR4Z2EF.js:42
[  160582ms] [ERROR] Failed to load resource: net::ERR_CONNECTION_REFUSED @ http://localhost:8602/_stcore/host-config:0
[  164539ms] [ERROR] Failed to load resource: net::ERR_CONNECTION_REFUSED @ http://localhost:8602/_stcore/health:0
[  164539ms] [ERROR] Client Error in reaching server endpoint - No response received when attempting to reach /_stcore/health @ http://localhost:8602/static/js/index.ByR4Z2EF.js:37
[  164539ms] [ERROR] Is Streamlit still running? If you accidentally stopped Streamlit, just restart it in your terminal: @ http://localhost:8602/static/js/index.ByR4Z2EF.js:42
[  164539ms] [ERROR] Failed to load resource: net::ERR_CONNECTION_REFUSED @ http://localhost:8602/_stcore/host-config:0
[  167745ms] [ERROR] Failed to load resource: net::ERR_CONNECTION_REFUSED @ http://localhost:8602/_stcore/health:0
[  167745ms] [ERROR] Client Error in reaching server endpoint - No response received when attempting to reach /_stcore/health @ http://localhost:8602/static/js/index.ByR4Z2EF.js:37
[  167745ms] [ERROR] Is Streamlit still running? If you accidentally stopped Streamlit, just restart it in your terminal: @ http://localhost:8602/static/js/index.ByR4Z2EF.js:42
[  167745ms] [ERROR] Failed to load resource: net::ERR_CONNECTION_REFUSED @ http://localhost:8602/_stcore/host-config:0
[  170889ms] [ERROR] Failed to load resource: net::ERR_CONNECTION_REFUSED @ http://localhost:8602/_stcore/health:0
[  170889ms] [ERROR] Client Error in reaching server endpoint - No response received when attempting to reach /_stcore/health @ http://localhost:8602/static/js/index.ByR4Z2EF.js:37
[  170889ms] [ERROR] Is Streamlit still running? If you accidentally stopped Streamlit, just restart it in your terminal: @ http://localhost:8602/static/js/index.ByR4Z2EF.js:42
[  170890ms] [ERROR] Failed to load resource: net::ERR_CONNECTION_REFUSED @ http://localhost:8602/_stcore/host-config:0
[  174239ms] [ERROR] Failed to load resource: net::ERR_CONNECTION_REFUSED @ http://localhost:8602/_stcore/health:0
[  174239ms] [ERROR] Client Error in reaching server endpoint - No response received when attempting to reach /_stcore/health @ http://localhost:8602/static/js/index.ByR4Z2EF.js:37
[  174240ms] [ERROR] Is Streamlit still running? If you accidentally stopped Streamlit, just restart it in your terminal: @ http://localhost:8602/static/js/index.ByR4Z2EF.js:42
[  174240ms] [ERROR] Failed to load resource: net::ERR_CONNECTION_REFUSED @ http://localhost:8602/_stcore/host-config:0
[  177699ms] [ERROR] Failed to load resource: net::ERR_CONNECTION_REFUSED @ http://localhost:8602/_stcore/health:0
[  177700ms] [ERROR] Client Error in reaching server endpoint - No response received when attempting to reach /_stcore/health @ http://localhost:8602/static/js/index.ByR4Z2EF.js:37
[  177700ms] [ERROR] Is Streamlit still running? If you accidentally stopped Streamlit, just restart it in your terminal: @ http://localhost:8602/static/js/index.ByR4Z2EF.js:42
[  177700ms] [ERROR] Failed to load resource: net::ERR_CONNECTION_REFUSED @ http://localhost:8602/_stcore/host-config:0
[  181294ms] [ERROR] Failed to load resource: net::ERR_CONNECTION_REFUSED @ http://localhost:8602/_stcore/health:0
[  181295ms] [ERROR] Client Error in reaching server endpoint - No response received when attempting to reach /_stcore/health @ http://localhost:8602/static/js/index.ByR4Z2EF.js:37
[  181295ms] [ERROR] Is Streamlit still running? If you accidentally stopped Streamlit, just restart it in your terminal: @ http://localhost:8602/static/js/index.ByR4Z2EF.js:42
[  181295ms] [ERROR] Failed to load resource: net::ERR_CONNECTION_REFUSED @ http://localhost:8602/_stcore/host-config:0
[  185093ms] [ERROR] Failed to load resource: net::ERR_CONNECTION_REFUSED @ http://localhost:8602/_stcore/health:0
[  185093ms] [ERROR] Client Error in reaching server endpoint - No response received when attempting to reach /_stcore/health @ http://localhost:8602/static/js/index.ByR4Z2EF.js:37
[  185093ms] [ERROR] Is Streamlit still running? If you accidentally stopped Streamlit, just restart it in your terminal: @ http://localhost:8602/static/js/index.ByR4Z2EF.js:42
[  185093ms] [ERROR] Failed to load resource: net::ERR_CONNECTION_REFUSED @ http://localhost:8602/_stcore/host-config:0
[  188372ms] [ERROR] Failed to load resource: net::ERR_CONNECTION_REFUSED @ http://localhost:8602/_stcore/health:0
[  188372ms] [ERROR] Client Error in reaching server endpoint - No response received when attempting to reach /_stcore/health @ http://localhost:8602/static/js/index.ByR4Z2EF.js:37
[  188372ms] [ERROR] Is Streamlit still running? If you accidentally stopped Streamlit, just restart it in your terminal: @ http://localhost:8602/static/js/index.ByR4Z2EF.js:42
[  188397ms] [ERROR] Failed to load resource: net::ERR_CONNECTION_REFUSED @ http://localhost:8602/_stcore/host-config:0
[  191312ms] [ERROR] Failed to load resource: net::ERR_CONNECTION_REFUSED @ http://localhost:8602/_stcore/health:0
[  191312ms] [ERROR] Client Error in reaching server endpoint - No response received when attempting to reach /_stcore/health @ http://localhost:8602/static/js/index.ByR4Z2EF.js:37
[  191312ms] [ERROR] Is Streamlit still running? If you accidentally stopped Streamlit, just restart it in your terminal: @ http://localhost:8602/static/js/index.ByR4Z2EF.js:42
[  191313ms] [ERROR] Failed to load resource: net::ERR_CONNECTION_REFUSED @ http://localhost:8602/_stcore/host-config:0
[  195270ms] [ERROR] Failed to load resource: net::ERR_CONNECTION_REFUSED @ http://localhost:8602/_stcore/health:0
[  195270ms] [ERROR] Client Error in reaching server endpoint - No response received when attempting to reach /_stcore/health @ http://localhost:8602/static/js/index.ByR4Z2EF.js:37
[  195270ms] [ERROR] Is Streamlit still running? If you accidentally stopped Streamlit, just restart it in your terminal: @ http://localhost:8602/static/js/index.ByR4Z2EF.js:42
[  195271ms] [ERROR] Failed to load resource: net::ERR_CONNECTION_REFUSED @ http://localhost:8602/_stcore/host-config:0
[  198562ms] [ERROR] Failed to load resource: net::ERR_CONNECTION_REFUSED @ http://localhost:8602/_stcore/health:0
[  198562ms] [ERROR] Client Error in reaching server endpoint - No response received when attempting to reach /_stcore/health @ http://localhost:8602/static/js/index.ByR4Z2EF.js:37
[  198562ms] [ERROR] Is Streamlit still running? If you accidentally stopped Streamlit, just restart it in your terminal: @ http://localhost:8602/static/js/index.ByR4Z2EF.js:42
[  198562ms] [ERROR] Failed to load resource: net::ERR_CONNECTION_REFUSED @ http://localhost:8602/_stcore/host-config:0
[  202387ms] [ERROR] Failed to load resource: net::ERR_CONNECTION_REFUSED @ http://localhost:8602/_stcore/health:0
[  202387ms] [ERROR] Client Error in reaching server endpoint - No response received when attempting to reach /_stcore/health @ http://localhost:8602/static/js/index.ByR4Z2EF.js:37
[  202387ms] [ERROR] Is Streamlit still running? If you accidentally stopped Streamlit, just restart it in your terminal: @ http://localhost:8602/static/js/index.ByR4Z2EF.js:42
[  202387ms] [ERROR] Failed to load resource: net::ERR_CONNECTION_REFUSED @ http://localhost:8602/_stcore/host-config:0
[  205575ms] [ERROR] Failed to load resource: net::ERR_CONNECTION_REFUSED @ http://localhost:8602/_stcore/health:0
[  205575ms] [ERROR] Client Error in reaching server endpoint - No response received when attempting to reach /_stcore/health @ http://localhost:8602/static/js/index.ByR4Z2EF.js:37
[  205575ms] [ERROR] Is Streamlit still running? If you accidentally stopped Streamlit, just restart it in your terminal: @ http://localhost:8602/static/js/index.ByR4Z2EF.js:42
[  205576ms] [ERROR] Failed to load resource: net::ERR_CONNECTION_REFUSED @ http://localhost:8602/_stcore/host-config:0
[  208708ms] [ERROR] Failed to load resource: net::ERR_CONNECTION_REFUSED @ http://localhost:8602/_stcore/health:0
[  208708ms] [ERROR] Client Error in reaching server endpoint - No response received when attempting to reach /_stcore/health @ http://localhost:8602/static/js/index.ByR4Z2EF.js:37
[  208708ms] [ERROR] Is Streamlit still running? If you accidentally stopped Streamlit, just restart it in your terminal: @ http://localhost:8602/static/js/index.ByR4Z2EF.js:42
[  208708ms] [ERROR] Failed to load resource: net::ERR_CONNECTION_REFUSED @ http://localhost:8602/_stcore/host-config:0
[  212551ms] [ERROR] Failed to load resource: net::ERR_CONNECTION_REFUSED @ http://localhost:8602/_stcore/health:0
[  212551ms] [ERROR] Client Error in reaching server endpoint - No response received when attempting to reach /_stcore/health @ http://localhost:8602/static/js/index.ByR4Z2EF.js:37
[  212551ms] [ERROR] Is Streamlit still running? If you accidentally stopped Streamlit, just restart it in your terminal: @ http://localhost:8602/static/js/index.ByR4Z2EF.js:42
[  212551ms] [ERROR] Failed to load resource: net::ERR_CONNECTION_REFUSED @ http://localhost:8602/_stcore/host-config:0
[  215742ms] [ERROR] Failed to load resource: net::ERR_CONNECTION_REFUSED @ http://localhost:8602/_stcore/health:0
[  215742ms] [ERROR] Client Error in reaching server endpoint - No response received when attempting to reach /_stcore/health @ http://localhost:8602/static/js/index.ByR4Z2EF.js:37
[  215742ms] [ERROR] Is Streamlit still running? If you accidentally stopped Streamlit, just restart it in your terminal: @ http://localhost:8602/static/js/index.ByR4Z2EF.js:42
[  215742ms] [ERROR] Failed to load resource: net::ERR_CONNECTION_REFUSED @ http://localhost:8602/_stcore/host-config:0
[  218621ms] [ERROR] Failed to load resource: net::ERR_CONNECTION_REFUSED @ http://localhost:8602/_stcore/health:0
[  218621ms] [ERROR] Client Error in reaching server endpoint - No response received when attempting to reach /_stcore/health @ http://localhost:8602/static/js/index.ByR4Z2EF.js:37
[  218621ms] [ERROR] Is Streamlit still running? If you accidentally stopped Streamlit, just restart it in your terminal: @ http://localhost:8602/static/js/index.ByR4Z2EF.js:42
[  218621ms] [ERROR] Failed to load resource: net::ERR_CONNECTION_REFUSED @ http://localhost:8602/_stcore/host-config:0
[  222052ms] [ERROR] Failed to load resource: net::ERR_CONNECTION_REFUSED @ http://localhost:8602/_stcore/health:0
[  222052ms] [ERROR] Client Error in reaching server endpoint - No response received when attempting to reach /_stcore/health @ http://localhost:8602/static/js/index.ByR4Z2EF.js:37
[  222052ms] [ERROR] Is Streamlit still running? If you accidentally stopped Streamlit, just restart it in your terminal: @ http://localhost:8602/static/js/index.ByR4Z2EF.js:42
[  222053ms] [ERROR] Failed to load resource: net::ERR_CONNECTION_REFUSED @ http://localhost:8602/_stcore/host-config:0
[  224934ms] [ERROR] Failed to load resource: net::ERR_CONNECTION_REFUSED @ http://localhost:8602/_stcore/health:0
[  224934ms] [ERROR] Client Error in reaching server endpoint - No response received when attempting to reach /_stcore/health @ http://localhost:8602/static/js/index.ByR4Z2EF.js:37
[  224935ms] [ERROR] Is Streamlit still running? If you accidentally stopped Streamlit, just restart it in your terminal: @ http://localhost:8602/static/js/index.ByR4Z2EF.js:42
[  224935ms] [ERROR] Failed to load resource: net::ERR_CONNECTION_REFUSED @ http://localhost:8602/_stcore/host-config:0
[  228357ms] [ERROR] Failed to load resource: net::ERR_CONNECTION_REFUSED @ http://localhost:8602/_stcore/health:0
[  228357ms] [ERROR] Client Error in reaching server endpoint - No response received when attempting to reach /_stcore/health @ http://localhost:8602/static/js/index.ByR4Z2EF.js:37
[  228358ms] [ERROR] Is Streamlit still running? If you accidentally stopped Streamlit, just restart it in your terminal: @ http://localhost:8602/static/js/index.ByR4Z2EF.js:42
[  228358ms] [ERROR] Failed to load resource: net::ERR_CONNECTION_REFUSED @ http://localhost:8602/_stcore/host-config:0
[  232122ms] [ERROR] Failed to load resource: net::ERR_CONNECTION_REFUSED @ http://localhost:8602/_stcore/health:0
[  232122ms] [ERROR] Client Error in reaching server endpoint - No response received when attempting to reach /_stcore/health @ http://localhost:8602/static/js/index.ByR4Z2EF.js:37
[  232122ms] [ERROR] Is Streamlit still running? If you accidentally stopped Streamlit, just restart it in your terminal: @ http://localhost:8602/static/js/index.ByR4Z2EF.js:42
[  232122ms] [ERROR] Failed to load resource: net::ERR_CONNECTION_REFUSED @ http://localhost:8602/_stcore/host-config:0
[  235713ms] [ERROR] Failed to load resource: net::ERR_CONNECTION_REFUSED @ http://localhost:8602/_stcore/health:0
[  235713ms] [ERROR] Client Error in reaching server endpoint - No response received when attempting to reach /_stcore/health @ http://localhost:8602/static/js/index.ByR4Z2EF.js:37
[  235713ms] [ERROR] Is Streamlit still running? If you accidentally stopped Streamlit, just restart it in your terminal: @ http://localhost:8602/static/js/index.ByR4Z2EF.js:42
[  235713ms] [ERROR] Failed to load resource: net::ERR_CONNECTION_REFUSED @ http://localhost:8602/_stcore/host-config:0
[  238528ms] [ERROR] Failed to load resource: net::ERR_CONNECTION_REFUSED @ http://localhost:8602/_stcore/health:0
[  238528ms] [ERROR] Client Error in reaching server endpoint - No response received when attempting to reach /_stcore/health @ http://localhost:8602/static/js/index.ByR4Z2EF.js:37
[  238528ms] [ERROR] Is Streamlit still running? If you accidentally stopped Streamlit, just restart it in your terminal: @ http://localhost:8602/static/js/index.ByR4Z2EF.js:42
[  238528ms] [ERROR] Failed to load resource: net::ERR_CONNECTION_REFUSED @ http://localhost:8602/_stcore/host-config:0
[  241372ms] [ERROR] Failed to load resource: net::ERR_CONNECTION_REFUSED @ http://localhost:8602/_stcore/health:0
[  241372ms] [ERROR] Client Error in reaching server endpoint - No response received when attempting to reach /_stcore/health @ http://localhost:8602/static/js/index.ByR4Z2EF.js:37
[  241372ms] [ERROR] Is Streamlit still running? If you accidentally stopped Streamlit, just restart it in your terminal: @ http://localhost:8602/static/js/index.ByR4Z2EF.js:42
[  241373ms] [ERROR] Failed to load resource: net::ERR_CONNECTION_REFUSED @ http://localhost:8602/_stcore/host-config:0
[  245099ms] [ERROR] Failed to load resource: net::ERR_CONNECTION_REFUSED @ http://localhost:8602/_stcore/health:0
[  245099ms] [ERROR] Client Error in reaching server endpoint - No response received when attempting to reach /_stcore/health @ http://localhost:8602/static/js/index.ByR4Z2EF.js:37
[  245099ms] [ERROR] Is Streamlit still running? If you accidentally stopped Streamlit, just restart it in your terminal: @ http://localhost:8602/static/js/index.ByR4Z2EF.js:42
[  245099ms] [ERROR] Failed to load resource: net::ERR_CONNECTION_REFUSED @ http://localhost:8602/_stcore/host-config:0
[  248452ms] [ERROR] Failed to load resource: net::ERR_CONNECTION_REFUSED @ http://localhost:8602/_stcore/health:0
[  248452ms] [ERROR] Client Error in reaching server endpoint - No response received when attempting to reach /_stcore/health @ http://localhost:8602/static/js/index.ByR4Z2EF.js:37
[  248452ms] [ERROR] Is Streamlit still running? If you accidentally stopped Streamlit, just restart it in your terminal: @ http://localhost:8602/static/js/index.ByR4Z2EF.js:42
[  248452ms] [ERROR] Failed to load resource: net::ERR_CONNECTION_REFUSED @ http://localhost:8602/_stcore/host-config:0
[  252215ms] [ERROR] Failed to load resource: net::ERR_CONNECTION_REFUSED @ http://localhost:8602/_stcore/health:0
[  252215ms] [ERROR] Client Error in reaching server endpoint - No response received when attempting to reach /_stcore/health @ http://localhost:8602/static/js/index.ByR4Z2EF.js:37
[  252215ms] [ERROR] Is Streamlit still running? If you accidentally stopped Streamlit, just restart it in your terminal: @ http://localhost:8602/static/js/index.ByR4Z2EF.js:42
[  252215ms] [ERROR] Failed to load resource: net::ERR_CONNECTION_REFUSED @ http://localhost:8602/_stcore/host-config:0
[  255104ms] [ERROR] Failed to load resource: net::ERR_CONNECTION_REFUSED @ http://localhost:8602/_stcore/health:0
[  255104ms] [ERROR] Client Error in reaching server endpoint - No response received when attempting to reach /_stcore/health @ http://localhost:8602/static/js/index.ByR4Z2EF.js:37
[  255104ms] [ERROR] Is Streamlit still running? If you accidentally stopped Streamlit, just restart it in your terminal: @ http://localhost:8602/static/js/index.ByR4Z2EF.js:42
[  255113ms] [ERROR] Failed to load resource: net::ERR_CONNECTION_REFUSED @ http://localhost:8602/_stcore/host-config:0
[  259079ms] [ERROR] Failed to load resource: net::ERR_CONNECTION_REFUSED @ http://localhost:8602/_stcore/health:0
[  259080ms] [ERROR] Client Error in reaching server endpoint - No response received when attempting to reach /_stcore/health @ http://localhost:8602/static/js/index.ByR4Z2EF.js:37
[  259080ms] [ERROR] Is Streamlit still running? If you accidentally stopped Streamlit, just restart it in your terminal: @ http://localhost:8602/static/js/index.ByR4Z2EF.js:42
[  259080ms] [ERROR] Failed to load resource: net::ERR_CONNECTION_REFUSED @ http://localhost:8602/_stcore/host-config:0
[  262484ms] [ERROR] Failed to load resource: net::ERR_CONNECTION_REFUSED @ http://localhost:8602/_stcore/health:0
[  262485ms] [ERROR] Client Error in reaching server endpoint - No response received when attempting to reach /_stcore/health @ http://localhost:8602/static/js/index.ByR4Z2EF.js:37
[  262485ms] [ERROR] Is Streamlit still running? If you accidentally stopped Streamlit, just restart it in your terminal: @ http://localhost:8602/static/js/index.ByR4Z2EF.js:42
[  262485ms] [ERROR] Failed to load resource: net::ERR_CONNECTION_REFUSED @ http://localhost:8602/_stcore/host-config:0
[  265881ms] [ERROR] Failed to load resource: net::ERR_CONNECTION_REFUSED @ http://localhost:8602/_stcore/health:0
[  265881ms] [ERROR] Client Error in reaching server endpoint - No response received when attempting to reach /_stcore/health @ http://localhost:8602/static/js/index.ByR4Z2EF.js:37
[  265881ms] [ERROR] Is Streamlit still running? If you accidentally stopped Streamlit, just restart it in your terminal: @ http://localhost:8602/static/js/index.ByR4Z2EF.js:42
[  265881ms] [ERROR] Failed to load resource: net::ERR_CONNECTION_REFUSED @ http://localhost:8602/_stcore/host-config:0
[  269672ms] [ERROR] Failed to load resource: net::ERR_CONNECTION_REFUSED @ http://localhost:8602/_stcore/health:0
[  269672ms] [ERROR] Client Error in reaching server endpoint - No response received when attempting to reach /_stcore/health @ http://localhost:8602/static/js/index.ByR4Z2EF.js:37
[  269672ms] [ERROR] Is Streamlit still running? If you accidentally stopped Streamlit, just restart it in your terminal: @ http://localhost:8602/static/js/index.ByR4Z2EF.js:42
[  269672ms] [ERROR] Failed to load resource: net::ERR_CONNECTION_REFUSED @ http://localhost:8602/_stcore/host-config:0
[  272767ms] [ERROR] Failed to load resource: net::ERR_CONNECTION_REFUSED @ http://localhost:8602/_stcore/health:0
[  272767ms] [ERROR] Client Error in reaching server endpoint - No response received when attempting to reach /_stcore/health @ http://localhost:8602/static/js/index.ByR4Z2EF.js:37
[  272767ms] [ERROR] Is Streamlit still running? If you accidentally stopped Streamlit, just restart it in your terminal: @ http://localhost:8602/static/js/index.ByR4Z2EF.js:42
[  272767ms] [ERROR] Failed to load resource: net::ERR_CONNECTION_REFUSED @ http://localhost:8602/_stcore/host-config:0
[  276562ms] [ERROR] Failed to load resource: net::ERR_CONNECTION_REFUSED @ http://localhost:8602/_stcore/health:0
[  276562ms] [ERROR] Client Error in reaching server endpoint - No response received when attempting to reach /_stcore/health @ http://localhost:8602/static/js/index.ByR4Z2EF.js:37
[  276562ms] [ERROR] Is Streamlit still running? If you accidentally stopped Streamlit, just restart it in your terminal: @ http://localhost:8602/static/js/index.ByR4Z2EF.js:42
[  276562ms] [ERROR] Failed to load resource: net::ERR_CONNECTION_REFUSED @ http://localhost:8602/_stcore/host-config:0
[  280270ms] [ERROR] Failed to load resource: net::ERR_CONNECTION_REFUSED @ http://localhost:8602/_stcore/health:0
[  280271ms] [ERROR] Client Error in reaching server endpoint - No response received when attempting to reach /_stcore/health @ http://localhost:8602/static/js/index.ByR4Z2EF.js:37
[  280271ms] [ERROR] Is Streamlit still running? If you accidentally stopped Streamlit, just restart it in your terminal: @ http://localhost:8602/static/js/index.ByR4Z2EF.js:42
[  280271ms] [ERROR] Failed to load resource: net::ERR_CONNECTION_REFUSED @ http://localhost:8602/_stcore/host-config:0
[  284131ms] [ERROR] Failed to load resource: net::ERR_CONNECTION_REFUSED @ http://localhost:8602/_stcore/health:0
[  284131ms] [ERROR] Client Error in reaching server endpoint - No response received when attempting to reach /_stcore/health @ http://localhost:8602/static/js/index.ByR4Z2EF.js:37
[  284131ms] [ERROR] Is Streamlit still running? If you accidentally stopped Streamlit, just restart it in your terminal: @ http://localhost:8602/static/js/index.ByR4Z2EF.js:42
[  284131ms] [ERROR] Failed to load resource: net::ERR_CONNECTION_REFUSED @ http://localhost:8602/_stcore/host-config:0
[  287847ms] [ERROR] Failed to load resource: net::ERR_CONNECTION_REFUSED @ http://localhost:8602/_stcore/health:0
[  287847ms] [ERROR] Client Error in reaching server endpoint - No response received when attempting to reach /_stcore/health @ http://localhost:8602/static/js/index.ByR4Z2EF.js:37
[  287848ms] [ERROR] Is Streamlit still running? If you accidentally stopped Streamlit, just restart it in your terminal: @ http://localhost:8602/static/js/index.ByR4Z2EF.js:42
[  287848ms] [ERROR] Failed to load resource: net::ERR_CONNECTION_REFUSED @ http://localhost:8602/_stcore/host-config:0
[  290708ms] [ERROR] Failed to load resource: net::ERR_CONNECTION_REFUSED @ http://localhost:8602/_stcore/health:0
[  290708ms] [ERROR] Client Error in reaching server endpoint - No response received when attempting to reach /_stcore/health @ http://localhost:8602/static/js/index.ByR4Z2EF.js:37
[  290708ms] [ERROR] Is Streamlit still running? If you accidentally stopped Streamlit, just restart it in your terminal: @ http://localhost:8602/static/js/index.ByR4Z2EF.js:42
[  290708ms] [ERROR] Failed to load resource: net::ERR_CONNECTION_REFUSED @ http://localhost:8602/_stcore/host-config:0
[  294035ms] [ERROR] Failed to load resource: net::ERR_CONNECTION_REFUSED @ http://localhost:8602/_stcore/health:0
[  294035ms] [ERROR] Client Error in reaching server endpoint - No response received when attempting to reach /_stcore/health @ http://localhost:8602/static/js/index.ByR4Z2EF.js:37
[  294035ms] [ERROR] Is Streamlit still running? If you accidentally stopped Streamlit, just restart it in your terminal: @ http://localhost:8602/static/js/index.ByR4Z2EF.js:42
[  294051ms] [ERROR] Failed to load resource: net::ERR_CONNECTION_REFUSED @ http://localhost:8602/_stcore/host-config:0
[  297324ms] [ERROR] Failed to load resource: net::ERR_CONNECTION_REFUSED @ http://localhost:8602/_stcore/health:0
[  297325ms] [ERROR] Client Error in reaching server endpoint - No response received when attempting to reach /_stcore/health @ http://localhost:8602/static/js/index.ByR4Z2EF.js:37
[  297325ms] [ERROR] Is Streamlit still running? If you accidentally stopped Streamlit, just restart it in your terminal: @ http://localhost:8602/static/js/index.ByR4Z2EF.js:42
[  297325ms] [ERROR] Failed to load resource: net::ERR_CONNECTION_REFUSED @ http://localhost:8602/_stcore/host-config:0
[  300985ms] [ERROR] Failed to load resource: net::ERR_CONNECTION_REFUSED @ http://localhost:8602/_stcore/health:0
[  300985ms] [ERROR] Client Error in reaching server endpoint - No response received when attempting to reach /_stcore/health @ http://localhost:8602/static/js/index.ByR4Z2EF.js:37
[  300985ms] [ERROR] Is Streamlit still running? If you accidentally stopped Streamlit, just restart it in your terminal: @ http://localhost:8602/static/js/index.ByR4Z2EF.js:42
[  300986ms] [ERROR] Failed to load resource: net::ERR_CONNECTION_REFUSED @ http://localhost:8602/_stcore/host-config:0
[  303881ms] [ERROR] Failed to load resource: net::ERR_CONNECTION_REFUSED @ http://localhost:8602/_stcore/health:0
[  303881ms] [ERROR] Client Error in reaching server endpoint - No response received when attempting to reach /_stcore/health @ http://localhost:8602/static/js/index.ByR4Z2EF.js:37
[  303882ms] [ERROR] Is Streamlit still running? If you accidentally stopped Streamlit, just restart it in your terminal: @ http://localhost:8602/static/js/index.ByR4Z2EF.js:42
[  303882ms] [ERROR] Failed to load resource: net::ERR_CONNECTION_REFUSED @ http://localhost:8602/_stcore/host-config:0
[  307356ms] [ERROR] Failed to load resource: net::ERR_CONNECTION_REFUSED @ http://localhost:8602/_stcore/health:0
[  307356ms] [ERROR] Client Error in reaching server endpoint - No response received when attempting to reach /_stcore/health @ http://localhost:8602/static/js/index.ByR4Z2EF.js:37
[  307357ms] [ERROR] Is Streamlit still running? If you accidentally stopped Streamlit, just restart it in your terminal: @ http://localhost:8602/static/js/index.ByR4Z2EF.js:42
[  307357ms] [ERROR] Failed to load resource: net::ERR_CONNECTION_REFUSED @ http://localhost:8602/_stcore/host-config:0
[  310589ms] [ERROR] Failed to load resource: net::ERR_CONNECTION_REFUSED @ http://localhost:8602/_stcore/health:0
[  310589ms] [ERROR] Client Error in reaching server endpoint - No response received when attempting to reach /_stcore/health @ http://localhost:8602/static/js/index.ByR4Z2EF.js:37
[  310589ms] [ERROR] Is Streamlit still running? If you accidentally stopped Streamlit, just restart it in your terminal: @ http://localhost:8602/static/js/index.ByR4Z2EF.js:42
[  310589ms] [ERROR] Failed to load resource: net::ERR_CONNECTION_REFUSED @ http://localhost:8602/_stcore/host-config:0
[  313993ms] [ERROR] Failed to load resource: net::ERR_CONNECTION_REFUSED @ http://localhost:8602/_stcore/health:0
[  313993ms] [ERROR] Client Error in reaching server endpoint - No response received when attempting to reach /_stcore/health @ http://localhost:8602/static/js/index.ByR4Z2EF.js:37
[  313993ms] [ERROR] Is Streamlit still running? If you accidentally stopped Streamlit, just restart it in your terminal: @ http://localhost:8602/static/js/index.ByR4Z2EF.js:42
[  313994ms] [ERROR] Failed to load resource: net::ERR_CONNECTION_REFUSED @ http://localhost:8602/_stcore/host-config:0
[  317817ms] [ERROR] Failed to load resource: net::ERR_CONNECTION_REFUSED @ http://localhost:8602/_stcore/health:0
[  317817ms] [ERROR] Client Error in reaching server endpoint - No response received when attempting to reach /_stcore/health @ http://localhost:8602/static/js/index.ByR4Z2EF.js:37
[  317817ms] [ERROR] Is Streamlit still running? If you accidentally stopped Streamlit, just restart it in your terminal: @ http://localhost:8602/static/js/index.ByR4Z2EF.js:42
[  317818ms] [ERROR] Failed to load resource: net::ERR_CONNECTION_REFUSED @ http://localhost:8602/_stcore/host-config:0
[  321594ms] [ERROR] Failed to load resource: net::ERR_CONNECTION_REFUSED @ http://localhost:8602/_stcore/health:0
[  321594ms] [ERROR] Client Error in reaching server endpoint - No response received when attempting to reach /_stcore/health @ http://localhost:8602/static/js/index.ByR4Z2EF.js:37
[  321594ms] [ERROR] Is Streamlit still running? If you accidentally stopped Streamlit, just restart it in your terminal: @ http://localhost:8602/static/js/index.ByR4Z2EF.js:42
[  321594ms] [ERROR] Failed to load resource: net::ERR_CONNECTION_REFUSED @ http://localhost:8602/_stcore/host-config:0
[  325128ms] [ERROR] Failed to load resource: net::ERR_CONNECTION_REFUSED @ http://localhost:8602/_stcore/health:0
[  325128ms] [ERROR] Client Error in reaching server endpoint - No response received when attempting to reach /_stcore/health @ http://localhost:8602/static/js/index.ByR4Z2EF.js:37
[  325129ms] [ERROR] Is Streamlit still running? If you accidentally stopped Streamlit, just restart it in your terminal: @ http://localhost:8602/static/js/index.ByR4Z2EF.js:42
[  325129ms] [ERROR] Failed to load resource: net::ERR_CONNECTION_REFUSED @ http://localhost:8602/_stcore/host-config:0
[  328671ms] [ERROR] Failed to load resource: net::ERR_CONNECTION_REFUSED @ http://localhost:8602/_stcore/health:0
[  328671ms] [ERROR] Client Error in reaching server endpoint - No response received when attempting to reach /_stcore/health @ http://localhost:8602/static/js/index.ByR4Z2EF.js:37
[  328671ms] [ERROR] Is Streamlit still running? If you accidentally stopped Streamlit, just restart it in your terminal: @ http://localhost:8602/static/js/index.ByR4Z2EF.js:42
[  328671ms] [ERROR] Failed to load resource: net::ERR_CONNECTION_REFUSED @ http://localhost:8602/_stcore/host-config:0
[  331719ms] [ERROR] Failed to load resource: net::ERR_CONNECTION_REFUSED @ http://localhost:8602/_stcore/health:0
[  331719ms] [ERROR] Client Error in reaching server endpoint - No response received when attempting to reach /_stcore/health @ http://localhost:8602/static/js/index.ByR4Z2EF.js:37
[  331719ms] [ERROR] Is Streamlit still running? If you accidentally stopped Streamlit, just restart it in your terminal: @ http://localhost:8602/static/js/index.ByR4Z2EF.js:42
[  331719ms] [ERROR] Failed to load resource: net::ERR_CONNECTION_REFUSED @ http://localhost:8602/_stcore/host-config:0
[  335668ms] [ERROR] Failed to load resource: net::ERR_CONNECTION_REFUSED @ http://localhost:8602/_stcore/health:0
[  335668ms] [ERROR] Client Error in reaching server endpoint - No response received when attempting to reach /_stcore/health @ http://localhost:8602/static/js/index.ByR4Z2EF.js:37
[  335668ms] [ERROR] Is Streamlit still running? If you accidentally stopped Streamlit, just restart it in your terminal: @ http://localhost:8602/static/js/index.ByR4Z2EF.js:42
[  335668ms] [ERROR] Failed to load resource: net::ERR_CONNECTION_REFUSED @ http://localhost:8602/_stcore/host-config:0
[  339630ms] [ERROR] Failed to load resource: net::ERR_CONNECTION_REFUSED @ http://localhost:8602/_stcore/health:0
[  339630ms] [ERROR] Client Error in reaching server endpoint - No response received when attempting to reach /_stcore/health @ http://localhost:8602/static/js/index.ByR4Z2EF.js:37
[  339630ms] [ERROR] Is Streamlit still running? If you accidentally stopped Streamlit, just restart it in your terminal: @ http://localhost:8602/static/js/index.ByR4Z2EF.js:42
[  339631ms] [ERROR] Failed to load resource: net::ERR_CONNECTION_REFUSED @ http://localhost:8602/_stcore/host-config:0
[  342502ms] [ERROR] Failed to load resource: net::ERR_CONNECTION_REFUSED @ http://localhost:8602/_stcore/health:0
[  342502ms] [ERROR] Client Error in reaching server endpoint - No response received when attempting to reach /_stcore/health @ http://localhost:8602/static/js/index.ByR4Z2EF.js:37
[  342502ms] [ERROR] Is Streamlit still running? If you accidentally stopped Streamlit, just restart it in your terminal: @ http://localhost:8602/static/js/index.ByR4Z2EF.js:42
[  342502ms] [ERROR] Failed to load resource: net::ERR_CONNECTION_REFUSED @ http://localhost:8602/_stcore/host-config:0
[  346032ms] [ERROR] Failed to load resource: net::ERR_CONNECTION_REFUSED @ http://localhost:8602/_stcore/health:0
[  346032ms] [ERROR] Client Error in reaching server endpoint - No response received when attempting to reach /_stcore/health @ http://localhost:8602/static/js/index.ByR4Z2EF.js:37
[  346032ms] [ERROR] Is Streamlit still running? If you accidentally stopped Streamlit, just restart it in your terminal: @ http://localhost:8602/static/js/index.ByR4Z2EF.js:42
[  346032ms] [ERROR] Failed to load resource: net::ERR_CONNECTION_REFUSED @ http://localhost:8602/_stcore/host-config:0
[  350022ms] [ERROR] Failed to load resource: net::ERR_CONNECTION_REFUSED @ http://localhost:8602/_stcore/health:0
[  350023ms] [ERROR] Client Error in reaching server endpoint - No response received when attempting to reach /_stcore/health @ http://localhost:8602/static/js/index.ByR4Z2EF.js:37
[  350023ms] [ERROR] Is Streamlit still running? If you accidentally stopped Streamlit, just restart it in your terminal: @ http://localhost:8602/static/js/index.ByR4Z2EF.js:42
[  350023ms] [ERROR] Failed to load resource: net::ERR_CONNECTION_REFUSED @ http://localhost:8602/_stcore/host-config:0
[  353739ms] [ERROR] Failed to load resource: net::ERR_CONNECTION_REFUSED @ http://localhost:8602/_stcore/health:0
[  353740ms] [ERROR] Client Error in reaching server endpoint - No response received when attempting to reach /_stcore/health @ http://localhost:8602/static/js/index.ByR4Z2EF.js:37
[  353740ms] [ERROR] Is Streamlit still running? If you accidentally stopped Streamlit, just restart it in your terminal: @ http://localhost:8602/static/js/index.ByR4Z2EF.js:42
[  353740ms] [ERROR] Failed to load resource: net::ERR_CONNECTION_REFUSED @ http://localhost:8602/_stcore/host-config:0
[  356614ms] [ERROR] Failed to load resource: net::ERR_CONNECTION_REFUSED @ http://localhost:8602/_stcore/health:0
[  356614ms] [ERROR] Client Error in reaching server endpoint - No response received when attempting to reach /_stcore/health @ http://localhost:8602/static/js/index.ByR4Z2EF.js:37
[  356614ms] [ERROR] Is Streamlit still running? If you accidentally stopped Streamlit, just restart it in your terminal: @ http://localhost:8602/static/js/index.ByR4Z2EF.js:42
[  356615ms] [ERROR] Failed to load resource: net::ERR_CONNECTION_REFUSED @ http://localhost:8602/_stcore/host-config:0
[  360449ms] [ERROR] Failed to load resource: net::ERR_CONNECTION_REFUSED @ http://localhost:8602/_stcore/health:0
[  360449ms] [ERROR] Client Error in reaching server endpoint - No response received when attempting to reach /_stcore/health @ http://localhost:8602/static/js/index.ByR4Z2EF.js:37
[  360449ms] [ERROR] Is Streamlit still running? If you accidentally stopped Streamlit, just restart it in your terminal: @ http://localhost:8602/static/js/index.ByR4Z2EF.js:42
[  360450ms] [ERROR] Failed to load resource: net::ERR_CONNECTION_REFUSED @ http://localhost:8602/_stcore/host-config:0
[  363784ms] [ERROR] Failed to load resource: net::ERR_CONNECTION_REFUSED @ http://localhost:8602/_stcore/health:0
[  363784ms] [ERROR] Client Error in reaching server endpoint - No response received when attempting to reach /_stcore/health @ http://localhost:8602/static/js/index.ByR4Z2EF.js:37
[  363784ms] [ERROR] Is Streamlit still running? If you accidentally stopped Streamlit, just restart it in your terminal: @ http://localhost:8602/static/js/index.ByR4Z2EF.js:42
[  363784ms] [ERROR] Failed to load resource: net::ERR_CONNECTION_REFUSED @ http://localhost:8602/_stcore/host-config:0
[  367194ms] [ERROR] Failed to load resource: net::ERR_CONNECTION_REFUSED @ http://localhost:8602/_stcore/health:0
[  367194ms] [ERROR] Client Error in reaching server endpoint - No response received when attempting to reach /_stcore/health @ http://localhost:8602/static/js/index.ByR4Z2EF.js:37
[  367194ms] [ERROR] Is Streamlit still running? If you accidentally stopped Streamlit, just restart it in your terminal: @ http://localhost:8602/static/js/index.ByR4Z2EF.js:42
[  367194ms] [ERROR] Failed to load resource: net::ERR_CONNECTION_REFUSED @ http://localhost:8602/_stcore/host-config:0
[  370949ms] [ERROR] Failed to load resource: net::ERR_CONNECTION_REFUSED @ http://localhost:8602/_stcore/health:0
[  370949ms] [ERROR] Client Error in reaching server endpoint - No response received when attempting to reach /_stcore/health @ http://localhost:8602/static/js/index.ByR4Z2EF.js:37
[  370949ms] [ERROR] Is Streamlit still running? If you accidentally stopped Streamlit, just restart it in your terminal: @ http://localhost:8602/static/js/index.ByR4Z2EF.js:42
[  370949ms] [ERROR] Failed to load resource: net::ERR_CONNECTION_REFUSED @ http://localhost:8602/_stcore/host-config:0
[  374043ms] [ERROR] Failed to load resource: net::ERR_CONNECTION_REFUSED @ http://localhost:8602/_stcore/health:0
[  374043ms] [ERROR] Client Error in reaching server endpoint - No response received when attempting to reach /_stcore/health @ http://localhost:8602/static/js/index.ByR4Z2EF.js:37
[  374043ms] [ERROR] Is Streamlit still running? If you accidentally stopped Streamlit, just restart it in your terminal: @ http://localhost:8602/static/js/index.ByR4Z2EF.js:42
[  374044ms] [ERROR] Failed to load resource: net::ERR_CONNECTION_REFUSED @ http://localhost:8602/_stcore/host-config:0
[  377701ms] [ERROR] Failed to load resource: net::ERR_CONNECTION_REFUSED @ http://localhost:8602/_stcore/health:0
[  377701ms] [ERROR] Client Error in reaching server endpoint - No response received when attempting to reach /_stcore/health @ http://localhost:8602/static/js/index.ByR4Z2EF.js:37
[  377701ms] [ERROR] Is Streamlit still running? If you accidentally stopped Streamlit, just restart it in your terminal: @ http://localhost:8602/static/js/index.ByR4Z2EF.js:42
[  377701ms] [ERROR] Failed to load resource: net::ERR_CONNECTION_REFUSED @ http://localhost:8602/_stcore/host-config:0
[  381103ms] [ERROR] Failed to load resource: net::ERR_CONNECTION_REFUSED @ http://localhost:8602/_stcore/health:0
[  381103ms] [ERROR] Client Error in reaching server endpoint - No response received when attempting to reach /_stcore/health @ http://localhost:8602/static/js/index.ByR4Z2EF.js:37
[  381103ms] [ERROR] Is Streamlit still running? If you accidentally stopped Streamlit, just restart it in your terminal: @ http://localhost:8602/static/js/index.ByR4Z2EF.js:42
[  381103ms] [ERROR] Failed to load resource: net::ERR_CONNECTION_REFUSED @ http://localhost:8602/_stcore/host-config:0
[  384325ms] [ERROR] Failed to load resource: net::ERR_CONNECTION_REFUSED @ http://localhost:8602/_stcore/health:0
[  384325ms] [ERROR] Client Error in reaching server endpoint - No response received when attempting to reach /_stcore/health @ http://localhost:8602/static/js/index.ByR4Z2EF.js:37
[  384325ms] [ERROR] Is Streamlit still running? If you accidentally stopped Streamlit, just restart it in your terminal: @ http://localhost:8602/static/js/index.ByR4Z2EF.js:42
[  384325ms] [ERROR] Failed to load resource: net::ERR_CONNECTION_REFUSED @ http://localhost:8602/_stcore/host-config:0
[  387245ms] [ERROR] Failed to load resource: net::ERR_CONNECTION_REFUSED @ http://localhost:8602/_stcore/health:0
[  387245ms] [ERROR] Client Error in reaching server endpoint - No response received when attempting to reach /_stcore/health @ http://localhost:8602/static/js/index.ByR4Z2EF.js:37
[  387246ms] [ERROR] Is Streamlit still running? If you accidentally stopped Streamlit, just restart it in your terminal: @ http://localhost:8602/static/js/index.ByR4Z2EF.js:42
[  387246ms] [ERROR] Failed to load resource: net::ERR_CONNECTION_REFUSED @ http://localhost:8602/_stcore/host-config:0
[  390925ms] [ERROR] Failed to load resource: net::ERR_CONNECTION_REFUSED @ http://localhost:8602/_stcore/health:0
[  390925ms] [ERROR] Client Error in reaching server endpoint - No response received when attempting to reach /_stcore/health @ http://localhost:8602/static/js/index.ByR4Z2EF.js:37
[  390925ms] [ERROR] Is Streamlit still running? If you accidentally stopped Streamlit, just restart it in your terminal: @ http://localhost:8602/static/js/index.ByR4Z2EF.js:42
[  390925ms] [ERROR] Failed to load resource: net::ERR_CONNECTION_REFUSED @ http://localhost:8602/_stcore/host-config:0
[  393917ms] [ERROR] Failed to load resource: net::ERR_CONNECTION_REFUSED @ http://localhost:8602/_stcore/health:0
[  393917ms] [ERROR] Client Error in reaching server endpoint - No response received when attempting to reach /_stcore/health @ http://localhost:8602/static/js/index.ByR4Z2EF.js:37
[  393917ms] [ERROR] Is Streamlit still running? If you accidentally stopped Streamlit, just restart it in your terminal: @ http://localhost:8602/static/js/index.ByR4Z2EF.js:42
[  393918ms] [ERROR] Failed to load resource: net::ERR_CONNECTION_REFUSED @ http://localhost:8602/_stcore/host-config:0
[  397604ms] [ERROR] Failed to load resource: net::ERR_CONNECTION_REFUSED @ http://localhost:8602/_stcore/health:0
[  397604ms] [ERROR] Client Error in reaching server endpoint - No response received when attempting to reach /_stcore/health @ http://localhost:8602/static/js/index.ByR4Z2EF.js:37
[  397604ms] [ERROR] Is Streamlit still running? If you accidentally stopped Streamlit, just restart it in your terminal: @ http://localhost:8602/static/js/index.ByR4Z2EF.js:42
[  397604ms] [ERROR] Failed to load resource: net::ERR_CONNECTION_REFUSED @ http://localhost:8602/_stcore/host-config:0
[  400575ms] [ERROR] Failed to load resource: net::ERR_CONNECTION_REFUSED @ http://localhost:8602/_stcore/health:0
[  400575ms] [ERROR] Client Error in reaching server endpoint - No response received when attempting to reach /_stcore/health @ http://localhost:8602/static/js/index.ByR4Z2EF.js:37
[  400576ms] [ERROR] Is Streamlit still running? If you accidentally stopped Streamlit, just restart it in your terminal: @ http://localhost:8602/static/js/index.ByR4Z2EF.js:42
[  400576ms] [ERROR] Failed to load resource: net::ERR_CONNECTION_REFUSED @ http://localhost:8602/_stcore/host-config:0
[  404355ms] [ERROR] Failed to load resource: net::ERR_CONNECTION_REFUSED @ http://localhost:8602/_stcore/health:0
[  404355ms] [ERROR] Client Error in reaching server endpoint - No response received when attempting to reach /_stcore/health @ http://localhost:8602/static/js/index.ByR4Z2EF.js:37
[  404355ms] [ERROR] Is Streamlit still running? If you accidentally stopped Streamlit, just restart it in your terminal: @ http://localhost:8602/static/js/index.ByR4Z2EF.js:42
[  404355ms] [ERROR] Failed to load resource: net::ERR_CONNECTION_REFUSED @ http://localhost:8602/_stcore/host-config:0
[  408004ms] [ERROR] Failed to load resource: net::ERR_CONNECTION_REFUSED @ http://localhost:8602/_stcore/health:0
[  408004ms] [ERROR] Client Error in reaching server endpoint - No response received when attempting to reach /_stcore/health @ http://localhost:8602/static/js/index.ByR4Z2EF.js:37
[  408004ms] [ERROR] Is Streamlit still running? If you accidentally stopped Streamlit, just restart it in your terminal: @ http://localhost:8602/static/js/index.ByR4Z2EF.js:42
[  408004ms] [ERROR] Failed to load resource: net::ERR_CONNECTION_REFUSED @ http://localhost:8602/_stcore/host-config:0
[  411515ms] [ERROR] Failed to load resource: net::ERR_CONNECTION_REFUSED @ http://localhost:8602/_stcore/health:0
[  411515ms] [ERROR] Client Error in reaching server endpoint - No response received when attempting to reach /_stcore/health @ http://localhost:8602/static/js/index.ByR4Z2EF.js:37
[  411516ms] [ERROR] Is Streamlit still running? If you accidentally stopped Streamlit, just restart it in your terminal: @ http://localhost:8602/static/js/index.ByR4Z2EF.js:42
[  411516ms] [ERROR] Failed to load resource: net::ERR_CONNECTION_REFUSED @ http://localhost:8602/_stcore/host-config:0
[  414535ms] [ERROR] Failed to load resource: net::ERR_CONNECTION_REFUSED @ http://localhost:8602/_stcore/health:0
[  414535ms] [ERROR] Client Error in reaching server endpoint - No response received when attempting to reach /_stcore/health @ http://localhost:8602/static/js/index.ByR4Z2EF.js:37
[  414535ms] [ERROR] Is Streamlit still running? If you accidentally stopped Streamlit, just restart it in your terminal: @ http://localhost:8602/static/js/index.ByR4Z2EF.js:42
[  414535ms] [ERROR] Failed to load resource: net::ERR_CONNECTION_REFUSED @ http://localhost:8602/_stcore/host-config:0
[  418450ms] [ERROR] Failed to load resource: net::ERR_CONNECTION_REFUSED @ http://localhost:8602/_stcore/health:0
[  418450ms] [ERROR] Client Error in reaching server endpoint - No response received when attempting to reach /_stcore/health @ http://localhost:8602/static/js/index.ByR4Z2EF.js:37
[  418450ms] [ERROR] Is Streamlit still running? If you accidentally stopped Streamlit, just restart it in your terminal: @ http://localhost:8602/static/js/index.ByR4Z2EF.js:42
[  418450ms] [ERROR] Failed to load resource: net::ERR_CONNECTION_REFUSED @ http://localhost:8602/_stcore/host-config:0
[  421328ms] [ERROR] Failed to load resource: net::ERR_CONNECTION_REFUSED @ http://localhost:8602/_stcore/health:0
[  421329ms] [ERROR] Client Error in reaching server endpoint - No response received when attempting to reach /_stcore/health @ http://localhost:8602/static/js/index.ByR4Z2EF.js:37
[  421329ms] [ERROR] Is Streamlit still running? If you accidentally stopped Streamlit, just restart it in your terminal: @ http://localhost:8602/static/js/index.ByR4Z2EF.js:42
[  421329ms] [ERROR] Failed to load resource: net::ERR_CONNECTION_REFUSED @ http://localhost:8602/_stcore/host-config:0
[  424311ms] [ERROR] Failed to load resource: net::ERR_CONNECTION_REFUSED @ http://localhost:8602/_stcore/health:0
[  424311ms] [ERROR] Client Error in reaching server endpoint - No response received when attempting to reach /_stcore/health @ http://localhost:8602/static/js/index.ByR4Z2EF.js:37
[  424311ms] [ERROR] Is Streamlit still running? If you accidentally stopped Streamlit, just restart it in your terminal: @ http://localhost:8602/static/js/index.ByR4Z2EF.js:42
[  424311ms] [ERROR] Failed to load resource: net::ERR_CONNECTION_REFUSED @ http://localhost:8602/_stcore/host-config:0
[  427498ms] [ERROR] Failed to load resource: net::ERR_CONNECTION_REFUSED @ http://localhost:8602/_stcore/health:0
[  427498ms] [ERROR] Client Error in reaching server endpoint - No response received when attempting to reach /_stcore/health @ http://localhost:8602/static/js/index.ByR4Z2EF.js:37
[  427498ms] [ERROR] Is Streamlit still running? If you accidentally stopped Streamlit, just restart it in your terminal: @ http://localhost:8602/static/js/index.ByR4Z2EF.js:42
[  427498ms] [ERROR] Failed to load resource: net::ERR_CONNECTION_REFUSED @ http://localhost:8602/_stcore/host-config:0
[  430350ms] [ERROR] Failed to load resource: net::ERR_CONNECTION_REFUSED @ http://localhost:8602/_stcore/health:0
[  430350ms] [ERROR] Client Error in reaching server endpoint - No response received when attempting to reach /_stcore/health @ http://localhost:8602/static/js/index.ByR4Z2EF.js:37
[  430350ms] [ERROR] Is Streamlit still running? If you accidentally stopped Streamlit, just restart it in your terminal: @ http://localhost:8602/static/js/index.ByR4Z2EF.js:42
[  430350ms] [ERROR] Failed to load resource: net::ERR_CONNECTION_REFUSED @ http://localhost:8602/_stcore/host-config:0
[  433873ms] [ERROR] Failed to load resource: net::ERR_CONNECTION_REFUSED @ http://localhost:8602/_stcore/health:0
[  433873ms] [ERROR] Client Error in reaching server endpoint - No response received when attempting to reach /_stcore/health @ http://localhost:8602/static/js/index.ByR4Z2EF.js:37
[  433874ms] [ERROR] Is Streamlit still running? If you accidentally stopped Streamlit, just restart it in your terminal: @ http://localhost:8602/static/js/index.ByR4Z2EF.js:42
[  433874ms] [ERROR] Failed to load resource: net::ERR_CONNECTION_REFUSED @ http://localhost:8602/_stcore/host-config:0
[  436828ms] [ERROR] Failed to load resource: net::ERR_CONNECTION_REFUSED @ http://localhost:8602/_stcore/health:0
[  436828ms] [ERROR] Client Error in reaching server endpoint - No response received when attempting to reach /_stcore/health @ http://localhost:8602/static/js/index.ByR4Z2EF.js:37
[  436828ms] [ERROR] Is Streamlit still running? If you accidentally stopped Streamlit, just restart it in your terminal: @ http://localhost:8602/static/js/index.ByR4Z2EF.js:42
[  436828ms] [ERROR] Failed to load resource: net::ERR_CONNECTION_REFUSED @ http://localhost:8602/_stcore/host-config:0
[  440307ms] [ERROR] Failed to load resource: net::ERR_CONNECTION_REFUSED @ http://localhost:8602/_stcore/health:0
[  440307ms] [ERROR] Client Error in reaching server endpoint - No response received when attempting to reach /_stcore/health @ http://localhost:8602/static/js/index.ByR4Z2EF.js:37
[  440307ms] [ERROR] Is Streamlit still running? If you accidentally stopped Streamlit, just restart it in your terminal: @ http://localhost:8602/static/js/index.ByR4Z2EF.js:42
[  440307ms] [ERROR] Failed to load resource: net::ERR_CONNECTION_REFUSED @ http://localhost:8602/_stcore/host-config:0
[  443156ms] [ERROR] Failed to load resource: net::ERR_CONNECTION_REFUSED @ http://localhost:8602/_stcore/health:0
[  443156ms] [ERROR] Client Error in reaching server endpoint - No response received when attempting to reach /_stcore/health @ http://localhost:8602/static/js/index.ByR4Z2EF.js:37
[  443157ms] [ERROR] Is Streamlit still running? If you accidentally stopped Streamlit, just restart it in your terminal: @ http://localhost:8602/static/js/index.ByR4Z2EF.js:42
[  443157ms] [ERROR] Failed to load resource: net::ERR_CONNECTION_REFUSED @ http://localhost:8602/_stcore/host-config:0
[  446447ms] [ERROR] Failed to load resource: net::ERR_CONNECTION_REFUSED @ http://localhost:8602/_stcore/health:0
[  446447ms] [ERROR] Client Error in reaching server endpoint - No response received when attempting to reach /_stcore/health @ http://localhost:8602/static/js/index.ByR4Z2EF.js:37
[  446447ms] [ERROR] Is Streamlit still running? If you accidentally stopped Streamlit, just restart it in your terminal: @ http://localhost:8602/static/js/index.ByR4Z2EF.js:42
[  446447ms] [ERROR] Failed to load resource: net::ERR_CONNECTION_REFUSED @ http://localhost:8602/_stcore/host-config:0
[  449765ms] [ERROR] Failed to load resource: net::ERR_CONNECTION_REFUSED @ http://localhost:8602/_stcore/health:0
[  449765ms] [ERROR] Client Error in reaching server endpoint - No response received when attempting to reach /_stcore/health @ http://localhost:8602/static/js/index.ByR4Z2EF.js:37
[  449765ms] [ERROR] Is Streamlit still running? If you accidentally stopped Streamlit, just restart it in your terminal: @ http://localhost:8602/static/js/index.ByR4Z2EF.js:42
[  449765ms] [ERROR] Failed to load resource: net::ERR_CONNECTION_REFUSED @ http://localhost:8602/_stcore/host-config:0
[  452932ms] [ERROR] Failed to load resource: net::ERR_CONNECTION_REFUSED @ http://localhost:8602/_stcore/health:0
[  452932ms] [ERROR] Client Error in reaching server endpoint - No response received when attempting to reach /_stcore/health @ http://localhost:8602/static/js/index.ByR4Z2EF.js:37
[  452933ms] [ERROR] Is Streamlit still running? If you accidentally stopped Streamlit, just restart it in your terminal: @ http://localhost:8602/static/js/index.ByR4Z2EF.js:42
[  452933ms] [ERROR] Failed to load resource: net::ERR_CONNECTION_REFUSED @ http://localhost:8602/_stcore/host-config:0
[  456581ms] [ERROR] Failed to load resource: net::ERR_CONNECTION_REFUSED @ http://localhost:8602/_stcore/health:0
[  456582ms] [ERROR] Client Error in reaching server endpoint - No response received when attempting to reach /_stcore/health @ http://localhost:8602/static/js/index.ByR4Z2EF.js:37
[  456582ms] [ERROR] Is Streamlit still running? If you accidentally stopped Streamlit, just restart it in your terminal: @ http://localhost:8602/static/js/index.ByR4Z2EF.js:42
[  456582ms] [ERROR] Failed to load resource: net::ERR_CONNECTION_REFUSED @ http://localhost:8602/_stcore/host-config:0
[  459776ms] [ERROR] Failed to load resource: net::ERR_CONNECTION_REFUSED @ http://localhost:8602/_stcore/health:0
[  459776ms] [ERROR] Client Error in reaching server endpoint - No response received when attempting to reach /_stcore/health @ http://localhost:8602/static/js/index.ByR4Z2EF.js:37
[  459776ms] [ERROR] Is Streamlit still running? If you accidentally stopped Streamlit, just restart it in your terminal: @ http://localhost:8602/static/js/index.ByR4Z2EF.js:42
[  459776ms] [ERROR] Failed to load resource: net::ERR_CONNECTION_REFUSED @ http://localhost:8602/_stcore/host-config:0
[  463249ms] [ERROR] Failed to load resource: net::ERR_CONNECTION_REFUSED @ http://localhost:8602/_stcore/health:0
[  463249ms] [ERROR] Client Error in reaching server endpoint - No response received when attempting to reach /_stcore/health @ http://localhost:8602/static/js/index.ByR4Z2EF.js:37
[  463249ms] [ERROR] Is Streamlit still running? If you accidentally stopped Streamlit, just restart it in your terminal: @ http://localhost:8602/static/js/index.ByR4Z2EF.js:42
[  463250ms] [ERROR] Failed to load resource: net::ERR_CONNECTION_REFUSED @ http://localhost:8602/_stcore/host-config:0
[  466727ms] [ERROR] Failed to load resource: net::ERR_CONNECTION_REFUSED @ http://localhost:8602/_stcore/health:0
[  466727ms] [ERROR] Client Error in reaching server endpoint - No response received when attempting to reach /_stcore/health @ http://localhost:8602/static/js/index.ByR4Z2EF.js:37
[  466727ms] [ERROR] Is Streamlit still running? If you accidentally stopped Streamlit, just restart it in your terminal: @ http://localhost:8602/static/js/index.ByR4Z2EF.js:42
[  466728ms] [ERROR] Failed to load resource: net::ERR_CONNECTION_REFUSED @ http://localhost:8602/_stcore/host-config:0
[  470641ms] [ERROR] Failed to load resource: net::ERR_CONNECTION_REFUSED @ http://localhost:8602/_stcore/health:0
[  470641ms] [ERROR] Client Error in reaching server endpoint - No response received when attempting to reach /_stcore/health @ http://localhost:8602/static/js/index.ByR4Z2EF.js:37
[  470641ms] [ERROR] Is Streamlit still running? If you accidentally stopped Streamlit, just restart it in your terminal: @ http://localhost:8602/static/js/index.ByR4Z2EF.js:42
[  470641ms] [ERROR] Failed to load resource: net::ERR_CONNECTION_REFUSED @ http://localhost:8602/_stcore/host-config:0
[  474399ms] [ERROR] Failed to load resource: net::ERR_CONNECTION_REFUSED @ http://localhost:8602/_stcore/health:0
[  474399ms] [ERROR] Client Error in reaching server endpoint - No response received when attempting to reach /_stcore/health @ http://localhost:8602/static/js/index.ByR4Z2EF.js:37
[  474399ms] [ERROR] Is Streamlit still running? If you accidentally stopped Streamlit, just restart it in your terminal: @ http://localhost:8602/static/js/index.ByR4Z2EF.js:42
[  474399ms] [ERROR] Failed to load resource: net::ERR_CONNECTION_REFUSED @ http://localhost:8602/_stcore/host-config:0
[  478349ms] [ERROR] Failed to load resource: net::ERR_CONNECTION_REFUSED @ http://localhost:8602/_stcore/health:0
[  478349ms] [ERROR] Client Error in reaching server endpoint - No response received when attempting to reach /_stcore/health @ http://localhost:8602/static/js/index.ByR4Z2EF.js:37
[  478350ms] [ERROR] Is Streamlit still running? If you accidentally stopped Streamlit, just restart it in your terminal: @ http://localhost:8602/static/js/index.ByR4Z2EF.js:42
[  478350ms] [ERROR] Failed to load resource: net::ERR_CONNECTION_REFUSED @ http://localhost:8602/_stcore/host-config:0
[  481456ms] [ERROR] Failed to load resource: net::ERR_CONNECTION_REFUSED @ http://localhost:8602/_stcore/health:0
[  481456ms] [ERROR] Client Error in reaching server endpoint - No response received when attempting to reach /_stcore/health @ http://localhost:8602/static/js/index.ByR4Z2EF.js:37
[  481456ms] [ERROR] Is Streamlit still running? If you accidentally stopped Streamlit, just restart it in your terminal: @ http://localhost:8602/static/js/index.ByR4Z2EF.js:42
[  481457ms] [ERROR] Failed to load resource: net::ERR_CONNECTION_REFUSED @ http://localhost:8602/_stcore/host-config:0
[  484598ms] [ERROR] Failed to load resource: net::ERR_CONNECTION_REFUSED @ http://localhost:8602/_stcore/health:0
[  484598ms] [ERROR] Client Error in reaching server endpoint - No response received when attempting to reach /_stcore/health @ http://localhost:8602/static/js/index.ByR4Z2EF.js:37
[  484598ms] [ERROR] Is Streamlit still running? If you accidentally stopped Streamlit, just restart it in your terminal: @ http://localhost:8602/static/js/index.ByR4Z2EF.js:42
[  484598ms] [ERROR] Failed to load resource: net::ERR_CONNECTION_REFUSED @ http://localhost:8602/_stcore/host-config:0
[  487568ms] [ERROR] Failed to load resource: net::ERR_CONNECTION_REFUSED @ http://localhost:8602/_stcore/health:0
[  487568ms] [ERROR] Client Error in reaching server endpoint - No response received when attempting to reach /_stcore/health @ http://localhost:8602/static/js/index.ByR4Z2EF.js:37
[  487568ms] [ERROR] Is Streamlit still running? If you accidentally stopped Streamlit, just restart it in your terminal: @ http://localhost:8602/static/js/index.ByR4Z2EF.js:42
[  487569ms] [ERROR] Failed to load resource: net::ERR_CONNECTION_REFUSED @ http://localhost:8602/_stcore/host-config:0
[  491261ms] [ERROR] Failed to load resource: net::ERR_CONNECTION_REFUSED @ http://localhost:8602/_stcore/health:0
[  491261ms] [ERROR] Client Error in reaching server endpoint - No response received when attempting to reach /_stcore/health @ http://localhost:8602/static/js/index.ByR4Z2EF.js:37
[  491262ms] [ERROR] Is Streamlit still running? If you accidentally stopped Streamlit, just restart it in your terminal: @ http://localhost:8602/static/js/index.ByR4Z2EF.js:42
[  491275ms] [ERROR] Failed to load resource: net::ERR_CONNECTION_REFUSED @ http://localhost:8602/_stcore/host-config:0
[  495244ms] [ERROR] Failed to load resource: net::ERR_CONNECTION_REFUSED @ http://localhost:8602/_stcore/health:0
[  495244ms] [ERROR] Client Error in reaching server endpoint - No response received when attempting to reach /_stcore/health @ http://localhost:8602/static/js/index.ByR4Z2EF.js:37
[  495244ms] [ERROR] Is Streamlit still running? If you accidentally stopped Streamlit, just restart it in your terminal: @ http://localhost:8602/static/js/index.ByR4Z2EF.js:42
[  495245ms] [ERROR] Failed to load resource: net::ERR_CONNECTION_REFUSED @ http://localhost:8602/_stcore/host-config:0
[  498536ms] [ERROR] Failed to load resource: net::ERR_CONNECTION_REFUSED @ http://localhost:8602/_stcore/health:0
[  498536ms] [ERROR] Client Error in reaching server endpoint - No response received when attempting to reach /_stcore/health @ http://localhost:8602/static/js/index.ByR4Z2EF.js:37
[  498536ms] [ERROR] Is Streamlit still running? If you accidentally stopped Streamlit, just restart it in your terminal: @ http://localhost:8602/static/js/index.ByR4Z2EF.js:42
[  498537ms] [ERROR] Failed to load resource: net::ERR_CONNECTION_REFUSED @ http://localhost:8602/_stcore/host-config:0
[  502210ms] [ERROR] Failed to load resource: net::ERR_CONNECTION_REFUSED @ http://localhost:8602/_stcore/health:0
[  502210ms] [ERROR] Client Error in reaching server endpoint - No response received when attempting to reach /_stcore/health @ http://localhost:8602/static/js/index.ByR4Z2EF.js:37
[  502210ms] [ERROR] Is Streamlit still running? If you accidentally stopped Streamlit, just restart it in your terminal: @ http://localhost:8602/static/js/index.ByR4Z2EF.js:42
[  502210ms] [ERROR] Failed to load resource: net::ERR_CONNECTION_REFUSED @ http://localhost:8602/_stcore/host-config:0
[  506049ms] [ERROR] Failed to load resource: net::ERR_CONNECTION_REFUSED @ http://localhost:8602/_stcore/health:0
[  506049ms] [ERROR] Client Error in reaching server endpoint - No response received when attempting to reach /_stcore/health @ http://localhost:8602/static/js/index.ByR4Z2EF.js:37
[  506049ms] [ERROR] Is Streamlit still running? If you accidentally stopped Streamlit, just restart it in your terminal: @ http://localhost:8602/static/js/index.ByR4Z2EF.js:42
[  506049ms] [ERROR] Failed to load resource: net::ERR_CONNECTION_REFUSED @ http://localhost:8602/_stcore/host-config:0
[  508881ms] [ERROR] Failed to load resource: net::ERR_CONNECTION_REFUSED @ http://localhost:8602/_stcore/health:0
[  508881ms] [ERROR] Client Error in reaching server endpoint - No response received when attempting to reach /_stcore/health @ http://localhost:8602/static/js/index.ByR4Z2EF.js:37
[  508881ms] [ERROR] Is Streamlit still running? If you accidentally stopped Streamlit, just restart it in your terminal: @ http://localhost:8602/static/js/index.ByR4Z2EF.js:42
[  508881ms] [ERROR] Failed to load resource: net::ERR_CONNECTION_REFUSED @ http://localhost:8602/_stcore/host-config:0
[  511877ms] [ERROR] Failed to load resource: net::ERR_CONNECTION_REFUSED @ http://localhost:8602/_stcore/health:0
[  511877ms] [ERROR] Client Error in reaching server endpoint - No response received when attempting to reach /_stcore/health @ http://localhost:8602/static/js/index.ByR4Z2EF.js:37
[  511877ms] [ERROR] Is Streamlit still running? If you accidentally stopped Streamlit, just restart it in your terminal: @ http://localhost:8602/static/js/index.ByR4Z2EF.js:42
[  511877ms] [ERROR] Failed to load resource: net::ERR_CONNECTION_REFUSED @ http://localhost:8602/_stcore/host-config:0
[  515734ms] [ERROR] Failed to load resource: net::ERR_CONNECTION_REFUSED @ http://localhost:8602/_stcore/health:0
[  515734ms] [ERROR] Client Error in reaching server endpoint - No response received when attempting to reach /_stcore/health @ http://localhost:8602/static/js/index.ByR4Z2EF.js:37
[  515734ms] [ERROR] Is Streamlit still running? If you accidentally stopped Streamlit, just restart it in your terminal: @ http://localhost:8602/static/js/index.ByR4Z2EF.js:42
[  515734ms] [ERROR] Failed to load resource: net::ERR_CONNECTION_REFUSED @ http://localhost:8602/_stcore/host-config:0
[  519051ms] [ERROR] Failed to load resource: net::ERR_CONNECTION_REFUSED @ http://localhost:8602/_stcore/health:0
[  519051ms] [ERROR] Client Error in reaching server endpoint - No response received when attempting to reach /_stcore/health @ http://localhost:8602/static/js/index.ByR4Z2EF.js:37
[  519051ms] [ERROR] Is Streamlit still running? If you accidentally stopped Streamlit, just restart it in your terminal: @ http://localhost:8602/static/js/index.ByR4Z2EF.js:42
[  519051ms] [ERROR] Failed to load resource: net::ERR_CONNECTION_REFUSED @ http://localhost:8602/_stcore/host-config:0
[  522389ms] [ERROR] Failed to load resource: net::ERR_CONNECTION_REFUSED @ http://localhost:8602/_stcore/health:0
[  522389ms] [ERROR] Client Error in reaching server endpoint - No response received when attempting to reach /_stcore/health @ http://localhost:8602/static/js/index.ByR4Z2EF.js:37
[  522389ms] [ERROR] Is Streamlit still running? If you accidentally stopped Streamlit, just restart it in your terminal: @ http://localhost:8602/static/js/index.ByR4Z2EF.js:42
[  522389ms] [ERROR] Failed to load resource: net::ERR_CONNECTION_REFUSED @ http://localhost:8602/_stcore/host-config:0
[  525239ms] [ERROR] Failed to load resource: net::ERR_CONNECTION_REFUSED @ http://localhost:8602/_stcore/health:0
[  525239ms] [ERROR] Client Error in reaching server endpoint - No response received when attempting to reach /_stcore/health @ http://localhost:8602/static/js/index.ByR4Z2EF.js:37
[  525239ms] [ERROR] Is Streamlit still running? If you accidentally stopped Streamlit, just restart it in your terminal: @ http://localhost:8602/static/js/index.ByR4Z2EF.js:42
[  525239ms] [ERROR] Failed to load resource: net::ERR_CONNECTION_REFUSED @ http://localhost:8602/_stcore/host-config:0
[  528941ms] [ERROR] Failed to load resource: net::ERR_CONNECTION_REFUSED @ http://localhost:8602/_stcore/health:0
[  528941ms] [ERROR] Client Error in reaching server endpoint - No response received when attempting to reach /_stcore/health @ http://localhost:8602/static/js/index.ByR4Z2EF.js:37
[  528941ms] [ERROR] Is Streamlit still running? If you accidentally stopped Streamlit, just restart it in your terminal: @ http://localhost:8602/static/js/index.ByR4Z2EF.js:42
[  528941ms] [ERROR] Failed to load resource: net::ERR_CONNECTION_REFUSED @ http://localhost:8602/_stcore/host-config:0
[  532632ms] [ERROR] Failed to load resource: net::ERR_CONNECTION_REFUSED @ http://localhost:8602/_stcore/health:0
[  532632ms] [ERROR] Client Error in reaching server endpoint - No response received when attempting to reach /_stcore/health @ http://localhost:8602/static/js/index.ByR4Z2EF.js:37
[  532633ms] [ERROR] Is Streamlit still running? If you accidentally stopped Streamlit, just restart it in your terminal: @ http://localhost:8602/static/js/index.ByR4Z2EF.js:42
[  532633ms] [ERROR] Failed to load resource: net::ERR_CONNECTION_REFUSED @ http://localhost:8602/_stcore/host-config:0
[  535852ms] [ERROR] Failed to load resource: net::ERR_CONNECTION_REFUSED @ http://localhost:8602/_stcore/health:0
[  535852ms] [ERROR] Client Error in reaching server endpoint - No response received when attempting to reach /_stcore/health @ http://localhost:8602/static/js/index.ByR4Z2EF.js:37
[  535852ms] [ERROR] Is Streamlit still running? If you accidentally stopped Streamlit, just restart it in your terminal: @ http://localhost:8602/static/js/index.ByR4Z2EF.js:42
[  535853ms] [ERROR] Failed to load resource: net::ERR_CONNECTION_REFUSED @ http://localhost:8602/_stcore/host-config:0
[  538980ms] [ERROR] Failed to load resource: net::ERR_CONNECTION_REFUSED @ http://localhost:8602/_stcore/health:0
[  538980ms] [ERROR] Client Error in reaching server endpoint - No response received when attempting to reach /_stcore/health @ http://localhost:8602/static/js/index.ByR4Z2EF.js:37
[  538980ms] [ERROR] Is Streamlit still running? If you accidentally stopped Streamlit, just restart it in your terminal: @ http://localhost:8602/static/js/index.ByR4Z2EF.js:42
[  538981ms] [ERROR] Failed to load resource: net::ERR_CONNECTION_REFUSED @ http://localhost:8602/_stcore/host-config:0
[  542031ms] [ERROR] Failed to load resource: net::ERR_CONNECTION_REFUSED @ http://localhost:8602/_stcore/health:0
[  542031ms] [ERROR] Client Error in reaching server endpoint - No response received when attempting to reach /_stcore/health @ http://localhost:8602/static/js/index.ByR4Z2EF.js:37
[  542031ms] [ERROR] Is Streamlit still running? If you accidentally stopped Streamlit, just restart it in your terminal: @ http://localhost:8602/static/js/index.ByR4Z2EF.js:42
[  542031ms] [ERROR] Failed to load resource: net::ERR_CONNECTION_REFUSED @ http://localhost:8602/_stcore/host-config:0
[  545170ms] [ERROR] Failed to load resource: net::ERR_CONNECTION_REFUSED @ http://localhost:8602/_stcore/health:0
[  545170ms] [ERROR] Client Error in reaching server endpoint - No response received when attempting to reach /_stcore/health @ http://localhost:8602/static/js/index.ByR4Z2EF.js:37
[  545170ms] [ERROR] Is Streamlit still running? If you accidentally stopped Streamlit, just restart it in your terminal: @ http://localhost:8602/static/js/index.ByR4Z2EF.js:42
[  545170ms] [ERROR] Failed to load resource: net::ERR_CONNECTION_REFUSED @ http://localhost:8602/_stcore/host-config:0
[  549106ms] [ERROR] Failed to load resource: net::ERR_CONNECTION_REFUSED @ http://localhost:8602/_stcore/health:0
[  549107ms] [ERROR] Client Error in reaching server endpoint - No response received when attempting to reach /_stcore/health @ http://localhost:8602/static/js/index.ByR4Z2EF.js:37
[  549107ms] [ERROR] Is Streamlit still running? If you accidentally stopped Streamlit, just restart it in your terminal: @ http://localhost:8602/static/js/index.ByR4Z2EF.js:42
[  549107ms] [ERROR] Failed to load resource: net::ERR_CONNECTION_REFUSED @ http://localhost:8602/_stcore/host-config:0
[  552990ms] [ERROR] Failed to load resource: net::ERR_CONNECTION_REFUSED @ http://localhost:8602/_stcore/health:0
[  552991ms] [ERROR] Client Error in reaching server endpoint - No response received when attempting to reach /_stcore/health @ http://localhost:8602/static/js/index.ByR4Z2EF.js:37
[  552991ms] [ERROR] Is Streamlit still running? If you accidentally stopped Streamlit, just restart it in your terminal: @ http://localhost:8602/static/js/index.ByR4Z2EF.js:42
[  552991ms] [ERROR] Failed to load resource: net::ERR_CONNECTION_REFUSED @ http://localhost:8602/_stcore/host-config:0
[  555957ms] [ERROR] Failed to load resource: net::ERR_CONNECTION_REFUSED @ http://localhost:8602/_stcore/health:0
[  555957ms] [ERROR] Client Error in reaching server endpoint - No response received when attempting to reach /_stcore/health @ http://localhost:8602/static/js/index.ByR4Z2EF.js:37
[  555957ms] [ERROR] Is Streamlit still running? If you accidentally stopped Streamlit, just restart it in your terminal: @ http://localhost:8602/static/js/index.ByR4Z2EF.js:42
[  555957ms] [ERROR] Failed to load resource: net::ERR_CONNECTION_REFUSED @ http://localhost:8602/_stcore/host-config:0
[  559630ms] [ERROR] Failed to load resource: net::ERR_CONNECTION_REFUSED @ http://localhost:8602/_stcore/health:0
[  559630ms] [ERROR] Client Error in reaching server endpoint - No response received when attempting to reach /_stcore/health @ http://localhost:8602/static/js/index.ByR4Z2EF.js:37
[  559630ms] [ERROR] Is Streamlit still running? If you accidentally stopped Streamlit, just restart it in your terminal: @ http://localhost:8602/static/js/index.ByR4Z2EF.js:42
[  559630ms] [ERROR] Failed to load resource: net::ERR_CONNECTION_REFUSED @ http://localhost:8602/_stcore/host-config:0
[  562929ms] [ERROR] Failed to load resource: net::ERR_CONNECTION_REFUSED @ http://localhost:8602/_stcore/health:0
[  562929ms] [ERROR] Client Error in reaching server endpoint - No response received when attempting to reach /_stcore/health @ http://localhost:8602/static/js/index.ByR4Z2EF.js:37
[  562930ms] [ERROR] Is Streamlit still running? If you accidentally stopped Streamlit, just restart it in your terminal: @ http://localhost:8602/static/js/index.ByR4Z2EF.js:42
[  562930ms] [ERROR] Failed to load resource: net::ERR_CONNECTION_REFUSED @ http://localhost:8602/_stcore/host-config:0
[  566256ms] [ERROR] Failed to load resource: net::ERR_CONNECTION_REFUSED @ http://localhost:8602/_stcore/health:0
[  566256ms] [ERROR] Client Error in reaching server endpoint - No response received when attempting to reach /_stcore/health @ http://localhost:8602/static/js/index.ByR4Z2EF.js:37
[  566256ms] [ERROR] Is Streamlit still running? If you accidentally stopped Streamlit, just restart it in your terminal: @ http://localhost:8602/static/js/index.ByR4Z2EF.js:42
[  566256ms] [ERROR] Failed to load resource: net::ERR_CONNECTION_REFUSED @ http://localhost:8602/_stcore/host-config:0
[  569701ms] [ERROR] Failed to load resource: net::ERR_CONNECTION_REFUSED @ http://localhost:8602/_stcore/health:0
[  569701ms] [ERROR] Client Error in reaching server endpoint - No response received when attempting to reach /_stcore/health @ http://localhost:8602/static/js/index.ByR4Z2EF.js:37
[  569701ms] [ERROR] Is Streamlit still running? If you accidentally stopped Streamlit, just restart it in your terminal: @ http://localhost:8602/static/js/index.ByR4Z2EF.js:42
[  569701ms] [ERROR] Failed to load resource: net::ERR_CONNECTION_REFUSED @ http://localhost:8602/_stcore/host-config:0
[  573192ms] [ERROR] Failed to load resource: net::ERR_CONNECTION_REFUSED @ http://localhost:8602/_stcore/health:0
[  573192ms] [ERROR] Client Error in reaching server endpoint - No response received when attempting to reach /_stcore/health @ http://localhost:8602/static/js/index.ByR4Z2EF.js:37
[  573192ms] [ERROR] Is Streamlit still running? If you accidentally stopped Streamlit, just restart it in your terminal: @ http://localhost:8602/static/js/index.ByR4Z2EF.js:42
[  573192ms] [ERROR] Failed to load resource: net::ERR_CONNECTION_REFUSED @ http://localhost:8602/_stcore/host-config:0
[  575995ms] [ERROR] Failed to load resource: net::ERR_CONNECTION_REFUSED @ http://localhost:8602/_stcore/health:0
[  575995ms] [ERROR] Client Error in reaching server endpoint - No response received when attempting to reach /_stcore/health @ http://localhost:8602/static/js/index.ByR4Z2EF.js:37
[  575995ms] [ERROR] Is Streamlit still running? If you accidentally stopped Streamlit, just restart it in your terminal: @ http://localhost:8602/static/js/index.ByR4Z2EF.js:42
[  575995ms] [ERROR] Failed to load resource: net::ERR_CONNECTION_REFUSED @ http://localhost:8602/_stcore/host-config:0
[  579746ms] [ERROR] Failed to load resource: net::ERR_CONNECTION_REFUSED @ http://localhost:8602/_stcore/health:0
[  579746ms] [ERROR] Client Error in reaching server endpoint - No response received when attempting to reach /_stcore/health @ http://localhost:8602/static/js/index.ByR4Z2EF.js:37
[  579746ms] [ERROR] Is Streamlit still running? If you accidentally stopped Streamlit, just restart it in your terminal: @ http://localhost:8602/static/js/index.ByR4Z2EF.js:42
[  579746ms] [ERROR] Failed to load resource: net::ERR_CONNECTION_REFUSED @ http://localhost:8602/_stcore/host-config:0
[  583426ms] [ERROR] Failed to load resource: net::ERR_CONNECTION_REFUSED @ http://localhost:8602/_stcore/health:0
[  583426ms] [ERROR] Client Error in reaching server endpoint - No response received when attempting to reach /_stcore/health @ http://localhost:8602/static/js/index.ByR4Z2EF.js:37
[  583426ms] [ERROR] Is Streamlit still running? If you accidentally stopped Streamlit, just restart it in your terminal: @ http://localhost:8602/static/js/index.ByR4Z2EF.js:42
[  583426ms] [ERROR] Failed to load resource: net::ERR_CONNECTION_REFUSED @ http://localhost:8602/_stcore/host-config:0
[  586572ms] [ERROR] Failed to load resource: net::ERR_CONNECTION_REFUSED @ http://localhost:8602/_stcore/health:0
[  586572ms] [ERROR] Client Error in reaching server endpoint - No response received when attempting to reach /_stcore/health @ http://localhost:8602/static/js/index.ByR4Z2EF.js:37
[  586572ms] [ERROR] Is Streamlit still running? If you accidentally stopped Streamlit, just restart it in your terminal: @ http://localhost:8602/static/js/index.ByR4Z2EF.js:42
[  586573ms] [ERROR] Failed to load resource: net::ERR_CONNECTION_REFUSED @ http://localhost:8602/_stcore/host-config:0
[  589942ms] [ERROR] Failed to load resource: net::ERR_CONNECTION_REFUSED @ http://localhost:8602/_stcore/health:0
[  589942ms] [ERROR] Client Error in reaching server endpoint - No response received when attempting to reach /_stcore/health @ http://localhost:8602/static/js/index.ByR4Z2EF.js:37
[  589942ms] [ERROR] Is Streamlit still running? If you accidentally stopped Streamlit, just restart it in your terminal: @ http://localhost:8602/static/js/index.ByR4Z2EF.js:42
[  589942ms] [ERROR] Failed to load resource: net::ERR_CONNECTION_REFUSED @ http://localhost:8602/_stcore/host-config:0
[  593673ms] [ERROR] Failed to load resource: net::ERR_CONNECTION_REFUSED @ http://localhost:8602/_stcore/health:0
[  593673ms] [ERROR] Client Error in reaching server endpoint - No response received when attempting to reach /_stcore/health @ http://localhost:8602/static/js/index.ByR4Z2EF.js:37
[  593673ms] [ERROR] Is Streamlit still running? If you accidentally stopped Streamlit, just restart it in your terminal: @ http://localhost:8602/static/js/index.ByR4Z2EF.js:42
[  593673ms] [ERROR] Failed to load resource: net::ERR_CONNECTION_REFUSED @ http://localhost:8602/_stcore/host-config:0
[  596572ms] [ERROR] Failed to load resource: net::ERR_CONNECTION_REFUSED @ http://localhost:8602/_stcore/health:0
[  596572ms] [ERROR] Client Error in reaching server endpoint - No response received when attempting to reach /_stcore/health @ http://localhost:8602/static/js/index.ByR4Z2EF.js:37
[  596572ms] [ERROR] Is Streamlit still running? If you accidentally stopped Streamlit, just restart it in your terminal: @ http://localhost:8602/static/js/index.ByR4Z2EF.js:42
[  596572ms] [ERROR] Failed to load resource: net::ERR_CONNECTION_REFUSED @ http://localhost:8602/_stcore/host-config:0
[  599732ms] [ERROR] Failed to load resource: net::ERR_CONNECTION_REFUSED @ http://localhost:8602/_stcore/health:0
[  599732ms] [ERROR] Client Error in reaching server endpoint - No response received when attempting to reach /_stcore/health @ http://localhost:8602/static/js/index.ByR4Z2EF.js:37
[  599732ms] [ERROR] Is Streamlit still running? If you accidentally stopped Streamlit, just restart it in your terminal: @ http://localhost:8602/static/js/index.ByR4Z2EF.js:42
[  599732ms] [ERROR] Failed to load resource: net::ERR_CONNECTION_REFUSED @ http://localhost:8602/_stcore/host-config:0
[  602631ms] [ERROR] Failed to load resource: net::ERR_CONNECTION_REFUSED @ http://localhost:8602/_stcore/health:0
[  602631ms] [ERROR] Client Error in reaching server endpoint - No response received when attempting to reach /_stcore/health @ http://localhost:8602/static/js/index.ByR4Z2EF.js:37
[  602631ms] [ERROR] Is Streamlit still running? If you accidentally stopped Streamlit, just restart it in your terminal: @ http://localhost:8602/static/js/index.ByR4Z2EF.js:42
[  602632ms] [ERROR] Failed to load resource: net::ERR_CONNECTION_REFUSED @ http://localhost:8602/_stcore/host-config:0
[  605569ms] [ERROR] Failed to load resource: net::ERR_CONNECTION_REFUSED @ http://localhost:8602/_stcore/health:0
[  605569ms] [ERROR] Client Error in reaching server endpoint - No response received when attempting to reach /_stcore/health @ http://localhost:8602/static/js/index.ByR4Z2EF.js:37
[  605570ms] [ERROR] Is Streamlit still running? If you accidentally stopped Streamlit, just restart it in your terminal: @ http://localhost:8602/static/js/index.ByR4Z2EF.js:42
[  605570ms] [ERROR] Failed to load resource: net::ERR_CONNECTION_REFUSED @ http://localhost:8602/_stcore/host-config:0
[  608723ms] [ERROR] Failed to load resource: net::ERR_CONNECTION_REFUSED @ http://localhost:8602/_stcore/health:0
[  608723ms] [ERROR] Client Error in reaching server endpoint - No response received when attempting to reach /_stcore/health @ http://localhost:8602/static/js/index.ByR4Z2EF.js:37
[  608724ms] [ERROR] Is Streamlit still running? If you accidentally stopped Streamlit, just restart it in your terminal: @ http://localhost:8602/static/js/index.ByR4Z2EF.js:42
[  608724ms] [ERROR] Failed to load resource: net::ERR_CONNECTION_REFUSED @ http://localhost:8602/_stcore/host-config:0
[  611650ms] [ERROR] Failed to load resource: net::ERR_CONNECTION_REFUSED @ http://localhost:8602/_stcore/health:0
[  611650ms] [ERROR] Client Error in reaching server endpoint - No response received when attempting to reach /_stcore/health @ http://localhost:8602/static/js/index.ByR4Z2EF.js:37
[  611651ms] [ERROR] Is Streamlit still running? If you accidentally stopped Streamlit, just restart it in your terminal: @ http://localhost:8602/static/js/index.ByR4Z2EF.js:42
[  611651ms] [ERROR] Failed to load resource: net::ERR_CONNECTION_REFUSED @ http://localhost:8602/_stcore/host-config:0
[  615326ms] [ERROR] Failed to load resource: net::ERR_CONNECTION_REFUSED @ http://localhost:8602/_stcore/health:0
[  615326ms] [ERROR] Client Error in reaching server endpoint - No response received when attempting to reach /_stcore/health @ http://localhost:8602/static/js/index.ByR4Z2EF.js:37
[  615327ms] [ERROR] Is Streamlit still running? If you accidentally stopped Streamlit, just restart it in your terminal: @ http://localhost:8602/static/js/index.ByR4Z2EF.js:42
[  615327ms] [ERROR] Failed to load resource: net::ERR_CONNECTION_REFUSED @ http://localhost:8602/_stcore/host-config:0
[  618304ms] [ERROR] Failed to load resource: net::ERR_CONNECTION_REFUSED @ http://localhost:8602/_stcore/health:0
[  618304ms] [ERROR] Client Error in reaching server endpoint - No response received when attempting to reach /_stcore/health @ http://localhost:8602/static/js/index.ByR4Z2EF.js:37
[  618304ms] [ERROR] Is Streamlit still running? If you accidentally stopped Streamlit, just restart it in your terminal: @ http://localhost:8602/static/js/index.ByR4Z2EF.js:42
[  618304ms] [ERROR] Failed to load resource: net::ERR_CONNECTION_REFUSED @ http://localhost:8602/_stcore/host-config:0
[  621124ms] [ERROR] Failed to load resource: net::ERR_CONNECTION_REFUSED @ http://localhost:8602/_stcore/health:0
[  621124ms] [ERROR] Client Error in reaching server endpoint - No response received when attempting to reach /_stcore/health @ http://localhost:8602/static/js/index.ByR4Z2EF.js:37
[  621124ms] [ERROR] Is Streamlit still running? If you accidentally stopped Streamlit, just restart it in your terminal: @ http://localhost:8602/static/js/index.ByR4Z2EF.js:42
[  621124ms] [ERROR] Failed to load resource: net::ERR_CONNECTION_REFUSED @ http://localhost:8602/_stcore/host-config:0
[  624827ms] [ERROR] Failed to load resource: net::ERR_CONNECTION_REFUSED @ http://localhost:8602/_stcore/health:0
[  624827ms] [ERROR] Client Error in reaching server endpoint - No response received when attempting to reach /_stcore/health @ http://localhost:8602/static/js/index.ByR4Z2EF.js:37
[  624827ms] [ERROR] Is Streamlit still running? If you accidentally stopped Streamlit, just restart it in your terminal: @ http://localhost:8602/static/js/index.ByR4Z2EF.js:42
[  624828ms] [ERROR] Failed to load resource: net::ERR_CONNECTION_REFUSED @ http://localhost:8602/_stcore/host-config:0
[  628822ms] [ERROR] Failed to load resource: net::ERR_CONNECTION_REFUSED @ http://localhost:8602/_stcore/health:0
[  628822ms] [ERROR] Client Error in reaching server endpoint - No response received when attempting to reach /_stcore/health @ http://localhost:8602/static/js/index.ByR4Z2EF.js:37
[  628822ms] [ERROR] Is Streamlit still running? If you accidentally stopped Streamlit, just restart it in your terminal: @ http://localhost:8602/static/js/index.ByR4Z2EF.js:42
[  628823ms] [ERROR] Failed to load resource: net::ERR_CONNECTION_REFUSED @ http://localhost:8602/_stcore/host-config:0
[  632015ms] [ERROR] Failed to load resource: net::ERR_CONNECTION_REFUSED @ http://localhost:8602/_stcore/health:0
[  632015ms] [ERROR] Client Error in reaching server endpoint - No response received when attempting to reach /_stcore/health @ http://localhost:8602/static/js/index.ByR4Z2EF.js:37
[  632015ms] [ERROR] Is Streamlit still running? If you accidentally stopped Streamlit, just restart it in your terminal: @ http://localhost:8602/static/js/index.ByR4Z2EF.js:42
[  632015ms] [ERROR] Failed to load resource: net::ERR_CONNECTION_REFUSED @ http://localhost:8602/_stcore/host-config:0
[  635618ms] [ERROR] Failed to load resource: net::ERR_CONNECTION_REFUSED @ http://localhost:8602/_stcore/health:0
[  635618ms] [ERROR] Client Error in reaching server endpoint - No response received when attempting to reach /_stcore/health @ http://localhost:8602/static/js/index.ByR4Z2EF.js:37
[  635618ms] [ERROR] Is Streamlit still running? If you accidentally stopped Streamlit, just restart it in your terminal: @ http://localhost:8602/static/js/index.ByR4Z2EF.js:42
[  635618ms] [ERROR] Failed to load resource: net::ERR_CONNECTION_REFUSED @ http://localhost:8602/_stcore/host-config:0
[  639116ms] [ERROR] Failed to load resource: net::ERR_CONNECTION_REFUSED @ http://localhost:8602/_stcore/health:0
[  639116ms] [ERROR] Client Error in reaching server endpoint - No response received when attempting to reach /_stcore/health @ http://localhost:8602/static/js/index.ByR4Z2EF.js:37
[  639116ms] [ERROR] Is Streamlit still running? If you accidentally stopped Streamlit, just restart it in your terminal: @ http://localhost:8602/static/js/index.ByR4Z2EF.js:42
[  639116ms] [ERROR] Failed to load resource: net::ERR_CONNECTION_REFUSED @ http://localhost:8602/_stcore/host-config:0
[  643005ms] [ERROR] Failed to load resource: net::ERR_CONNECTION_REFUSED @ http://localhost:8602/_stcore/health:0
[  643006ms] [ERROR] Client Error in reaching server endpoint - No response received when attempting to reach /_stcore/health @ http://localhost:8602/static/js/index.ByR4Z2EF.js:37
[  643006ms] [ERROR] Is Streamlit still running? If you accidentally stopped Streamlit, just restart it in your terminal: @ http://localhost:8602/static/js/index.ByR4Z2EF.js:42
[  643006ms] [ERROR] Failed to load resource: net::ERR_CONNECTION_REFUSED @ http://localhost:8602/_stcore/host-config:0
[  646331ms] [ERROR] Failed to load resource: net::ERR_CONNECTION_REFUSED @ http://localhost:8602/_stcore/health:0
[  646331ms] [ERROR] Client Error in reaching server endpoint - No response received when attempting to reach /_stcore/health @ http://localhost:8602/static/js/index.ByR4Z2EF.js:37
[  646331ms] [ERROR] Is Streamlit still running? If you accidentally stopped Streamlit, just restart it in your terminal: @ http://localhost:8602/static/js/index.ByR4Z2EF.js:42
[  646331ms] [ERROR] Failed to load resource: net::ERR_CONNECTION_REFUSED @ http://localhost:8602/_stcore/host-config:0
[  649943ms] [ERROR] Failed to load resource: net::ERR_CONNECTION_REFUSED @ http://localhost:8602/_stcore/health:0
[  649943ms] [ERROR] Client Error in reaching server endpoint - No response received when attempting to reach /_stcore/health @ http://localhost:8602/static/js/index.ByR4Z2EF.js:37
[  649943ms] [ERROR] Is Streamlit still running? If you accidentally stopped Streamlit, just restart it in your terminal: @ http://localhost:8602/static/js/index.ByR4Z2EF.js:42
[  649943ms] [ERROR] Failed to load resource: net::ERR_CONNECTION_REFUSED @ http://localhost:8602/_stcore/host-config:0
[  653883ms] [ERROR] Failed to load resource: net::ERR_CONNECTION_REFUSED @ http://localhost:8602/_stcore/health:0
[  653883ms] [ERROR] Client Error in reaching server endpoint - No response received when attempting to reach /_stcore/health @ http://localhost:8602/static/js/index.ByR4Z2EF.js:37
[  653883ms] [ERROR] Is Streamlit still running? If you accidentally stopped Streamlit, just restart it in your terminal: @ http://localhost:8602/static/js/index.ByR4Z2EF.js:42
[  653883ms] [ERROR] Failed to load resource: net::ERR_CONNECTION_REFUSED @ http://localhost:8602/_stcore/host-config:0
[  657311ms] [ERROR] Failed to load resource: net::ERR_CONNECTION_REFUSED @ http://localhost:8602/_stcore/health:0
[  657312ms] [ERROR] Client Error in reaching server endpoint - No response received when attempting to reach /_stcore/health @ http://localhost:8602/static/js/index.ByR4Z2EF.js:37
[  657312ms] [ERROR] Is Streamlit still running? If you accidentally stopped Streamlit, just restart it in your terminal: @ http://localhost:8602/static/js/index.ByR4Z2EF.js:42
[  657312ms] [ERROR] Failed to load resource: net::ERR_CONNECTION_REFUSED @ http://localhost:8602/_stcore/host-config:0
[  661285ms] [ERROR] Failed to load resource: net::ERR_CONNECTION_REFUSED @ http://localhost:8602/_stcore/health:0
[  661285ms] [ERROR] Client Error in reaching server endpoint - No response received when attempting to reach /_stcore/health @ http://localhost:8602/static/js/index.ByR4Z2EF.js:37
[  661285ms] [ERROR] Is Streamlit still running? If you accidentally stopped Streamlit, just restart it in your terminal: @ http://localhost:8602/static/js/index.ByR4Z2EF.js:42
[  661286ms] [ERROR] Failed to load resource: net::ERR_CONNECTION_REFUSED @ http://localhost:8602/_stcore/host-config:0
[  665120ms] [ERROR] Failed to load resource: net::ERR_CONNECTION_REFUSED @ http://localhost:8602/_stcore/health:0
[  665120ms] [ERROR] Client Error in reaching server endpoint - No response received when attempting to reach /_stcore/health @ http://localhost:8602/static/js/index.ByR4Z2EF.js:37
[  665121ms] [ERROR] Is Streamlit still running? If you accidentally stopped Streamlit, just restart it in your terminal: @ http://localhost:8602/static/js/index.ByR4Z2EF.js:42
[  665121ms] [ERROR] Failed to load resource: net::ERR_CONNECTION_REFUSED @ http://localhost:8602/_stcore/host-config:0
[  668825ms] [ERROR] Failed to load resource: net::ERR_CONNECTION_REFUSED @ http://localhost:8602/_stcore/health:0
[  668825ms] [ERROR] Client Error in reaching server endpoint - No response received when attempting to reach /_stcore/health @ http://localhost:8602/static/js/index.ByR4Z2EF.js:37
[  668825ms] [ERROR] Is Streamlit still running? If you accidentally stopped Streamlit, just restart it in your terminal: @ http://localhost:8602/static/js/index.ByR4Z2EF.js:42
[  668826ms] [ERROR] Failed to load resource: net::ERR_CONNECTION_REFUSED @ http://localhost:8602/_stcore/host-config:0
[  671775ms] [ERROR] Failed to load resource: net::ERR_CONNECTION_REFUSED @ http://localhost:8602/_stcore/health:0
[  671775ms] [ERROR] Client Error in reaching server endpoint - No response received when attempting to reach /_stcore/health @ http://localhost:8602/static/js/index.ByR4Z2EF.js:37
[  671775ms] [ERROR] Is Streamlit still running? If you accidentally stopped Streamlit, just restart it in your terminal: @ http://localhost:8602/static/js/index.ByR4Z2EF.js:42
[  671776ms] [ERROR] Failed to load resource: net::ERR_CONNECTION_REFUSED @ http://localhost:8602/_stcore/host-config:0
[  674673ms] [ERROR] Failed to load resource: net::ERR_CONNECTION_REFUSED @ http://localhost:8602/_stcore/health:0
[  674673ms] [ERROR] Client Error in reaching server endpoint - No response received when attempting to reach /_stcore/health @ http://localhost:8602/static/js/index.ByR4Z2EF.js:37
[  674674ms] [ERROR] Is Streamlit still running? If you accidentally stopped Streamlit, just restart it in your terminal: @ http://localhost:8602/static/js/index.ByR4Z2EF.js:42
[  674674ms] [ERROR] Failed to load resource: net::ERR_CONNECTION_REFUSED @ http://localhost:8602/_stcore/host-config:0
[  678220ms] [ERROR] Failed to load resource: net::ERR_CONNECTION_REFUSED @ http://localhost:8602/_stcore/health:0
[  678220ms] [ERROR] Client Error in reaching server endpoint - No response received when attempting to reach /_stcore/health @ http://localhost:8602/static/js/index.ByR4Z2EF.js:37
[  678220ms] [ERROR] Is Streamlit still running? If you accidentally stopped Streamlit, just restart it in your terminal: @ http://localhost:8602/static/js/index.ByR4Z2EF.js:42
[  678220ms] [ERROR] Failed to load resource: net::ERR_CONNECTION_REFUSED @ http://localhost:8602/_stcore/host-config:0
[  681675ms] [ERROR] Failed to load resource: net::ERR_CONNECTION_REFUSED @ http://localhost:8602/_stcore/health:0
[  681675ms] [ERROR] Client Error in reaching server endpoint - No response received when attempting to reach /_stcore/health @ http://localhost:8602/static/js/index.ByR4Z2EF.js:37
[  681675ms] [ERROR] Is Streamlit still running? If you accidentally stopped Streamlit, just restart it in your terminal: @ http://localhost:8602/static/js/index.ByR4Z2EF.js:42
[  681676ms] [ERROR] Failed to load resource: net::ERR_CONNECTION_REFUSED @ http://localhost:8602/_stcore/host-config:0
[  685630ms] [ERROR] Failed to load resource: net::ERR_CONNECTION_REFUSED @ http://localhost:8602/_stcore/health:0
[  685630ms] [ERROR] Client Error in reaching server endpoint - No response received when attempting to reach /_stcore/health @ http://localhost:8602/static/js/index.ByR4Z2EF.js:37
[  685630ms] [ERROR] Is Streamlit still running? If you accidentally stopped Streamlit, just restart it in your terminal: @ http://localhost:8602/static/js/index.ByR4Z2EF.js:42
[  685630ms] [ERROR] Failed to load resource: net::ERR_CONNECTION_REFUSED @ http://localhost:8602/_stcore/host-config:0
[  689082ms] [ERROR] Failed to load resource: net::ERR_CONNECTION_REFUSED @ http://localhost:8602/_stcore/health:0
[  689082ms] [ERROR] Client Error in reaching server endpoint - No response received when attempting to reach /_stcore/health @ http://localhost:8602/static/js/index.ByR4Z2EF.js:37
[  689082ms] [ERROR] Is Streamlit still running? If you accidentally stopped Streamlit, just restart it in your terminal: @ http://localhost:8602/static/js/index.ByR4Z2EF.js:42
[  689083ms] [ERROR] Failed to load resource: net::ERR_CONNECTION_REFUSED @ http://localhost:8602/_stcore/host-config:0
[  692752ms] [ERROR] Failed to load resource: net::ERR_CONNECTION_REFUSED @ http://localhost:8602/_stcore/health:0
[  692752ms] [ERROR] Client Error in reaching server endpoint - No response received when attempting to reach /_stcore/health @ http://localhost:8602/static/js/index.ByR4Z2EF.js:37
[  692752ms] [ERROR] Is Streamlit still running? If you accidentally stopped Streamlit, just restart it in your terminal: @ http://localhost:8602/static/js/index.ByR4Z2EF.js:42
[  692752ms] [ERROR] Failed to load resource: net::ERR_CONNECTION_REFUSED @ http://localhost:8602/_stcore/host-config:0
[  695813ms] [ERROR] Failed to load resource: net::ERR_CONNECTION_REFUSED @ http://localhost:8602/_stcore/health:0
[  695813ms] [ERROR] Client Error in reaching server endpoint - No response received when attempting to reach /_stcore/health @ http://localhost:8602/static/js/index.ByR4Z2EF.js:37
[  695814ms] [ERROR] Is Streamlit still running? If you accidentally stopped Streamlit, just restart it in your terminal: @ http://localhost:8602/static/js/index.ByR4Z2EF.js:42
[  695814ms] [ERROR] Failed to load resource: net::ERR_CONNECTION_REFUSED @ http://localhost:8602/_stcore/host-config:0
[  699273ms] [ERROR] Failed to load resource: net::ERR_CONNECTION_REFUSED @ http://localhost:8602/_stcore/health:0
[  699273ms] [ERROR] Client Error in reaching server endpoint - No response received when attempting to reach /_stcore/health @ http://localhost:8602/static/js/index.ByR4Z2EF.js:37
[  699274ms] [ERROR] Is Streamlit still running? If you accidentally stopped Streamlit, just restart it in your terminal: @ http://localhost:8602/static/js/index.ByR4Z2EF.js:42
[  699274ms] [ERROR] Failed to load resource: net::ERR_CONNECTION_REFUSED @ http://localhost:8602/_stcore/host-config:0
[  702407ms] [ERROR] Failed to load resource: net::ERR_CONNECTION_REFUSED @ http://localhost:8602/_stcore/health:0
[  702407ms] [ERROR] Client Error in reaching server endpoint - No response received when attempting to reach /_stcore/health @ http://localhost:8602/static/js/index.ByR4Z2EF.js:37
[  702407ms] [ERROR] Is Streamlit still running? If you accidentally stopped Streamlit, just restart it in your terminal: @ http://localhost:8602/static/js/index.ByR4Z2EF.js:42
[  702408ms] [ERROR] Failed to load resource: net::ERR_CONNECTION_REFUSED @ http://localhost:8602/_stcore/host-config:0
[  705909ms] [ERROR] Failed to load resource: net::ERR_CONNECTION_REFUSED @ http://localhost:8602/_stcore/health:0
[  705909ms] [ERROR] Client Error in reaching server endpoint - No response received when attempting to reach /_stcore/health @ http://localhost:8602/static/js/index.ByR4Z2EF.js:37
[  705909ms] [ERROR] Is Streamlit still running? If you accidentally stopped Streamlit, just restart it in your terminal: @ http://localhost:8602/static/js/index.ByR4Z2EF.js:42
[  705910ms] [ERROR] Failed to load resource: net::ERR_CONNECTION_REFUSED @ http://localhost:8602/_stcore/host-config:0
[  708739ms] [ERROR] Failed to load resource: net::ERR_CONNECTION_REFUSED @ http://localhost:8602/_stcore/health:0
[  708740ms] [ERROR] Client Error in reaching server endpoint - No response received when attempting to reach /_stcore/health @ http://localhost:8602/static/js/index.ByR4Z2EF.js:37
[  708740ms] [ERROR] Is Streamlit still running? If you accidentally stopped Streamlit, just restart it in your terminal: @ http://localhost:8602/static/js/index.ByR4Z2EF.js:42
[  708740ms] [ERROR] Failed to load resource: net::ERR_CONNECTION_REFUSED @ http://localhost:8602/_stcore/host-config:0
[  711779ms] [ERROR] Failed to load resource: net::ERR_CONNECTION_REFUSED @ http://localhost:8602/_stcore/health:0
[  711779ms] [ERROR] Client Error in reaching server endpoint - No response received when attempting to reach /_stcore/health @ http://localhost:8602/static/js/index.ByR4Z2EF.js:37
[  711780ms] [ERROR] Is Streamlit still running? If you accidentally stopped Streamlit, just restart it in your terminal: @ http://localhost:8602/static/js/index.ByR4Z2EF.js:42
[  711780ms] [ERROR] Failed to load resource: net::ERR_CONNECTION_REFUSED @ http://localhost:8602/_stcore/host-config:0
[  715460ms] [ERROR] Failed to load resource: net::ERR_CONNECTION_REFUSED @ http://localhost:8602/_stcore/health:0
[  715460ms] [ERROR] Client Error in reaching server endpoint - No response received when attempting to reach /_stcore/health @ http://localhost:8602/static/js/index.ByR4Z2EF.js:37
[  715460ms] [ERROR] Is Streamlit still running? If you accidentally stopped Streamlit, just restart it in your terminal: @ http://localhost:8602/static/js/index.ByR4Z2EF.js:42
[  715460ms] [ERROR] Failed to load resource: net::ERR_CONNECTION_REFUSED @ http://localhost:8602/_stcore/host-config:0
[  719440ms] [ERROR] Failed to load resource: net::ERR_CONNECTION_REFUSED @ http://localhost:8602/_stcore/health:0
[  719440ms] [ERROR] Client Error in reaching server endpoint - No response received when attempting to reach /_stcore/health @ http://localhost:8602/static/js/index.ByR4Z2EF.js:37
[  719441ms] [ERROR] Is Streamlit still running? If you accidentally stopped Streamlit, just restart it in your terminal: @ http://localhost:8602/static/js/index.ByR4Z2EF.js:42
[  719441ms] [ERROR] Failed to load resource: net::ERR_CONNECTION_REFUSED @ http://localhost:8602/_stcore/host-config:0
[  723055ms] [ERROR] Failed to load resource: net::ERR_CONNECTION_REFUSED @ http://localhost:8602/_stcore/health:0
[  723055ms] [ERROR] Client Error in reaching server endpoint - No response received when attempting to reach /_stcore/health @ http://localhost:8602/static/js/index.ByR4Z2EF.js:37
[  723056ms] [ERROR] Is Streamlit still running? If you accidentally stopped Streamlit, just restart it in your terminal: @ http://localhost:8602/static/js/index.ByR4Z2EF.js:42
[  723056ms] [ERROR] Failed to load resource: net::ERR_CONNECTION_REFUSED @ http://localhost:8602/_stcore/host-config:0
[  727039ms] [ERROR] Failed to load resource: net::ERR_CONNECTION_REFUSED @ http://localhost:8602/_stcore/health:0
[  727039ms] [ERROR] Client Error in reaching server endpoint - No response received when attempting to reach /_stcore/health @ http://localhost:8602/static/js/index.ByR4Z2EF.js:37
[  727039ms] [ERROR] Is Streamlit still running? If you accidentally stopped Streamlit, just restart it in your terminal: @ http://localhost:8602/static/js/index.ByR4Z2EF.js:42
[  727040ms] [ERROR] Failed to load resource: net::ERR_CONNECTION_REFUSED @ http://localhost:8602/_stcore/host-config:0
[  730017ms] [ERROR] Failed to load resource: net::ERR_CONNECTION_REFUSED @ http://localhost:8602/_stcore/health:0
[  730017ms] [ERROR] Client Error in reaching server endpoint - No response received when attempting to reach /_stcore/health @ http://localhost:8602/static/js/index.ByR4Z2EF.js:37
[  730018ms] [ERROR] Is Streamlit still running? If you accidentally stopped Streamlit, just restart it in your terminal: @ http://localhost:8602/static/js/index.ByR4Z2EF.js:42
[  730018ms] [ERROR] Failed to load resource: net::ERR_CONNECTION_REFUSED @ http://localhost:8602/_stcore/host-config:0
[  733613ms] [ERROR] Failed to load resource: net::ERR_CONNECTION_REFUSED @ http://localhost:8602/_stcore/health:0
[  733613ms] [ERROR] Client Error in reaching server endpoint - No response received when attempting to reach /_stcore/health @ http://localhost:8602/static/js/index.ByR4Z2EF.js:37
[  733613ms] [ERROR] Is Streamlit still running? If you accidentally stopped Streamlit, just restart it in your terminal: @ http://localhost:8602/static/js/index.ByR4Z2EF.js:42
[  733613ms] [ERROR] Failed to load resource: net::ERR_CONNECTION_REFUSED @ http://localhost:8602/_stcore/host-config:0
[  737462ms] [ERROR] Failed to load resource: net::ERR_CONNECTION_REFUSED @ http://localhost:8602/_stcore/health:0
[  737462ms] [ERROR] Client Error in reaching server endpoint - No response received when attempting to reach /_stcore/health @ http://localhost:8602/static/js/index.ByR4Z2EF.js:37
[  737462ms] [ERROR] Is Streamlit still running? If you accidentally stopped Streamlit, just restart it in your terminal: @ http://localhost:8602/static/js/index.ByR4Z2EF.js:42
[  737462ms] [ERROR] Failed to load resource: net::ERR_CONNECTION_REFUSED @ http://localhost:8602/_stcore/host-config:0
[  741264ms] [ERROR] Failed to load resource: net::ERR_CONNECTION_REFUSED @ http://localhost:8602/_stcore/health:0
[  741264ms] [ERROR] Client Error in reaching server endpoint - No response received when attempting to reach /_stcore/health @ http://localhost:8602/static/js/index.ByR4Z2EF.js:37
[  741264ms] [ERROR] Is Streamlit still running? If you accidentally stopped Streamlit, just restart it in your terminal: @ http://localhost:8602/static/js/index.ByR4Z2EF.js:42
[  741264ms] [ERROR] Failed to load resource: net::ERR_CONNECTION_REFUSED @ http://localhost:8602/_stcore/host-config:0
[  744473ms] [ERROR] Failed to load resource: net::ERR_CONNECTION_REFUSED @ http://localhost:8602/_stcore/health:0
[  744473ms] [ERROR] Client Error in reaching server endpoint - No response received when attempting to reach /_stcore/health @ http://localhost:8602/static/js/index.ByR4Z2EF.js:37
[  744473ms] [ERROR] Is Streamlit still running? If you accidentally stopped Streamlit, just restart it in your terminal: @ http://localhost:8602/static/js/index.ByR4Z2EF.js:42
[  744473ms] [ERROR] Failed to load resource: net::ERR_CONNECTION_REFUSED @ http://localhost:8602/_stcore/host-config:0
[  747784ms] [ERROR] Failed to load resource: net::ERR_CONNECTION_REFUSED @ http://localhost:8602/_stcore/health:0
[  747784ms] [ERROR] Client Error in reaching server endpoint - No response received when attempting to reach /_stcore/health @ http://localhost:8602/static/js/index.ByR4Z2EF.js:37
[  747784ms] [ERROR] Is Streamlit still running? If you accidentally stopped Streamlit, just restart it in your terminal: @ http://localhost:8602/static/js/index.ByR4Z2EF.js:42
[  747784ms] [ERROR] Failed to load resource: net::ERR_CONNECTION_REFUSED @ http://localhost:8602/_stcore/host-config:0
[  751156ms] [ERROR] Failed to load resource: net::ERR_CONNECTION_REFUSED @ http://localhost:8602/_stcore/health:0
[  751156ms] [ERROR] Client Error in reaching server endpoint - No response received when attempting to reach /_stcore/health @ http://localhost:8602/static/js/index.ByR4Z2EF.js:37
[  751157ms] [ERROR] Is Streamlit still running? If you accidentally stopped Streamlit, just restart it in your terminal: @ http://localhost:8602/static/js/index.ByR4Z2EF.js:42
[  751157ms] [ERROR] Failed to load resource: net::ERR_CONNECTION_REFUSED @ http://localhost:8602/_stcore/host-config:0
[  754615ms] [ERROR] Failed to load resource: net::ERR_CONNECTION_REFUSED @ http://localhost:8602/_stcore/health:0
[  754615ms] [ERROR] Client Error in reaching server endpoint - No response received when attempting to reach /_stcore/health @ http://localhost:8602/static/js/index.ByR4Z2EF.js:37
[  754615ms] [ERROR] Is Streamlit still running? If you accidentally stopped Streamlit, just restart it in your terminal: @ http://localhost:8602/static/js/index.ByR4Z2EF.js:42
[  754616ms] [ERROR] Failed to load resource: net::ERR_CONNECTION_REFUSED @ http://localhost:8602/_stcore/host-config:0
[  757755ms] [ERROR] Failed to load resource: net::ERR_CONNECTION_REFUSED @ http://localhost:8602/_stcore/health:0
[  757755ms] [ERROR] Client Error in reaching server endpoint - No response received when attempting to reach /_stcore/health @ http://localhost:8602/static/js/index.ByR4Z2EF.js:37
[  757755ms] [ERROR] Is Streamlit still running? If you accidentally stopped Streamlit, just restart it in your terminal: @ http://localhost:8602/static/js/index.ByR4Z2EF.js:42
[  757756ms] [ERROR] Failed to load resource: net::ERR_CONNECTION_REFUSED @ http://localhost:8602/_stcore/host-config:0
[  760881ms] [ERROR] Failed to load resource: net::ERR_CONNECTION_REFUSED @ http://localhost:8602/_stcore/health:0
[  760881ms] [ERROR] Client Error in reaching server endpoint - No response received when attempting to reach /_stcore/health @ http://localhost:8602/static/js/index.ByR4Z2EF.js:37
[  760881ms] [ERROR] Is Streamlit still running? If you accidentally stopped Streamlit, just restart it in your terminal: @ http://localhost:8602/static/js/index.ByR4Z2EF.js:42
[  760881ms] [ERROR] Failed to load resource: net::ERR_CONNECTION_REFUSED @ http://localhost:8602/_stcore/host-config:0
[  764263ms] [ERROR] Failed to load resource: net::ERR_CONNECTION_REFUSED @ http://localhost:8602/_stcore/health:0
[  764263ms] [ERROR] Client Error in reaching server endpoint - No response received when attempting to reach /_stcore/health @ http://localhost:8602/static/js/index.ByR4Z2EF.js:37
[  764263ms] [ERROR] Is Streamlit still running? If you accidentally stopped Streamlit, just restart it in your terminal: @ http://localhost:8602/static/js/index.ByR4Z2EF.js:42
[  764263ms] [ERROR] Failed to load resource: net::ERR_CONNECTION_REFUSED @ http://localhost:8602/_stcore/host-config:0
[  767393ms] [ERROR] Failed to load resource: net::ERR_CONNECTION_REFUSED @ http://localhost:8602/_stcore/health:0
[  767393ms] [ERROR] Client Error in reaching server endpoint - No response received when attempting to reach /_stcore/health @ http://localhost:8602/static/js/index.ByR4Z2EF.js:37
[  767393ms] [ERROR] Is Streamlit still running? If you accidentally stopped Streamlit, just restart it in your terminal: @ http://localhost:8602/static/js/index.ByR4Z2EF.js:42
[  767393ms] [ERROR] Failed to load resource: net::ERR_CONNECTION_REFUSED @ http://localhost:8602/_stcore/host-config:0
[  770225ms] [ERROR] Failed to load resource: net::ERR_CONNECTION_REFUSED @ http://localhost:8602/_stcore/health:0
[  770225ms] [ERROR] Client Error in reaching server endpoint - No response received when attempting to reach /_stcore/health @ http://localhost:8602/static/js/index.ByR4Z2EF.js:37
[  770225ms] [ERROR] Is Streamlit still running? If you accidentally stopped Streamlit, just restart it in your terminal: @ http://localhost:8602/static/js/index.ByR4Z2EF.js:42
[  770225ms] [ERROR] Failed to load resource: net::ERR_CONNECTION_REFUSED @ http://localhost:8602/_stcore/host-config:0
[  773944ms] [ERROR] Failed to load resource: net::ERR_CONNECTION_REFUSED @ http://localhost:8602/_stcore/health:0
[  773944ms] [ERROR] Client Error in reaching server endpoint - No response received when attempting to reach /_stcore/health @ http://localhost:8602/static/js/index.ByR4Z2EF.js:37
[  773944ms] [ERROR] Is Streamlit still running? If you accidentally stopped Streamlit, just restart it in your terminal: @ http://localhost:8602/static/js/index.ByR4Z2EF.js:42
[  773944ms] [ERROR] Failed to load resource: net::ERR_CONNECTION_REFUSED @ http://localhost:8602/_stcore/host-config:0
[  777218ms] [ERROR] Failed to load resource: net::ERR_CONNECTION_REFUSED @ http://localhost:8602/_stcore/health:0
[  777218ms] [ERROR] Client Error in reaching server endpoint - No response received when attempting to reach /_stcore/health @ http://localhost:8602/static/js/index.ByR4Z2EF.js:37
[  777218ms] [ERROR] Is Streamlit still running? If you accidentally stopped Streamlit, just restart it in your terminal: @ http://localhost:8602/static/js/index.ByR4Z2EF.js:42
[  777218ms] [ERROR] Failed to load resource: net::ERR_CONNECTION_REFUSED @ http://localhost:8602/_stcore/host-config:0
[  780184ms] [ERROR] Failed to load resource: net::ERR_CONNECTION_REFUSED @ http://localhost:8602/_stcore/health:0
[  780184ms] [ERROR] Client Error in reaching server endpoint - No response received when attempting to reach /_stcore/health @ http://localhost:8602/static/js/index.ByR4Z2EF.js:37
[  780185ms] [ERROR] Is Streamlit still running? If you accidentally stopped Streamlit, just restart it in your terminal: @ http://localhost:8602/static/js/index.ByR4Z2EF.js:42
[  780185ms] [ERROR] Failed to load resource: net::ERR_CONNECTION_REFUSED @ http://localhost:8602/_stcore/host-config:0
[  783731ms] [ERROR] Failed to load resource: net::ERR_CONNECTION_REFUSED @ http://localhost:8602/_stcore/health:0
[  783731ms] [ERROR] Client Error in reaching server endpoint - No response received when attempting to reach /_stcore/health @ http://localhost:8602/static/js/index.ByR4Z2EF.js:37
[  783731ms] [ERROR] Is Streamlit still running? If you accidentally stopped Streamlit, just restart it in your terminal: @ http://localhost:8602/static/js/index.ByR4Z2EF.js:42
[  783731ms] [ERROR] Failed to load resource: net::ERR_CONNECTION_REFUSED @ http://localhost:8602/_stcore/host-config:0
[  787517ms] [ERROR] Failed to load resource: net::ERR_CONNECTION_REFUSED @ http://localhost:8602/_stcore/health:0
[  787517ms] [ERROR] Client Error in reaching server endpoint - No response received when attempting to reach /_stcore/health @ http://localhost:8602/static/js/index.ByR4Z2EF.js:37
[  787517ms] [ERROR] Is Streamlit still running? If you accidentally stopped Streamlit, just restart it in your terminal: @ http://localhost:8602/static/js/index.ByR4Z2EF.js:42
[  787518ms] [ERROR] Failed to load resource: net::ERR_CONNECTION_REFUSED @ http://localhost:8602/_stcore/host-config:0
[  791198ms] [ERROR] Failed to load resource: net::ERR_CONNECTION_REFUSED @ http://localhost:8602/_stcore/health:0
[  791198ms] [ERROR] Client Error in reaching server endpoint - No response received when attempting to reach /_stcore/health @ http://localhost:8602/static/js/index.ByR4Z2EF.js:37
[  791198ms] [ERROR] Is Streamlit still running? If you accidentally stopped Streamlit, just restart it in your terminal: @ http://localhost:8602/static/js/index.ByR4Z2EF.js:42
[  791198ms] [ERROR] Failed to load resource: net::ERR_CONNECTION_REFUSED @ http://localhost:8602/_stcore/host-config:0
[  795193ms] [ERROR] Failed to load resource: net::ERR_CONNECTION_REFUSED @ http://localhost:8602/_stcore/health:0
[  795193ms] [ERROR] Client Error in reaching server endpoint - No response received when attempting to reach /_stcore/health @ http://localhost:8602/static/js/index.ByR4Z2EF.js:37
[  795193ms] [ERROR] Is Streamlit still running? If you accidentally stopped Streamlit, just restart it in your terminal: @ http://localhost:8602/static/js/index.ByR4Z2EF.js:42
[  795193ms] [ERROR] Failed to load resource: net::ERR_CONNECTION_REFUSED @ http://localhost:8602/_stcore/host-config:0
[  798686ms] [ERROR] Failed to load resource: net::ERR_CONNECTION_REFUSED @ http://localhost:8602/_stcore/health:0
[  798687ms] [ERROR] Client Error in reaching server endpoint - No response received when attempting to reach /_stcore/health @ http://localhost:8602/static/js/index.ByR4Z2EF.js:37
[  798687ms] [ERROR] Is Streamlit still running? If you accidentally stopped Streamlit, just restart it in your terminal: @ http://localhost:8602/static/js/index.ByR4Z2EF.js:42
[  798687ms] [ERROR] Failed to load resource: net::ERR_CONNECTION_REFUSED @ http://localhost:8602/_stcore/host-config:0
[  801997ms] [ERROR] Failed to load resource: net::ERR_CONNECTION_REFUSED @ http://localhost:8602/_stcore/health:0
[  801998ms] [ERROR] Client Error in reaching server endpoint - No response received when attempting to reach /_stcore/health @ http://localhost:8602/static/js/index.ByR4Z2EF.js:37
[  801998ms] [ERROR] Is Streamlit still running? If you accidentally stopped Streamlit, just restart it in your terminal: @ http://localhost:8602/static/js/index.ByR4Z2EF.js:42
[  801998ms] [ERROR] Failed to load resource: net::ERR_CONNECTION_REFUSED @ http://localhost:8602/_stcore/host-config:0
[  805991ms] [ERROR] Failed to load resource: net::ERR_CONNECTION_REFUSED @ http://localhost:8602/_stcore/health:0
[  805991ms] [ERROR] Client Error in reaching server endpoint - No response received when attempting to reach /_stcore/health @ http://localhost:8602/static/js/index.ByR4Z2EF.js:37
[  805992ms] [ERROR] Is Streamlit still running? If you accidentally stopped Streamlit, just restart it in your terminal: @ http://localhost:8602/static/js/index.ByR4Z2EF.js:42
[  805992ms] [ERROR] Failed to load resource: net::ERR_CONNECTION_REFUSED @ http://localhost:8602/_stcore/host-config:0
[  809252ms] [ERROR] Failed to load resource: net::ERR_CONNECTION_REFUSED @ http://localhost:8602/_stcore/health:0
[  809253ms] [ERROR] Client Error in reaching server endpoint - No response received when attempting to reach /_stcore/health @ http://localhost:8602/static/js/index.ByR4Z2EF.js:37
[  809253ms] [ERROR] Is Streamlit still running? If you accidentally stopped Streamlit, just restart it in your terminal: @ http://localhost:8602/static/js/index.ByR4Z2EF.js:42
[  809253ms] [ERROR] Failed to load resource: net::ERR_CONNECTION_REFUSED @ http://localhost:8602/_stcore/host-config:0
[  812194ms] [ERROR] Failed to load resource: net::ERR_CONNECTION_REFUSED @ http://localhost:8602/_stcore/health:0
[  812194ms] [ERROR] Client Error in reaching server endpoint - No response received when attempting to reach /_stcore/health @ http://localhost:8602/static/js/index.ByR4Z2EF.js:37
[  812195ms] [ERROR] Is Streamlit still running? If you accidentally stopped Streamlit, just restart it in your terminal: @ http://localhost:8602/static/js/index.ByR4Z2EF.js:42
[  812195ms] [ERROR] Failed to load resource: net::ERR_CONNECTION_REFUSED @ http://localhost:8602/_stcore/host-config:0
[  816072ms] [ERROR] Failed to load resource: net::ERR_CONNECTION_REFUSED @ http://localhost:8602/_stcore/health:0
[  816072ms] [ERROR] Client Error in reaching server endpoint - No response received when attempting to reach /_stcore/health @ http://localhost:8602/static/js/index.ByR4Z2EF.js:37
[  816073ms] [ERROR] Is Streamlit still running? If you accidentally stopped Streamlit, just restart it in your terminal: @ http://localhost:8602/static/js/index.ByR4Z2EF.js:42
[  816073ms] [ERROR] Failed to load resource: net::ERR_CONNECTION_REFUSED @ http://localhost:8602/_stcore/host-config:0
[  818980ms] [ERROR] Failed to load resource: net::ERR_CONNECTION_REFUSED @ http://localhost:8602/_stcore/health:0
[  818980ms] [ERROR] Client Error in reaching server endpoint - No response received when attempting to reach /_stcore/health @ http://localhost:8602/static/js/index.ByR4Z2EF.js:37
[  818980ms] [ERROR] Is Streamlit still running? If you accidentally stopped Streamlit, just restart it in your terminal: @ http://localhost:8602/static/js/index.ByR4Z2EF.js:42
[  818981ms] [ERROR] Failed to load resource: net::ERR_CONNECTION_REFUSED @ http://localhost:8602/_stcore/host-config:0
[  821868ms] [ERROR] Failed to load resource: net::ERR_CONNECTION_REFUSED @ http://localhost:8602/_stcore/health:0
[  821868ms] [ERROR] Client Error in reaching server endpoint - No response received when attempting to reach /_stcore/health @ http://localhost:8602/static/js/index.ByR4Z2EF.js:37
[  821868ms] [ERROR] Is Streamlit still running? If you accidentally stopped Streamlit, just restart it in your terminal: @ http://localhost:8602/static/js/index.ByR4Z2EF.js:42
[  821869ms] [ERROR] Failed to load resource: net::ERR_CONNECTION_REFUSED @ http://localhost:8602/_stcore/host-config:0
[  824779ms] [ERROR] Failed to load resource: net::ERR_CONNECTION_REFUSED @ http://localhost:8602/_stcore/health:0
[  824779ms] [ERROR] Client Error in reaching server endpoint - No response received when attempting to reach /_stcore/health @ http://localhost:8602/static/js/index.ByR4Z2EF.js:37
[  824779ms] [ERROR] Is Streamlit still running? If you accidentally stopped Streamlit, just restart it in your terminal: @ http://localhost:8602/static/js/index.ByR4Z2EF.js:42
[  824779ms] [ERROR] Failed to load resource: net::ERR_CONNECTION_REFUSED @ http://localhost:8602/_stcore/host-config:0
[  828066ms] [ERROR] Failed to load resource: net::ERR_CONNECTION_REFUSED @ http://localhost:8602/_stcore/health:0
[  828066ms] [ERROR] Client Error in reaching server endpoint - No response received when attempting to reach /_stcore/health @ http://localhost:8602/static/js/index.ByR4Z2EF.js:37
[  828066ms] [ERROR] Is Streamlit still running? If you accidentally stopped Streamlit, just restart it in your terminal: @ http://localhost:8602/static/js/index.ByR4Z2EF.js:42
[  828067ms] [ERROR] Failed to load resource: net::ERR_CONNECTION_REFUSED @ http://localhost:8602/_stcore/host-config:0
[  830999ms] [ERROR] Failed to load resource: net::ERR_CONNECTION_REFUSED @ http://localhost:8602/_stcore/health:0
[  830999ms] [ERROR] Client Error in reaching server endpoint - No response received when attempting to reach /_stcore/health @ http://localhost:8602/static/js/index.ByR4Z2EF.js:37
[  831000ms] [ERROR] Is Streamlit still running? If you accidentally stopped Streamlit, just restart it in your terminal: @ http://localhost:8602/static/js/index.ByR4Z2EF.js:42
[  831000ms] [ERROR] Failed to load resource: net::ERR_CONNECTION_REFUSED @ http://localhost:8602/_stcore/host-config:0
[  834796ms] [ERROR] Failed to load resource: net::ERR_CONNECTION_REFUSED @ http://localhost:8602/_stcore/health:0
[  834796ms] [ERROR] Client Error in reaching server endpoint - No response received when attempting to reach /_stcore/health @ http://localhost:8602/static/js/index.ByR4Z2EF.js:37
[  834796ms] [ERROR] Is Streamlit still running? If you accidentally stopped Streamlit, just restart it in your terminal: @ http://localhost:8602/static/js/index.ByR4Z2EF.js:42
[  834797ms] [ERROR] Failed to load resource: net::ERR_CONNECTION_REFUSED @ http://localhost:8602/_stcore/host-config:0
[  837802ms] [ERROR] Failed to load resource: net::ERR_CONNECTION_REFUSED @ http://localhost:8602/_stcore/health:0
[  837802ms] [ERROR] Client Error in reaching server endpoint - No response received when attempting to reach /_stcore/health @ http://localhost:8602/static/js/index.ByR4Z2EF.js:37
[  837802ms] [ERROR] Is Streamlit still running? If you accidentally stopped Streamlit, just restart it in your terminal: @ http://localhost:8602/static/js/index.ByR4Z2EF.js:42
[  837802ms] [ERROR] Failed to load resource: net::ERR_CONNECTION_REFUSED @ http://localhost:8602/_stcore/host-config:0
[  841683ms] [ERROR] Failed to load resource: net::ERR_CONNECTION_REFUSED @ http://localhost:8602/_stcore/health:0
[  841683ms] [ERROR] Client Error in reaching server endpoint - No response received when attempting to reach /_stcore/health @ http://localhost:8602/static/js/index.ByR4Z2EF.js:37
[  841683ms] [ERROR] Is Streamlit still running? If you accidentally stopped Streamlit, just restart it in your terminal: @ http://localhost:8602/static/js/index.ByR4Z2EF.js:42
[  841683ms] [ERROR] Failed to load resource: net::ERR_CONNECTION_REFUSED @ http://localhost:8602/_stcore/host-config:0
[  845209ms] [ERROR] Failed to load resource: net::ERR_CONNECTION_REFUSED @ http://localhost:8602/_stcore/health:0
[  845209ms] [ERROR] Client Error in reaching server endpoint - No response received when attempting to reach /_stcore/health @ http://localhost:8602/static/js/index.ByR4Z2EF.js:37
[  845209ms] [ERROR] Is Streamlit still running? If you accidentally stopped Streamlit, just restart it in your terminal: @ http://localhost:8602/static/js/index.ByR4Z2EF.js:42
[  845209ms] [ERROR] Failed to load resource: net::ERR_CONNECTION_REFUSED @ http://localhost:8602/_stcore/host-config:0
[  848797ms] [ERROR] Failed to load resource: net::ERR_CONNECTION_REFUSED @ http://localhost:8602/_stcore/health:0
[  848797ms] [ERROR] Client Error in reaching server endpoint - No response received when attempting to reach /_stcore/health @ http://localhost:8602/static/js/index.ByR4Z2EF.js:37
[  848797ms] [ERROR] Is Streamlit still running? If you accidentally stopped Streamlit, just restart it in your terminal: @ http://localhost:8602/static/js/index.ByR4Z2EF.js:42
[  848797ms] [ERROR] Failed to load resource: net::ERR_CONNECTION_REFUSED @ http://localhost:8602/_stcore/host-config:0
[  852300ms] [ERROR] Failed to load resource: net::ERR_CONNECTION_REFUSED @ http://localhost:8602/_stcore/health:0
[  852300ms] [ERROR] Client Error in reaching server endpoint - No response received when attempting to reach /_stcore/health @ http://localhost:8602/static/js/index.ByR4Z2EF.js:37
[  852300ms] [ERROR] Is Streamlit still running? If you accidentally stopped Streamlit, just restart it in your terminal: @ http://localhost:8602/static/js/index.ByR4Z2EF.js:42
[  852301ms] [ERROR] Failed to load resource: net::ERR_CONNECTION_REFUSED @ http://localhost:8602/_stcore/host-config:0
[  855424ms] [ERROR] Failed to load resource: net::ERR_CONNECTION_REFUSED @ http://localhost:8602/_stcore/health:0
[  855424ms] [ERROR] Client Error in reaching server endpoint - No response received when attempting to reach /_stcore/health @ http://localhost:8602/static/js/index.ByR4Z2EF.js:37
[  855424ms] [ERROR] Is Streamlit still running? If you accidentally stopped Streamlit, just restart it in your terminal: @ http://localhost:8602/static/js/index.ByR4Z2EF.js:42
[  855424ms] [ERROR] Failed to load resource: net::ERR_CONNECTION_REFUSED @ http://localhost:8602/_stcore/host-config:0
[  858912ms] [ERROR] Failed to load resource: net::ERR_CONNECTION_REFUSED @ http://localhost:8602/_stcore/health:0
[  858912ms] [ERROR] Client Error in reaching server endpoint - No response received when attempting to reach /_stcore/health @ http://localhost:8602/static/js/index.ByR4Z2EF.js:37
[  858912ms] [ERROR] Is Streamlit still running? If you accidentally stopped Streamlit, just restart it in your terminal: @ http://localhost:8602/static/js/index.ByR4Z2EF.js:42
[  858912ms] [ERROR] Failed to load resource: net::ERR_CONNECTION_REFUSED @ http://localhost:8602/_stcore/host-config:0
[  862490ms] [ERROR] Failed to load resource: net::ERR_CONNECTION_REFUSED @ http://localhost:8602/_stcore/health:0
[  862490ms] [ERROR] Client Error in reaching server endpoint - No response received when attempting to reach /_stcore/health @ http://localhost:8602/static/js/index.ByR4Z2EF.js:37
[  862491ms] [ERROR] Is Streamlit still running? If you accidentally stopped Streamlit, just restart it in your terminal: @ http://localhost:8602/static/js/index.ByR4Z2EF.js:42
[  862491ms] [ERROR] Failed to load resource: net::ERR_CONNECTION_REFUSED @ http://localhost:8602/_stcore/host-config:0
[  865301ms] [ERROR] Failed to load resource: net::ERR_CONNECTION_REFUSED @ http://localhost:8602/_stcore/health:0
[  865301ms] [ERROR] Client Error in reaching server endpoint - No response received when attempting to reach /_stcore/health @ http://localhost:8602/static/js/index.ByR4Z2EF.js:37
[  865302ms] [ERROR] Is Streamlit still running? If you accidentally stopped Streamlit, just restart it in your terminal: @ http://localhost:8602/static/js/index.ByR4Z2EF.js:42
[  865302ms] [ERROR] Failed to load resource: net::ERR_CONNECTION_REFUSED @ http://localhost:8602/_stcore/host-config:0
[  868791ms] [ERROR] Failed to load resource: net::ERR_CONNECTION_REFUSED @ http://localhost:8602/_stcore/health:0
[  868791ms] [ERROR] Client Error in reaching server endpoint - No response received when attempting to reach /_stcore/health @ http://localhost:8602/static/js/index.ByR4Z2EF.js:37
[  868791ms] [ERROR] Is Streamlit still running? If you accidentally stopped Streamlit, just restart it in your terminal: @ http://localhost:8602/static/js/index.ByR4Z2EF.js:42
[  868791ms] [ERROR] Failed to load resource: net::ERR_CONNECTION_REFUSED @ http://localhost:8602/_stcore/host-config:0
[  872547ms] [ERROR] Failed to load resource: net::ERR_CONNECTION_REFUSED @ http://localhost:8602/_stcore/health:0
[  872547ms] [ERROR] Client Error in reaching server endpoint - No response received when attempting to reach /_stcore/health @ http://localhost:8602/static/js/index.ByR4Z2EF.js:37
[  872547ms] [ERROR] Is Streamlit still running? If you accidentally stopped Streamlit, just restart it in your terminal: @ http://localhost:8602/static/js/index.ByR4Z2EF.js:42
[  872548ms] [ERROR] Failed to load resource: net::ERR_CONNECTION_REFUSED @ http://localhost:8602/_stcore/host-config:0
[  875983ms] [ERROR] Failed to load resource: net::ERR_CONNECTION_REFUSED @ http://localhost:8602/_stcore/health:0
[  875983ms] [ERROR] Client Error in reaching server endpoint - No response received when attempting to reach /_stcore/health @ http://localhost:8602/static/js/index.ByR4Z2EF.js:37
[  875983ms] [ERROR] Is Streamlit still running? If you accidentally stopped Streamlit, just restart it in your terminal: @ http://localhost:8602/static/js/index.ByR4Z2EF.js:42
[  875983ms] [ERROR] Failed to load resource: net::ERR_CONNECTION_REFUSED @ http://localhost:8602/_stcore/host-config:0
[  879162ms] [ERROR] Failed to load resource: net::ERR_CONNECTION_REFUSED @ http://localhost:8602/_stcore/health:0
[  879162ms] [ERROR] Client Error in reaching server endpoint - No response received when attempting to reach /_stcore/health @ http://localhost:8602/static/js/index.ByR4Z2EF.js:37
[  879162ms] [ERROR] Is Streamlit still running? If you accidentally stopped Streamlit, just restart it in your terminal: @ http://localhost:8602/static/js/index.ByR4Z2EF.js:42
[  879162ms] [ERROR] Failed to load resource: net::ERR_CONNECTION_REFUSED @ http://localhost:8602/_stcore/host-config:0
[  883013ms] [ERROR] Failed to load resource: net::ERR_CONNECTION_REFUSED @ http://localhost:8602/_stcore/health:0
[  883013ms] [ERROR] Client Error in reaching server endpoint - No response received when attempting to reach /_stcore/health @ http://localhost:8602/static/js/index.ByR4Z2EF.js:37
[  883013ms] [ERROR] Is Streamlit still running? If you accidentally stopped Streamlit, just restart it in your terminal: @ http://localhost:8602/static/js/index.ByR4Z2EF.js:42
[  883013ms] [ERROR] Failed to load resource: net::ERR_CONNECTION_REFUSED @ http://localhost:8602/_stcore/host-config:0
[  886749ms] [ERROR] Failed to load resource: net::ERR_CONNECTION_REFUSED @ http://localhost:8602/_stcore/health:0
[  886749ms] [ERROR] Client Error in reaching server endpoint - No response received when attempting to reach /_stcore/health @ http://localhost:8602/static/js/index.ByR4Z2EF.js:37
[  886749ms] [ERROR] Is Streamlit still running? If you accidentally stopped Streamlit, just restart it in your terminal: @ http://localhost:8602/static/js/index.ByR4Z2EF.js:42
[  886749ms] [ERROR] Failed to load resource: net::ERR_CONNECTION_REFUSED @ http://localhost:8602/_stcore/host-config:0
[  890351ms] [ERROR] Failed to load resource: net::ERR_CONNECTION_REFUSED @ http://localhost:8602/_stcore/health:0
[  890351ms] [ERROR] Client Error in reaching server endpoint - No response received when attempting to reach /_stcore/health @ http://localhost:8602/static/js/index.ByR4Z2EF.js:37
[  890351ms] [ERROR] Is Streamlit still running? If you accidentally stopped Streamlit, just restart it in your terminal: @ http://localhost:8602/static/js/index.ByR4Z2EF.js:42
[  890351ms] [ERROR] Failed to load resource: net::ERR_CONNECTION_REFUSED @ http://localhost:8602/_stcore/host-config:0
[  894037ms] [ERROR] Failed to load resource: net::ERR_CONNECTION_REFUSED @ http://localhost:8602/_stcore/health:0
[  894038ms] [ERROR] Client Error in reaching server endpoint - No response received when attempting to reach /_stcore/health @ http://localhost:8602/static/js/index.ByR4Z2EF.js:37
[  894038ms] [ERROR] Is Streamlit still running? If you accidentally stopped Streamlit, just restart it in your terminal: @ http://localhost:8602/static/js/index.ByR4Z2EF.js:42
[  894038ms] [ERROR] Failed to load resource: net::ERR_CONNECTION_REFUSED @ http://localhost:8602/_stcore/host-config:0
[  896854ms] [ERROR] Failed to load resource: net::ERR_CONNECTION_REFUSED @ http://localhost:8602/_stcore/health:0
[  896854ms] [ERROR] Client Error in reaching server endpoint - No response received when attempting to reach /_stcore/health @ http://localhost:8602/static/js/index.ByR4Z2EF.js:37
[  896854ms] [ERROR] Is Streamlit still running? If you accidentally stopped Streamlit, just restart it in your terminal: @ http://localhost:8602/static/js/index.ByR4Z2EF.js:42
[  896855ms] [ERROR] Failed to load resource: net::ERR_CONNECTION_REFUSED @ http://localhost:8602/_stcore/host-config:0
[  900109ms] [ERROR] Failed to load resource: net::ERR_CONNECTION_REFUSED @ http://localhost:8602/_stcore/health:0
[  900109ms] [ERROR] Client Error in reaching server endpoint - No response received when attempting to reach /_stcore/health @ http://localhost:8602/static/js/index.ByR4Z2EF.js:37
[  900109ms] [ERROR] Is Streamlit still running? If you accidentally stopped Streamlit, just restart it in your terminal: @ http://localhost:8602/static/js/index.ByR4Z2EF.js:42
[  900109ms] [ERROR] Failed to load resource: net::ERR_CONNECTION_REFUSED @ http://localhost:8602/_stcore/host-config:0
[  903529ms] [ERROR] Failed to load resource: net::ERR_CONNECTION_REFUSED @ http://localhost:8602/_stcore/health:0
[  903529ms] [ERROR] Client Error in reaching server endpoint - No response received when attempting to reach /_stcore/health @ http://localhost:8602/static/js/index.ByR4Z2EF.js:37
[  903529ms] [ERROR] Is Streamlit still running? If you accidentally stopped Streamlit, just restart it in your terminal: @ http://localhost:8602/static/js/index.ByR4Z2EF.js:42
[  903529ms] [ERROR] Failed to load resource: net::ERR_CONNECTION_REFUSED @ http://localhost:8602/_stcore/host-config:0
[  907457ms] [ERROR] Failed to load resource: net::ERR_CONNECTION_REFUSED @ http://localhost:8602/_stcore/health:0
[  907457ms] [ERROR] Client Error in reaching server endpoint - No response received when attempting to reach /_stcore/health @ http://localhost:8602/static/js/index.ByR4Z2EF.js:37
[  907457ms] [ERROR] Is Streamlit still running? If you accidentally stopped Streamlit, just restart it in your terminal: @ http://localhost:8602/static/js/index.ByR4Z2EF.js:42
[  907457ms] [ERROR] Failed to load resource: net::ERR_CONNECTION_REFUSED @ http://localhost:8602/_stcore/host-config:0
[  910987ms] [ERROR] Failed to load resource: net::ERR_CONNECTION_REFUSED @ http://localhost:8602/_stcore/health:0
[  910987ms] [ERROR] Client Error in reaching server endpoint - No response received when attempting to reach /_stcore/health @ http://localhost:8602/static/js/index.ByR4Z2EF.js:37
[  910987ms] [ERROR] Is Streamlit still running? If you accidentally stopped Streamlit, just restart it in your terminal: @ http://localhost:8602/static/js/index.ByR4Z2EF.js:42
[  910988ms] [ERROR] Failed to load resource: net::ERR_CONNECTION_REFUSED @ http://localhost:8602/_stcore/host-config:0
[  914305ms] [ERROR] Failed to load resource: net::ERR_CONNECTION_REFUSED @ http://localhost:8602/_stcore/health:0
[  914305ms] [ERROR] Client Error in reaching server endpoint - No response received when attempting to reach /_stcore/health @ http://localhost:8602/static/js/index.ByR4Z2EF.js:37
[  914305ms] [ERROR] Is Streamlit still running? If you accidentally stopped Streamlit, just restart it in your terminal: @ http://localhost:8602/static/js/index.ByR4Z2EF.js:42
[  914305ms] [ERROR] Failed to load resource: net::ERR_CONNECTION_REFUSED @ http://localhost:8602/_stcore/host-config:0
[  917853ms] [ERROR] Failed to load resource: net::ERR_CONNECTION_REFUSED @ http://localhost:8602/_stcore/health:0
[  917853ms] [ERROR] Client Error in reaching server endpoint - No response received when attempting to reach /_stcore/health @ http://localhost:8602/static/js/index.ByR4Z2EF.js:37
[  917853ms] [ERROR] Is Streamlit still running? If you accidentally stopped Streamlit, just restart it in your terminal: @ http://localhost:8602/static/js/index.ByR4Z2EF.js:42
[  917853ms] [ERROR] Failed to load resource: net::ERR_CONNECTION_REFUSED @ http://localhost:8602/_stcore/host-config:0
[  921046ms] [ERROR] Failed to load resource: net::ERR_CONNECTION_REFUSED @ http://localhost:8602/_stcore/health:0
[  921046ms] [ERROR] Client Error in reaching server endpoint - No response received when attempting to reach /_stcore/health @ http://localhost:8602/static/js/index.ByR4Z2EF.js:37
[  921046ms] [ERROR] Is Streamlit still running? If you accidentally stopped Streamlit, just restart it in your terminal: @ http://localhost:8602/static/js/index.ByR4Z2EF.js:42
[  921046ms] [ERROR] Failed to load resource: net::ERR_CONNECTION_REFUSED @ http://localhost:8602/_stcore/host-config:0
[  924885ms] [ERROR] Failed to load resource: net::ERR_CONNECTION_REFUSED @ http://localhost:8602/_stcore/health:0
[  924885ms] [ERROR] Client Error in reaching server endpoint - No response received when attempting to reach /_stcore/health @ http://localhost:8602/static/js/index.ByR4Z2EF.js:37
[  924885ms] [ERROR] Is Streamlit still running? If you accidentally stopped Streamlit, just restart it in your terminal: @ http://localhost:8602/static/js/index.ByR4Z2EF.js:42
[  924886ms] [ERROR] Failed to load resource: net::ERR_CONNECTION_REFUSED @ http://localhost:8602/_stcore/host-config:0
[  927891ms] [ERROR] Failed to load resource: net::ERR_CONNECTION_REFUSED @ http://localhost:8602/_stcore/health:0
[  927891ms] [ERROR] Client Error in reaching server endpoint - No response received when attempting to reach /_stcore/health @ http://localhost:8602/static/js/index.ByR4Z2EF.js:37
[  927891ms] [ERROR] Is Streamlit still running? If you accidentally stopped Streamlit, just restart it in your terminal: @ http://localhost:8602/static/js/index.ByR4Z2EF.js:42
[  927892ms] [ERROR] Failed to load resource: net::ERR_CONNECTION_REFUSED @ http://localhost:8602/_stcore/host-config:0
[  930815ms] [ERROR] Failed to load resource: net::ERR_CONNECTION_REFUSED @ http://localhost:8602/_stcore/health:0
[  930815ms] [ERROR] Client Error in reaching server endpoint - No response received when attempting to reach /_stcore/health @ http://localhost:8602/static/js/index.ByR4Z2EF.js:37
[  930815ms] [ERROR] Is Streamlit still running? If you accidentally stopped Streamlit, just restart it in your terminal: @ http://localhost:8602/static/js/index.ByR4Z2EF.js:42
[  930815ms] [ERROR] Failed to load resource: net::ERR_CONNECTION_REFUSED @ http://localhost:8602/_stcore/host-config:0
[  934106ms] [ERROR] Failed to load resource: net::ERR_CONNECTION_REFUSED @ http://localhost:8602/_stcore/health:0
[  934106ms] [ERROR] Client Error in reaching server endpoint - No response received when attempting to reach /_stcore/health @ http://localhost:8602/static/js/index.ByR4Z2EF.js:37
[  934106ms] [ERROR] Is Streamlit still running? If you accidentally stopped Streamlit, just restart it in your terminal: @ http://localhost:8602/static/js/index.ByR4Z2EF.js:42
[  934107ms] [ERROR] Failed to load resource: net::ERR_CONNECTION_REFUSED @ http://localhost:8602/_stcore/host-config:0
[  937083ms] [ERROR] Failed to load resource: net::ERR_CONNECTION_REFUSED @ http://localhost:8602/_stcore/health:0
[  937083ms] [ERROR] Client Error in reaching server endpoint - No response received when attempting to reach /_stcore/health @ http://localhost:8602/static/js/index.ByR4Z2EF.js:37
[  937083ms] [ERROR] Is Streamlit still running? If you accidentally stopped Streamlit, just restart it in your terminal: @ http://localhost:8602/static/js/index.ByR4Z2EF.js:42
[  937083ms] [ERROR] Failed to load resource: net::ERR_CONNECTION_REFUSED @ http://localhost:8602/_stcore/host-config:0
[  940789ms] [ERROR] Failed to load resource: net::ERR_CONNECTION_REFUSED @ http://localhost:8602/_stcore/health:0
[  940789ms] [ERROR] Client Error in reaching server endpoint - No response received when attempting to reach /_stcore/health @ http://localhost:8602/static/js/index.ByR4Z2EF.js:37
[  940789ms] [ERROR] Is Streamlit still running? If you accidentally stopped Streamlit, just restart it in your terminal: @ http://localhost:8602/static/js/index.ByR4Z2EF.js:42
[  940789ms] [ERROR] Failed to load resource: net::ERR_CONNECTION_REFUSED @ http://localhost:8602/_stcore/host-config:0
[  944090ms] [ERROR] Failed to load resource: net::ERR_CONNECTION_REFUSED @ http://localhost:8602/_stcore/health:0
[  944090ms] [ERROR] Client Error in reaching server endpoint - No response received when attempting to reach /_stcore/health @ http://localhost:8602/static/js/index.ByR4Z2EF.js:37
[  944091ms] [ERROR] Is Streamlit still running? If you accidentally stopped Streamlit, just restart it in your terminal: @ http://localhost:8602/static/js/index.ByR4Z2EF.js:42
[  944091ms] [ERROR] Failed to load resource: net::ERR_CONNECTION_REFUSED @ http://localhost:8602/_stcore/host-config:0
[  947269ms] [ERROR] Failed to load resource: net::ERR_CONNECTION_REFUSED @ http://localhost:8602/_stcore/health:0
[  947269ms] [ERROR] Client Error in reaching server endpoint - No response received when attempting to reach /_stcore/health @ http://localhost:8602/static/js/index.ByR4Z2EF.js:37
[  947269ms] [ERROR] Is Streamlit still running? If you accidentally stopped Streamlit, just restart it in your terminal: @ http://localhost:8602/static/js/index.ByR4Z2EF.js:42
[  947269ms] [ERROR] Failed to load resource: net::ERR_CONNECTION_REFUSED @ http://localhost:8602/_stcore/host-config:0
[  950861ms] [ERROR] Failed to load resource: net::ERR_CONNECTION_REFUSED @ http://localhost:8602/_stcore/health:0
[  950861ms] [ERROR] Client Error in reaching server endpoint - No response received when attempting to reach /_stcore/health @ http://localhost:8602/static/js/index.ByR4Z2EF.js:37
[  950861ms] [ERROR] Is Streamlit still running? If you accidentally stopped Streamlit, just restart it in your terminal: @ http://localhost:8602/static/js/index.ByR4Z2EF.js:42
[  950861ms] [ERROR] Failed to load resource: net::ERR_CONNECTION_REFUSED @ http://localhost:8602/_stcore/host-config:0
[  954283ms] [ERROR] Failed to load resource: net::ERR_CONNECTION_REFUSED @ http://localhost:8602/_stcore/health:0
[  954283ms] [ERROR] Client Error in reaching server endpoint - No response received when attempting to reach /_stcore/health @ http://localhost:8602/static/js/index.ByR4Z2EF.js:37
[  954283ms] [ERROR] Is Streamlit still running? If you accidentally stopped Streamlit, just restart it in your terminal: @ http://localhost:8602/static/js/index.ByR4Z2EF.js:42
[  954283ms] [ERROR] Failed to load resource: net::ERR_CONNECTION_REFUSED @ http://localhost:8602/_stcore/host-config:0
[  957648ms] [ERROR] Failed to load resource: net::ERR_CONNECTION_REFUSED @ http://localhost:8602/_stcore/health:0
[  957649ms] [ERROR] Client Error in reaching server endpoint - No response received when attempting to reach /_stcore/health @ http://localhost:8602/static/js/index.ByR4Z2EF.js:37
[  957649ms] [ERROR] Is Streamlit still running? If you accidentally stopped Streamlit, just restart it in your terminal: @ http://localhost:8602/static/js/index.ByR4Z2EF.js:42
[  957649ms] [ERROR] Failed to load resource: net::ERR_CONNECTION_REFUSED @ http://localhost:8602/_stcore/host-config:0
[  961414ms] [ERROR] Failed to load resource: net::ERR_CONNECTION_REFUSED @ http://localhost:8602/_stcore/health:0
[  961415ms] [ERROR] Client Error in reaching server endpoint - No response received when attempting to reach /_stcore/health @ http://localhost:8602/static/js/index.ByR4Z2EF.js:37
[  961415ms] [ERROR] Is Streamlit still running? If you accidentally stopped Streamlit, just restart it in your terminal: @ http://localhost:8602/static/js/index.ByR4Z2EF.js:42
[  961415ms] [ERROR] Failed to load resource: net::ERR_CONNECTION_REFUSED @ http://localhost:8602/_stcore/host-config:0
[  964869ms] [ERROR] Failed to load resource: net::ERR_CONNECTION_REFUSED @ http://localhost:8602/_stcore/health:0
[  964869ms] [ERROR] Client Error in reaching server endpoint - No response received when attempting to reach /_stcore/health @ http://localhost:8602/static/js/index.ByR4Z2EF.js:37
[  964869ms] [ERROR] Is Streamlit still running? If you accidentally stopped Streamlit, just restart it in your terminal: @ http://localhost:8602/static/js/index.ByR4Z2EF.js:42
[  964869ms] [ERROR] Failed to load resource: net::ERR_CONNECTION_REFUSED @ http://localhost:8602/_stcore/host-config:0
[  967925ms] [ERROR] Failed to load resource: net::ERR_CONNECTION_REFUSED @ http://localhost:8602/_stcore/health:0
[  967925ms] [ERROR] Client Error in reaching server endpoint - No response received when attempting to reach /_stcore/health @ http://localhost:8602/static/js/index.ByR4Z2EF.js:37
[  967926ms] [ERROR] Is Streamlit still running? If you accidentally stopped Streamlit, just restart it in your terminal: @ http://localhost:8602/static/js/index.ByR4Z2EF.js:42
[  967926ms] [ERROR] Failed to load resource: net::ERR_CONNECTION_REFUSED @ http://localhost:8602/_stcore/host-config:0
[  971547ms] [ERROR] Failed to load resource: net::ERR_CONNECTION_REFUSED @ http://localhost:8602/_stcore/health:0
[  971547ms] [ERROR] Client Error in reaching server endpoint - No response received when attempting to reach /_stcore/health @ http://localhost:8602/static/js/index.ByR4Z2EF.js:37
[  971548ms] [ERROR] Is Streamlit still running? If you accidentally stopped Streamlit, just restart it in your terminal: @ http://localhost:8602/static/js/index.ByR4Z2EF.js:42
[  971548ms] [ERROR] Failed to load resource: net::ERR_CONNECTION_REFUSED @ http://localhost:8602/_stcore/host-config:0
[  974702ms] [ERROR] Failed to load resource: net::ERR_CONNECTION_REFUSED @ http://localhost:8602/_stcore/health:0
[  974702ms] [ERROR] Client Error in reaching server endpoint - No response received when attempting to reach /_stcore/health @ http://localhost:8602/static/js/index.ByR4Z2EF.js:37
[  974703ms] [ERROR] Is Streamlit still running? If you accidentally stopped Streamlit, just restart it in your terminal: @ http://localhost:8602/static/js/index.ByR4Z2EF.js:42
[  974703ms] [ERROR] Failed to load resource: net::ERR_CONNECTION_REFUSED @ http://localhost:8602/_stcore/host-config:0
[  978192ms] [ERROR] Failed to load resource: net::ERR_CONNECTION_REFUSED @ http://localhost:8602/_stcore/health:0
[  978192ms] [ERROR] Client Error in reaching server endpoint - No response received when attempting to reach /_stcore/health @ http://localhost:8602/static/js/index.ByR4Z2EF.js:37
[  978192ms] [ERROR] Is Streamlit still running? If you accidentally stopped Streamlit, just restart it in your terminal: @ http://localhost:8602/static/js/index.ByR4Z2EF.js:42
[  978193ms] [ERROR] Failed to load resource: net::ERR_CONNECTION_REFUSED @ http://localhost:8602/_stcore/host-config:0
[  981761ms] [ERROR] Failed to load resource: net::ERR_CONNECTION_REFUSED @ http://localhost:8602/_stcore/health:0
[  981761ms] [ERROR] Client Error in reaching server endpoint - No response received when attempting to reach /_stcore/health @ http://localhost:8602/static/js/index.ByR4Z2EF.js:37
[  981761ms] [ERROR] Is Streamlit still running? If you accidentally stopped Streamlit, just restart it in your terminal: @ http://localhost:8602/static/js/index.ByR4Z2EF.js:42
[  981761ms] [ERROR] Failed to load resource: net::ERR_CONNECTION_REFUSED @ http://localhost:8602/_stcore/host-config:0
[  985697ms] [ERROR] Failed to load resource: net::ERR_CONNECTION_REFUSED @ http://localhost:8602/_stcore/health:0
[  985697ms] [ERROR] Client Error in reaching server endpoint - No response received when attempting to reach /_stcore/health @ http://localhost:8602/static/js/index.ByR4Z2EF.js:37
[  985697ms] [ERROR] Is Streamlit still running? If you accidentally stopped Streamlit, just restart it in your terminal: @ http://localhost:8602/static/js/index.ByR4Z2EF.js:42
[  985697ms] [ERROR] Failed to load resource: net::ERR_CONNECTION_REFUSED @ http://localhost:8602/_stcore/host-config:0
[  988605ms] [ERROR] Failed to load resource: net::ERR_CONNECTION_REFUSED @ http://localhost:8602/_stcore/health:0
[  988605ms] [ERROR] Client Error in reaching server endpoint - No response received when attempting to reach /_stcore/health @ http://localhost:8602/static/js/index.ByR4Z2EF.js:37
[  988605ms] [ERROR] Is Streamlit still running? If you accidentally stopped Streamlit, just restart it in your terminal: @ http://localhost:8602/static/js/index.ByR4Z2EF.js:42
[  988605ms] [ERROR] Failed to load resource: net::ERR_CONNECTION_REFUSED @ http://localhost:8602/_stcore/host-config:0
[  991725ms] [ERROR] Failed to load resource: net::ERR_CONNECTION_REFUSED @ http://localhost:8602/_stcore/health:0
[  991725ms] [ERROR] Client Error in reaching server endpoint - No response received when attempting to reach /_stcore/health @ http://localhost:8602/static/js/index.ByR4Z2EF.js:37
[  991725ms] [ERROR] Is Streamlit still running? If you accidentally stopped Streamlit, just restart it in your terminal: @ http://localhost:8602/static/js/index.ByR4Z2EF.js:42
[  991725ms] [ERROR] Failed to load resource: net::ERR_CONNECTION_REFUSED @ http://localhost:8602/_stcore/host-config:0
[  995333ms] [ERROR] Failed to load resource: net::ERR_CONNECTION_REFUSED @ http://localhost:8602/_stcore/health:0
[  995333ms] [ERROR] Client Error in reaching server endpoint - No response received when attempting to reach /_stcore/health @ http://localhost:8602/static/js/index.ByR4Z2EF.js:37
[  995333ms] [ERROR] Is Streamlit still running? If you accidentally stopped Streamlit, just restart it in your terminal: @ http://localhost:8602/static/js/index.ByR4Z2EF.js:42
[  995333ms] [ERROR] Failed to load resource: net::ERR_CONNECTION_REFUSED @ http://localhost:8602/_stcore/host-config:0
[  998868ms] [ERROR] Failed to load resource: net::ERR_CONNECTION_REFUSED @ http://localhost:8602/_stcore/health:0
[  998868ms] [ERROR] Client Error in reaching server endpoint - No response received when attempting to reach /_stcore/health @ http://localhost:8602/static/js/index.ByR4Z2EF.js:37
[  998868ms] [ERROR] Is Streamlit still running? If you accidentally stopped Streamlit, just restart it in your terminal: @ http://localhost:8602/static/js/index.ByR4Z2EF.js:42
[  998868ms] [ERROR] Failed to load resource: net::ERR_CONNECTION_REFUSED @ http://localhost:8602/_stcore/host-config:0
[ 1002787ms] [ERROR] Failed to load resource: net::ERR_CONNECTION_REFUSED @ http://localhost:8602/_stcore/health:0
[ 1002787ms] [ERROR] Client Error in reaching server endpoint - No response received when attempting to reach /_stcore/health @ http://localhost:8602/static/js/index.ByR4Z2EF.js:37
[ 1002788ms] [ERROR] Is Streamlit still running? If you accidentally stopped Streamlit, just restart it in your terminal: @ http://localhost:8602/static/js/index.ByR4Z2EF.js:42
[ 1002788ms] [ERROR] Failed to load resource: net::ERR_CONNECTION_REFUSED @ http://localhost:8602/_stcore/host-config:0
[ 1006625ms] [ERROR] Failed to load resource: net::ERR_CONNECTION_REFUSED @ http://localhost:8602/_stcore/health:0
[ 1006625ms] [ERROR] Client Error in reaching server endpoint - No response received when attempting to reach /_stcore/health @ http://localhost:8602/static/js/index.ByR4Z2EF.js:37
[ 1006625ms] [ERROR] Is Streamlit still running? If you accidentally stopped Streamlit, just restart it in your terminal: @ http://localhost:8602/static/js/index.ByR4Z2EF.js:42
[ 1006625ms] [ERROR] Failed to load resource: net::ERR_CONNECTION_REFUSED @ http://localhost:8602/_stcore/host-config:0
[ 1009787ms] [ERROR] Failed to load resource: net::ERR_CONNECTION_REFUSED @ http://localhost:8602/_stcore/health:0
[ 1009787ms] [ERROR] Client Error in reaching server endpoint - No response received when attempting to reach /_stcore/health @ http://localhost:8602/static/js/index.ByR4Z2EF.js:37
[ 1009787ms] [ERROR] Is Streamlit still running? If you accidentally stopped Streamlit, just restart it in your terminal: @ http://localhost:8602/static/js/index.ByR4Z2EF.js:42
[ 1009787ms] [ERROR] Failed to load resource: net::ERR_CONNECTION_REFUSED @ http://localhost:8602/_stcore/host-config:0
[ 1013359ms] [ERROR] Failed to load resource: net::ERR_CONNECTION_REFUSED @ http://localhost:8602/_stcore/health:0
[ 1013359ms] [ERROR] Client Error in reaching server endpoint - No response received when attempting to reach /_stcore/health @ http://localhost:8602/static/js/index.ByR4Z2EF.js:37
[ 1013359ms] [ERROR] Is Streamlit still running? If you accidentally stopped Streamlit, just restart it in your terminal: @ http://localhost:8602/static/js/index.ByR4Z2EF.js:42
[ 1013359ms] [ERROR] Failed to load resource: net::ERR_CONNECTION_REFUSED @ http://localhost:8602/_stcore/host-config:0
[ 1016309ms] [ERROR] Failed to load resource: net::ERR_CONNECTION_REFUSED @ http://localhost:8602/_stcore/health:0
[ 1016309ms] [ERROR] Client Error in reaching server endpoint - No response received when attempting to reach /_stcore/health @ http://localhost:8602/static/js/index.ByR4Z2EF.js:37
[ 1016309ms] [ERROR] Is Streamlit still running? If you accidentally stopped Streamlit, just restart it in your terminal: @ http://localhost:8602/static/js/index.ByR4Z2EF.js:42
[ 1016309ms] [ERROR] Failed to load resource: net::ERR_CONNECTION_REFUSED @ http://localhost:8602/_stcore/host-config:0
[ 1020249ms] [ERROR] Failed to load resource: net::ERR_CONNECTION_REFUSED @ http://localhost:8602/_stcore/health:0
[ 1020249ms] [ERROR] Client Error in reaching server endpoint - No response received when attempting to reach /_stcore/health @ http://localhost:8602/static/js/index.ByR4Z2EF.js:37
[ 1020249ms] [ERROR] Is Streamlit still running? If you accidentally stopped Streamlit, just restart it in your terminal: @ http://localhost:8602/static/js/index.ByR4Z2EF.js:42
[ 1020250ms] [ERROR] Failed to load resource: net::ERR_CONNECTION_REFUSED @ http://localhost:8602/_stcore/host-config:0
[ 1023153ms] [ERROR] Failed to load resource: net::ERR_CONNECTION_REFUSED @ http://localhost:8602/_stcore/health:0
[ 1023153ms] [ERROR] Client Error in reaching server endpoint - No response received when attempting to reach /_stcore/health @ http://localhost:8602/static/js/index.ByR4Z2EF.js:37
[ 1023153ms] [ERROR] Is Streamlit still running? If you accidentally stopped Streamlit, just restart it in your terminal: @ http://localhost:8602/static/js/index.ByR4Z2EF.js:42
[ 1023153ms] [ERROR] Failed to load resource: net::ERR_CONNECTION_REFUSED @ http://localhost:8602/_stcore/host-config:0
[ 1026158ms] [ERROR] Failed to load resource: net::ERR_CONNECTION_REFUSED @ http://localhost:8602/_stcore/health:0
[ 1026158ms] [ERROR] Client Error in reaching server endpoint - No response received when attempting to reach /_stcore/health @ http://localhost:8602/static/js/index.ByR4Z2EF.js:37
[ 1026158ms] [ERROR] Is Streamlit still running? If you accidentally stopped Streamlit, just restart it in your terminal: @ http://localhost:8602/static/js/index.ByR4Z2EF.js:42
[ 1026158ms] [ERROR] Failed to load resource: net::ERR_CONNECTION_REFUSED @ http://localhost:8602/_stcore/host-config:0
[ 1029792ms] [ERROR] Failed to load resource: net::ERR_CONNECTION_REFUSED @ http://localhost:8602/_stcore/health:0
[ 1029792ms] [ERROR] Client Error in reaching server endpoint - No response received when attempting to reach /_stcore/health @ http://localhost:8602/static/js/index.ByR4Z2EF.js:37
[ 1029792ms] [ERROR] Is Streamlit still running? If you accidentally stopped Streamlit, just restart it in your terminal: @ http://localhost:8602/static/js/index.ByR4Z2EF.js:42
[ 1029792ms] [ERROR] Failed to load resource: net::ERR_CONNECTION_REFUSED @ http://localhost:8602/_stcore/host-config:0
[ 1033709ms] [ERROR] Failed to load resource: net::ERR_CONNECTION_REFUSED @ http://localhost:8602/_stcore/health:0
[ 1033709ms] [ERROR] Client Error in reaching server endpoint - No response received when attempting to reach /_stcore/health @ http://localhost:8602/static/js/index.ByR4Z2EF.js:37
[ 1033709ms] [ERROR] Is Streamlit still running? If you accidentally stopped Streamlit, just restart it in your terminal: @ http://localhost:8602/static/js/index.ByR4Z2EF.js:42
[ 1033709ms] [ERROR] Failed to load resource: net::ERR_CONNECTION_REFUSED @ http://localhost:8602/_stcore/host-config:0
[ 1036721ms] [ERROR] Failed to load resource: net::ERR_CONNECTION_REFUSED @ http://localhost:8602/_stcore/health:0
[ 1036722ms] [ERROR] Client Error in reaching server endpoint - No response received when attempting to reach /_stcore/health @ http://localhost:8602/static/js/index.ByR4Z2EF.js:37
[ 1036722ms] [ERROR] Is Streamlit still running? If you accidentally stopped Streamlit, just restart it in your terminal: @ http://localhost:8602/static/js/index.ByR4Z2EF.js:42
[ 1036722ms] [ERROR] Failed to load resource: net::ERR_CONNECTION_REFUSED @ http://localhost:8602/_stcore/host-config:0
[ 1039823ms] [ERROR] Failed to load resource: net::ERR_CONNECTION_REFUSED @ http://localhost:8602/_stcore/health:0
[ 1039823ms] [ERROR] Client Error in reaching server endpoint - No response received when attempting to reach /_stcore/health @ http://localhost:8602/static/js/index.ByR4Z2EF.js:37
[ 1039823ms] [ERROR] Is Streamlit still running? If you accidentally stopped Streamlit, just restart it in your terminal: @ http://localhost:8602/static/js/index.ByR4Z2EF.js:42
[ 1039823ms] [ERROR] Failed to load resource: net::ERR_CONNECTION_REFUSED @ http://localhost:8602/_stcore/host-config:0
[ 1043143ms] [ERROR] Failed to load resource: net::ERR_CONNECTION_REFUSED @ http://localhost:8602/_stcore/health:0
[ 1043143ms] [ERROR] Client Error in reaching server endpoint - No response received when attempting to reach /_stcore/health @ http://localhost:8602/static/js/index.ByR4Z2EF.js:37
[ 1043143ms] [ERROR] Is Streamlit still running? If you accidentally stopped Streamlit, just restart it in your terminal: @ http://localhost:8602/static/js/index.ByR4Z2EF.js:42
[ 1043143ms] [ERROR] Failed to load resource: net::ERR_CONNECTION_REFUSED @ http://localhost:8602/_stcore/host-config:0
[ 1046153ms] [ERROR] Failed to load resource: net::ERR_CONNECTION_REFUSED @ http://localhost:8602/_stcore/health:0
[ 1046154ms] [ERROR] Client Error in reaching server endpoint - No response received when attempting to reach /_stcore/health @ http://localhost:8602/static/js/index.ByR4Z2EF.js:37
[ 1046154ms] [ERROR] Is Streamlit still running? If you accidentally stopped Streamlit, just restart it in your terminal: @ http://localhost:8602/static/js/index.ByR4Z2EF.js:42
[ 1046154ms] [ERROR] Failed to load resource: net::ERR_CONNECTION_REFUSED @ http://localhost:8602/_stcore/host-config:0
[ 1049768ms] [ERROR] Failed to load resource: net::ERR_CONNECTION_REFUSED @ http://localhost:8602/_stcore/health:0
[ 1049769ms] [ERROR] Client Error in reaching server endpoint - No response received when attempting to reach /_stcore/health @ http://localhost:8602/static/js/index.ByR4Z2EF.js:37
[ 1049769ms] [ERROR] Is Streamlit still running? If you accidentally stopped Streamlit, just restart it in your terminal: @ http://localhost:8602/static/js/index.ByR4Z2EF.js:42
[ 1049769ms] [ERROR] Failed to load resource: net::ERR_CONNECTION_REFUSED @ http://localhost:8602/_stcore/host-config:0
[ 1052927ms] [ERROR] Failed to load resource: net::ERR_CONNECTION_REFUSED @ http://localhost:8602/_stcore/health:0
[ 1052927ms] [ERROR] Client Error in reaching server endpoint - No response received when attempting to reach /_stcore/health @ http://localhost:8602/static/js/index.ByR4Z2EF.js:37
[ 1052928ms] [ERROR] Is Streamlit still running? If you accidentally stopped Streamlit, just restart it in your terminal: @ http://localhost:8602/static/js/index.ByR4Z2EF.js:42
[ 1052928ms] [ERROR] Failed to load resource: net::ERR_CONNECTION_REFUSED @ http://localhost:8602/_stcore/host-config:0
[ 1056326ms] [ERROR] Failed to load resource: net::ERR_CONNECTION_REFUSED @ http://localhost:8602/_stcore/health:0
[ 1056326ms] [ERROR] Client Error in reaching server endpoint - No response received when attempting to reach /_stcore/health @ http://localhost:8602/static/js/index.ByR4Z2EF.js:37
[ 1056326ms] [ERROR] Is Streamlit still running? If you accidentally stopped Streamlit, just restart it in your terminal: @ http://localhost:8602/static/js/index.ByR4Z2EF.js:42
[ 1056326ms] [ERROR] Failed to load resource: net::ERR_CONNECTION_REFUSED @ http://localhost:8602/_stcore/host-config:0
[ 1059596ms] [ERROR] Failed to load resource: net::ERR_CONNECTION_REFUSED @ http://localhost:8602/_stcore/health:0
[ 1059596ms] [ERROR] Client Error in reaching server endpoint - No response received when attempting to reach /_stcore/health @ http://localhost:8602/static/js/index.ByR4Z2EF.js:37
[ 1059596ms] [ERROR] Is Streamlit still running? If you accidentally stopped Streamlit, just restart it in your terminal: @ http://localhost:8602/static/js/index.ByR4Z2EF.js:42
[ 1059596ms] [ERROR] Failed to load resource: net::ERR_CONNECTION_REFUSED @ http://localhost:8602/_stcore/host-config:0
[ 1063517ms] [ERROR] Failed to load resource: net::ERR_CONNECTION_REFUSED @ http://localhost:8602/_stcore/health:0
[ 1063517ms] [ERROR] Client Error in reaching server endpoint - No response received when attempting to reach /_stcore/health @ http://localhost:8602/static/js/index.ByR4Z2EF.js:37
[ 1063517ms] [ERROR] Is Streamlit still running? If you accidentally stopped Streamlit, just restart it in your terminal: @ http://localhost:8602/static/js/index.ByR4Z2EF.js:42
[ 1063517ms] [ERROR] Failed to load resource: net::ERR_CONNECTION_REFUSED @ http://localhost:8602/_stcore/host-config:0
[ 1067158ms] [ERROR] Failed to load resource: net::ERR_CONNECTION_REFUSED @ http://localhost:8602/_stcore/health:0
[ 1067158ms] [ERROR] Client Error in reaching server endpoint - No response received when attempting to reach /_stcore/health @ http://localhost:8602/static/js/index.ByR4Z2EF.js:37
[ 1067159ms] [ERROR] Is Streamlit still running? If you accidentally stopped Streamlit, just restart it in your terminal: @ http://localhost:8602/static/js/index.ByR4Z2EF.js:42
[ 1067159ms] [ERROR] Failed to load resource: net::ERR_CONNECTION_REFUSED @ http://localhost:8602/_stcore/host-config:0
[ 1071111ms] [ERROR] Failed to load resource: net::ERR_CONNECTION_REFUSED @ http://localhost:8602/_stcore/health:0
[ 1071111ms] [ERROR] Client Error in reaching server endpoint - No response received when attempting to reach /_stcore/health @ http://localhost:8602/static/js/index.ByR4Z2EF.js:37
[ 1071111ms] [ERROR] Is Streamlit still running? If you accidentally stopped Streamlit, just restart it in your terminal: @ http://localhost:8602/static/js/index.ByR4Z2EF.js:42
[ 1071111ms] [ERROR] Failed to load resource: net::ERR_CONNECTION_REFUSED @ http://localhost:8602/_stcore/host-config:0
[ 1074694ms] [ERROR] Failed to load resource: net::ERR_CONNECTION_REFUSED @ http://localhost:8602/_stcore/health:0
[ 1074694ms] [ERROR] Client Error in reaching server endpoint - No response received when attempting to reach /_stcore/health @ http://localhost:8602/static/js/index.ByR4Z2EF.js:37
[ 1074694ms] [ERROR] Is Streamlit still running? If you accidentally stopped Streamlit, just restart it in your terminal: @ http://localhost:8602/static/js/index.ByR4Z2EF.js:42
[ 1074694ms] [ERROR] Failed to load resource: net::ERR_CONNECTION_REFUSED @ http://localhost:8602/_stcore/host-config:0
[ 1078039ms] [ERROR] Failed to load resource: net::ERR_CONNECTION_REFUSED @ http://localhost:8602/_stcore/health:0
[ 1078039ms] [ERROR] Client Error in reaching server endpoint - No response received when attempting to reach /_stcore/health @ http://localhost:8602/static/js/index.ByR4Z2EF.js:37
[ 1078039ms] [ERROR] Is Streamlit still running? If you accidentally stopped Streamlit, just restart it in your terminal: @ http://localhost:8602/static/js/index.ByR4Z2EF.js:42
[ 1078039ms] [ERROR] Failed to load resource: net::ERR_CONNECTION_REFUSED @ http://localhost:8602/_stcore/host-config:0
[ 1080920ms] [ERROR] Failed to load resource: net::ERR_CONNECTION_REFUSED @ http://localhost:8602/_stcore/health:0
[ 1080920ms] [ERROR] Client Error in reaching server endpoint - No response received when attempting to reach /_stcore/health @ http://localhost:8602/static/js/index.ByR4Z2EF.js:37
[ 1080920ms] [ERROR] Is Streamlit still running? If you accidentally stopped Streamlit, just restart it in your terminal: @ http://localhost:8602/static/js/index.ByR4Z2EF.js:42
[ 1080920ms] [ERROR] Failed to load resource: net::ERR_CONNECTION_REFUSED @ http://localhost:8602/_stcore/host-config:0
[ 1083956ms] [ERROR] Failed to load resource: net::ERR_CONNECTION_REFUSED @ http://localhost:8602/_stcore/health:0
[ 1083956ms] [ERROR] Client Error in reaching server endpoint - No response received when attempting to reach /_stcore/health @ http://localhost:8602/static/js/index.ByR4Z2EF.js:37
[ 1083956ms] [ERROR] Is Streamlit still running? If you accidentally stopped Streamlit, just restart it in your terminal: @ http://localhost:8602/static/js/index.ByR4Z2EF.js:42
[ 1083956ms] [ERROR] Failed to load resource: net::ERR_CONNECTION_REFUSED @ http://localhost:8602/_stcore/host-config:0
[ 1086797ms] [ERROR] Failed to load resource: net::ERR_CONNECTION_REFUSED @ http://localhost:8602/_stcore/health:0
[ 1086797ms] [ERROR] Client Error in reaching server endpoint - No response received when attempting to reach /_stcore/health @ http://localhost:8602/static/js/index.ByR4Z2EF.js:37
[ 1086797ms] [ERROR] Is Streamlit still running? If you accidentally stopped Streamlit, just restart it in your terminal: @ http://localhost:8602/static/js/index.ByR4Z2EF.js:42
[ 1086798ms] [ERROR] Failed to load resource: net::ERR_CONNECTION_REFUSED @ http://localhost:8602/_stcore/host-config:0
[ 1090081ms] [ERROR] Failed to load resource: net::ERR_CONNECTION_REFUSED @ http://localhost:8602/_stcore/health:0
[ 1090081ms] [ERROR] Client Error in reaching server endpoint - No response received when attempting to reach /_stcore/health @ http://localhost:8602/static/js/index.ByR4Z2EF.js:37
[ 1090081ms] [ERROR] Is Streamlit still running? If you accidentally stopped Streamlit, just restart it in your terminal: @ http://localhost:8602/static/js/index.ByR4Z2EF.js:42
[ 1090093ms] [ERROR] Failed to load resource: net::ERR_CONNECTION_REFUSED @ http://localhost:8602/_stcore/host-config:0
[ 1093917ms] [ERROR] Failed to load resource: net::ERR_CONNECTION_REFUSED @ http://localhost:8602/_stcore/health:0
[ 1093917ms] [ERROR] Client Error in reaching server endpoint - No response received when attempting to reach /_stcore/health @ http://localhost:8602/static/js/index.ByR4Z2EF.js:37
[ 1093917ms] [ERROR] Is Streamlit still running? If you accidentally stopped Streamlit, just restart it in your terminal: @ http://localhost:8602/static/js/index.ByR4Z2EF.js:42
[ 1093917ms] [ERROR] Failed to load resource: net::ERR_CONNECTION_REFUSED @ http://localhost:8602/_stcore/host-config:0
[ 1096784ms] [ERROR] Failed to load resource: net::ERR_CONNECTION_REFUSED @ http://localhost:8602/_stcore/health:0
[ 1096784ms] [ERROR] Client Error in reaching server endpoint - No response received when attempting to reach /_stcore/health @ http://localhost:8602/static/js/index.ByR4Z2EF.js:37
[ 1096785ms] [ERROR] Is Streamlit still running? If you accidentally stopped Streamlit, just restart it in your terminal: @ http://localhost:8602/static/js/index.ByR4Z2EF.js:42
[ 1096785ms] [ERROR] Failed to load resource: net::ERR_CONNECTION_REFUSED @ http://localhost:8602/_stcore/host-config:0
[ 1100309ms] [ERROR] Failed to load resource: net::ERR_CONNECTION_REFUSED @ http://localhost:8602/_stcore/health:0
[ 1100309ms] [ERROR] Client Error in reaching server endpoint - No response received when attempting to reach /_stcore/health @ http://localhost:8602/static/js/index.ByR4Z2EF.js:37
[ 1100309ms] [ERROR] Is Streamlit still running? If you accidentally stopped Streamlit, just restart it in your terminal: @ http://localhost:8602/static/js/index.ByR4Z2EF.js:42
[ 1100310ms] [ERROR] Failed to load resource: net::ERR_CONNECTION_REFUSED @ http://localhost:8602/_stcore/host-config:0
[ 1104064ms] [ERROR] Failed to load resource: net::ERR_CONNECTION_REFUSED @ http://localhost:8602/_stcore/health:0
[ 1104064ms] [ERROR] Client Error in reaching server endpoint - No response received when attempting to reach /_stcore/health @ http://localhost:8602/static/js/index.ByR4Z2EF.js:37
[ 1104065ms] [ERROR] Is Streamlit still running? If you accidentally stopped Streamlit, just restart it in your terminal: @ http://localhost:8602/static/js/index.ByR4Z2EF.js:42
[ 1104065ms] [ERROR] Failed to load resource: net::ERR_CONNECTION_REFUSED @ http://localhost:8602/_stcore/host-config:0
[ 1107893ms] [ERROR] Failed to load resource: net::ERR_CONNECTION_REFUSED @ http://localhost:8602/_stcore/health:0
[ 1107893ms] [ERROR] Client Error in reaching server endpoint - No response received when attempting to reach /_stcore/health @ http://localhost:8602/static/js/index.ByR4Z2EF.js:37
[ 1107893ms] [ERROR] Is Streamlit still running? If you accidentally stopped Streamlit, just restart it in your terminal: @ http://localhost:8602/static/js/index.ByR4Z2EF.js:42
[ 1107893ms] [ERROR] Failed to load resource: net::ERR_CONNECTION_REFUSED @ http://localhost:8602/_stcore/host-config:0
[ 1111018ms] [ERROR] Failed to load resource: net::ERR_CONNECTION_REFUSED @ http://localhost:8602/_stcore/health:0
[ 1111018ms] [ERROR] Client Error in reaching server endpoint - No response received when attempting to reach /_stcore/health @ http://localhost:8602/static/js/index.ByR4Z2EF.js:37
[ 1111018ms] [ERROR] Is Streamlit still running? If you accidentally stopped Streamlit, just restart it in your terminal: @ http://localhost:8602/static/js/index.ByR4Z2EF.js:42
[ 1111018ms] [ERROR] Failed to load resource: net::ERR_CONNECTION_REFUSED @ http://localhost:8602/_stcore/host-config:0
[ 1113845ms] [ERROR] Failed to load resource: net::ERR_CONNECTION_REFUSED @ http://localhost:8602/_stcore/health:0
[ 1113845ms] [ERROR] Client Error in reaching server endpoint - No response received when attempting to reach /_stcore/health @ http://localhost:8602/static/js/index.ByR4Z2EF.js:37
[ 1113846ms] [ERROR] Is Streamlit still running? If you accidentally stopped Streamlit, just restart it in your terminal: @ http://localhost:8602/static/js/index.ByR4Z2EF.js:42
[ 1113846ms] [ERROR] Failed to load resource: net::ERR_CONNECTION_REFUSED @ http://localhost:8602/_stcore/host-config:0
[ 1117349ms] [ERROR] Failed to load resource: net::ERR_CONNECTION_REFUSED @ http://localhost:8602/_stcore/health:0
[ 1117349ms] [ERROR] Client Error in reaching server endpoint - No response received when attempting to reach /_stcore/health @ http://localhost:8602/static/js/index.ByR4Z2EF.js:37
[ 1117349ms] [ERROR] Is Streamlit still running? If you accidentally stopped Streamlit, just restart it in your terminal: @ http://localhost:8602/static/js/index.ByR4Z2EF.js:42
[ 1117349ms] [ERROR] Failed to load resource: net::ERR_CONNECTION_REFUSED @ http://localhost:8602/_stcore/host-config:0
[ 1120502ms] [ERROR] Failed to load resource: net::ERR_CONNECTION_REFUSED @ http://localhost:8602/_stcore/health:0
[ 1120503ms] [ERROR] Client Error in reaching server endpoint - No response received when attempting to reach /_stcore/health @ http://localhost:8602/static/js/index.ByR4Z2EF.js:37
[ 1120503ms] [ERROR] Is Streamlit still running? If you accidentally stopped Streamlit, just restart it in your terminal: @ http://localhost:8602/static/js/index.ByR4Z2EF.js:42
[ 1120503ms] [ERROR] Failed to load resource: net::ERR_CONNECTION_REFUSED @ http://localhost:8602/_stcore/host-config:0
[ 1124176ms] [ERROR] Failed to load resource: net::ERR_CONNECTION_REFUSED @ http://localhost:8602/_stcore/health:0
[ 1124176ms] [ERROR] Client Error in reaching server endpoint - No response received when attempting to reach /_stcore/health @ http://localhost:8602/static/js/index.ByR4Z2EF.js:37
[ 1124176ms] [ERROR] Is Streamlit still running? If you accidentally stopped Streamlit, just restart it in your terminal: @ http://localhost:8602/static/js/index.ByR4Z2EF.js:42
[ 1124176ms] [ERROR] Failed to load resource: net::ERR_CONNECTION_REFUSED @ http://localhost:8602/_stcore/host-config:0
[ 1127054ms] [ERROR] Failed to load resource: net::ERR_CONNECTION_REFUSED @ http://localhost:8602/_stcore/health:0
[ 1127054ms] [ERROR] Client Error in reaching server endpoint - No response received when attempting to reach /_stcore/health @ http://localhost:8602/static/js/index.ByR4Z2EF.js:37
[ 1127054ms] [ERROR] Is Streamlit still running? If you accidentally stopped Streamlit, just restart it in your terminal: @ http://localhost:8602/static/js/index.ByR4Z2EF.js:42
[ 1127054ms] [ERROR] Failed to load resource: net::ERR_CONNECTION_REFUSED @ http://localhost:8602/_stcore/host-config:0
[ 1130905ms] [ERROR] Failed to load resource: net::ERR_CONNECTION_REFUSED @ http://localhost:8602/_stcore/health:0
[ 1130905ms] [ERROR] Client Error in reaching server endpoint - No response received when attempting to reach /_stcore/health @ http://localhost:8602/static/js/index.ByR4Z2EF.js:37
[ 1130905ms] [ERROR] Is Streamlit still running? If you accidentally stopped Streamlit, just restart it in your terminal: @ http://localhost:8602/static/js/index.ByR4Z2EF.js:42
[ 1130905ms] [ERROR] Failed to load resource: net::ERR_CONNECTION_REFUSED @ http://localhost:8602/_stcore/host-config:0
[ 1133919ms] [ERROR] Failed to load resource: net::ERR_CONNECTION_REFUSED @ http://localhost:8602/_stcore/health:0
[ 1133920ms] [ERROR] Client Error in reaching server endpoint - No response received when attempting to reach /_stcore/health @ http://localhost:8602/static/js/index.ByR4Z2EF.js:37
[ 1133920ms] [ERROR] Is Streamlit still running? If you accidentally stopped Streamlit, just restart it in your terminal: @ http://localhost:8602/static/js/index.ByR4Z2EF.js:42
[ 1133920ms] [ERROR] Failed to load resource: net::ERR_CONNECTION_REFUSED @ http://localhost:8602/_stcore/host-config:0
[ 1137730ms] [ERROR] Failed to load resource: net::ERR_CONNECTION_REFUSED @ http://localhost:8602/_stcore/health:0
[ 1137730ms] [ERROR] Client Error in reaching server endpoint - No response received when attempting to reach /_stcore/health @ http://localhost:8602/static/js/index.ByR4Z2EF.js:37
[ 1137730ms] [ERROR] Is Streamlit still running? If you accidentally stopped Streamlit, just restart it in your terminal: @ http://localhost:8602/static/js/index.ByR4Z2EF.js:42
[ 1137730ms] [ERROR] Failed to load resource: net::ERR_CONNECTION_REFUSED @ http://localhost:8602/_stcore/host-config:0
[ 1140706ms] [ERROR] Failed to load resource: net::ERR_CONNECTION_REFUSED @ http://localhost:8602/_stcore/health:0
[ 1140707ms] [ERROR] Client Error in reaching server endpoint - No response received when attempting to reach /_stcore/health @ http://localhost:8602/static/js/index.ByR4Z2EF.js:37
[ 1140707ms] [ERROR] Is Streamlit still running? If you accidentally stopped Streamlit, just restart it in your terminal: @ http://localhost:8602/static/js/index.ByR4Z2EF.js:42
[ 1140707ms] [ERROR] Failed to load resource: net::ERR_CONNECTION_REFUSED @ http://localhost:8602/_stcore/host-config:0
[ 1144547ms] [ERROR] Failed to load resource: net::ERR_CONNECTION_REFUSED @ http://localhost:8602/_stcore/health:0
[ 1144547ms] [ERROR] Client Error in reaching server endpoint - No response received when attempting to reach /_stcore/health @ http://localhost:8602/static/js/index.ByR4Z2EF.js:37
[ 1144547ms] [ERROR] Is Streamlit still running? If you accidentally stopped Streamlit, just restart it in your terminal: @ http://localhost:8602/static/js/index.ByR4Z2EF.js:42
[ 1144547ms] [ERROR] Failed to load resource: net::ERR_CONNECTION_REFUSED @ http://localhost:8602/_stcore/host-config:0
[ 1148200ms] [ERROR] Failed to load resource: net::ERR_CONNECTION_REFUSED @ http://localhost:8602/_stcore/health:0
[ 1148200ms] [ERROR] Client Error in reaching server endpoint - No response received when attempting to reach /_stcore/health @ http://localhost:8602/static/js/index.ByR4Z2EF.js:37
[ 1148200ms] [ERROR] Is Streamlit still running? If you accidentally stopped Streamlit, just restart it in your terminal: @ http://localhost:8602/static/js/index.ByR4Z2EF.js:42
[ 1148200ms] [ERROR] Failed to load resource: net::ERR_CONNECTION_REFUSED @ http://localhost:8602/_stcore/host-config:0
[ 1151530ms] [ERROR] Failed to load resource: net::ERR_CONNECTION_REFUSED @ http://localhost:8602/_stcore/health:0
[ 1151530ms] [ERROR] Client Error in reaching server endpoint - No response received when attempting to reach /_stcore/health @ http://localhost:8602/static/js/index.ByR4Z2EF.js:37
[ 1151530ms] [ERROR] Is Streamlit still running? If you accidentally stopped Streamlit, just restart it in your terminal: @ http://localhost:8602/static/js/index.ByR4Z2EF.js:42
[ 1151530ms] [ERROR] Failed to load resource: net::ERR_CONNECTION_REFUSED @ http://localhost:8602/_stcore/host-config:0
[ 1155344ms] [ERROR] Failed to load resource: net::ERR_CONNECTION_REFUSED @ http://localhost:8602/_stcore/health:0
[ 1155344ms] [ERROR] Client Error in reaching server endpoint - No response received when attempting to reach /_stcore/health @ http://localhost:8602/static/js/index.ByR4Z2EF.js:37
[ 1155344ms] [ERROR] Is Streamlit still running? If you accidentally stopped Streamlit, just restart it in your terminal: @ http://localhost:8602/static/js/index.ByR4Z2EF.js:42
[ 1155344ms] [ERROR] Failed to load resource: net::ERR_CONNECTION_REFUSED @ http://localhost:8602/_stcore/host-config:0
[ 1158748ms] [ERROR] Failed to load resource: net::ERR_CONNECTION_REFUSED @ http://localhost:8602/_stcore/health:0
[ 1158748ms] [ERROR] Client Error in reaching server endpoint - No response received when attempting to reach /_stcore/health @ http://localhost:8602/static/js/index.ByR4Z2EF.js:37
[ 1158749ms] [ERROR] Is Streamlit still running? If you accidentally stopped Streamlit, just restart it in your terminal: @ http://localhost:8602/static/js/index.ByR4Z2EF.js:42
[ 1158749ms] [ERROR] Failed to load resource: net::ERR_CONNECTION_REFUSED @ http://localhost:8602/_stcore/host-config:0
[ 1162204ms] [ERROR] Failed to load resource: net::ERR_CONNECTION_REFUSED @ http://localhost:8602/_stcore/health:0
[ 1162204ms] [ERROR] Client Error in reaching server endpoint - No response received when attempting to reach /_stcore/health @ http://localhost:8602/static/js/index.ByR4Z2EF.js:37
[ 1162204ms] [ERROR] Is Streamlit still running? If you accidentally stopped Streamlit, just restart it in your terminal: @ http://localhost:8602/static/js/index.ByR4Z2EF.js:42
[ 1162205ms] [ERROR] Failed to load resource: net::ERR_CONNECTION_REFUSED @ http://localhost:8602/_stcore/host-config:0
[ 1165845ms] [ERROR] Failed to load resource: net::ERR_CONNECTION_REFUSED @ http://localhost:8602/_stcore/health:0
[ 1165845ms] [ERROR] Client Error in reaching server endpoint - No response received when attempting to reach /_stcore/health @ http://localhost:8602/static/js/index.ByR4Z2EF.js:37
[ 1165845ms] [ERROR] Is Streamlit still running? If you accidentally stopped Streamlit, just restart it in your terminal: @ http://localhost:8602/static/js/index.ByR4Z2EF.js:42
[ 1165845ms] [ERROR] Failed to load resource: net::ERR_CONNECTION_REFUSED @ http://localhost:8602/_stcore/host-config:0
[ 1169801ms] [ERROR] Failed to load resource: net::ERR_CONNECTION_REFUSED @ http://localhost:8602/_stcore/health:0
[ 1169802ms] [ERROR] Client Error in reaching server endpoint - No response received when attempting to reach /_stcore/health @ http://localhost:8602/static/js/index.ByR4Z2EF.js:37
[ 1169802ms] [ERROR] Is Streamlit still running? If you accidentally stopped Streamlit, just restart it in your terminal: @ http://localhost:8602/static/js/index.ByR4Z2EF.js:42
[ 1169802ms] [ERROR] Failed to load resource: net::ERR_CONNECTION_REFUSED @ http://localhost:8602/_stcore/host-config:0
[ 1173578ms] [ERROR] Failed to load resource: net::ERR_CONNECTION_REFUSED @ http://localhost:8602/_stcore/health:0
[ 1173578ms] [ERROR] Client Error in reaching server endpoint - No response received when attempting to reach /_stcore/health @ http://localhost:8602/static/js/index.ByR4Z2EF.js:37
[ 1173578ms] [ERROR] Is Streamlit still running? If you accidentally stopped Streamlit, just restart it in your terminal: @ http://localhost:8602/static/js/index.ByR4Z2EF.js:42
[ 1173578ms] [ERROR] Failed to load resource: net::ERR_CONNECTION_REFUSED @ http://localhost:8602/_stcore/host-config:0
[ 1177409ms] [ERROR] Failed to load resource: net::ERR_CONNECTION_REFUSED @ http://localhost:8602/_stcore/health:0
[ 1177409ms] [ERROR] Client Error in reaching server endpoint - No response received when attempting to reach /_stcore/health @ http://localhost:8602/static/js/index.ByR4Z2EF.js:37
[ 1177409ms] [ERROR] Is Streamlit still running? If you accidentally stopped Streamlit, just restart it in your terminal: @ http://localhost:8602/static/js/index.ByR4Z2EF.js:42
[ 1177409ms] [ERROR] Failed to load resource: net::ERR_CONNECTION_REFUSED @ http://localhost:8602/_stcore/host-config:0
[ 1180327ms] [ERROR] Failed to load resource: net::ERR_CONNECTION_REFUSED @ http://localhost:8602/_stcore/health:0
[ 1180327ms] [ERROR] Client Error in reaching server endpoint - No response received when attempting to reach /_stcore/health @ http://localhost:8602/static/js/index.ByR4Z2EF.js:37
[ 1180327ms] [ERROR] Is Streamlit still running? If you accidentally stopped Streamlit, just restart it in your terminal: @ http://localhost:8602/static/js/index.ByR4Z2EF.js:42
[ 1180327ms] [ERROR] Failed to load resource: net::ERR_CONNECTION_REFUSED @ http://localhost:8602/_stcore/host-config:0
[ 1183249ms] [ERROR] Failed to load resource: net::ERR_CONNECTION_REFUSED @ http://localhost:8602/_stcore/health:0
[ 1183249ms] [ERROR] Client Error in reaching server endpoint - No response received when attempting to reach /_stcore/health @ http://localhost:8602/static/js/index.ByR4Z2EF.js:37
[ 1183249ms] [ERROR] Is Streamlit still running? If you accidentally stopped Streamlit, just restart it in your terminal: @ http://localhost:8602/static/js/index.ByR4Z2EF.js:42
[ 1183249ms] [ERROR] Failed to load resource: net::ERR_CONNECTION_REFUSED @ http://localhost:8602/_stcore/host-config:0
[ 1186858ms] [ERROR] Failed to load resource: net::ERR_CONNECTION_REFUSED @ http://localhost:8602/_stcore/health:0
[ 1186858ms] [ERROR] Client Error in reaching server endpoint - No response received when attempting to reach /_stcore/health @ http://localhost:8602/static/js/index.ByR4Z2EF.js:37
[ 1186858ms] [ERROR] Is Streamlit still running? If you accidentally stopped Streamlit, just restart it in your terminal: @ http://localhost:8602/static/js/index.ByR4Z2EF.js:42
[ 1186859ms] [ERROR] Failed to load resource: net::ERR_CONNECTION_REFUSED @ http://localhost:8602/_stcore/host-config:0
[ 1190266ms] [ERROR] Failed to load resource: net::ERR_CONNECTION_REFUSED @ http://localhost:8602/_stcore/health:0
[ 1190266ms] [ERROR] Client Error in reaching server endpoint - No response received when attempting to reach /_stcore/health @ http://localhost:8602/static/js/index.ByR4Z2EF.js:37
[ 1190266ms] [ERROR] Is Streamlit still running? If you accidentally stopped Streamlit, just restart it in your terminal: @ http://localhost:8602/static/js/index.ByR4Z2EF.js:42
[ 1190267ms] [ERROR] Failed to load resource: net::ERR_CONNECTION_REFUSED @ http://localhost:8602/_stcore/host-config:0
[ 1193945ms] [ERROR] Failed to load resource: net::ERR_CONNECTION_REFUSED @ http://localhost:8602/_stcore/health:0
[ 1193945ms] [ERROR] Client Error in reaching server endpoint - No response received when attempting to reach /_stcore/health @ http://localhost:8602/static/js/index.ByR4Z2EF.js:37
[ 1193945ms] [ERROR] Is Streamlit still running? If you accidentally stopped Streamlit, just restart it in your terminal: @ http://localhost:8602/static/js/index.ByR4Z2EF.js:42
[ 1193946ms] [ERROR] Failed to load resource: net::ERR_CONNECTION_REFUSED @ http://localhost:8602/_stcore/host-config:0
[ 1197755ms] [ERROR] Failed to load resource: net::ERR_CONNECTION_REFUSED @ http://localhost:8602/_stcore/health:0
[ 1197755ms] [ERROR] Client Error in reaching server endpoint - No response received when attempting to reach /_stcore/health @ http://localhost:8602/static/js/index.ByR4Z2EF.js:37
[ 1197755ms] [ERROR] Is Streamlit still running? If you accidentally stopped Streamlit, just restart it in your terminal: @ http://localhost:8602/static/js/index.ByR4Z2EF.js:42
[ 1197755ms] [ERROR] Failed to load resource: net::ERR_CONNECTION_REFUSED @ http://localhost:8602/_stcore/host-config:0
[ 1201746ms] [ERROR] Failed to load resource: net::ERR_CONNECTION_REFUSED @ http://localhost:8602/_stcore/health:0
[ 1201746ms] [ERROR] Client Error in reaching server endpoint - No response received when attempting to reach /_stcore/health @ http://localhost:8602/static/js/index.ByR4Z2EF.js:37
[ 1201746ms] [ERROR] Is Streamlit still running? If you accidentally stopped Streamlit, just restart it in your terminal: @ http://localhost:8602/static/js/index.ByR4Z2EF.js:42
[ 1201746ms] [ERROR] Failed to load resource: net::ERR_CONNECTION_REFUSED @ http://localhost:8602/_stcore/host-config:0
[ 1205331ms] [ERROR] Failed to load resource: net::ERR_CONNECTION_REFUSED @ http://localhost:8602/_stcore/health:0
[ 1205331ms] [ERROR] Client Error in reaching server endpoint - No response received when attempting to reach /_stcore/health @ http://localhost:8602/static/js/index.ByR4Z2EF.js:37
[ 1205331ms] [ERROR] Is Streamlit still running? If you accidentally stopped Streamlit, just restart it in your terminal: @ http://localhost:8602/static/js/index.ByR4Z2EF.js:42
[ 1205332ms] [ERROR] Failed to load resource: net::ERR_CONNECTION_REFUSED @ http://localhost:8602/_stcore/host-config:0
[ 1208445ms] [ERROR] Failed to load resource: net::ERR_CONNECTION_REFUSED @ http://localhost:8602/_stcore/health:0
[ 1208445ms] [ERROR] Client Error in reaching server endpoint - No response received when attempting to reach /_stcore/health @ http://localhost:8602/static/js/index.ByR4Z2EF.js:37
[ 1208445ms] [ERROR] Is Streamlit still running? If you accidentally stopped Streamlit, just restart it in your terminal: @ http://localhost:8602/static/js/index.ByR4Z2EF.js:42
[ 1208445ms] [ERROR] Failed to load resource: net::ERR_CONNECTION_REFUSED @ http://localhost:8602/_stcore/host-config:0
[ 1211755ms] [ERROR] Failed to load resource: net::ERR_CONNECTION_REFUSED @ http://localhost:8602/_stcore/health:0
[ 1211755ms] [ERROR] Client Error in reaching server endpoint - No response received when attempting to reach /_stcore/health @ http://localhost:8602/static/js/index.ByR4Z2EF.js:37
[ 1211755ms] [ERROR] Is Streamlit still running? If you accidentally stopped Streamlit, just restart it in your terminal: @ http://localhost:8602/static/js/index.ByR4Z2EF.js:42
[ 1211755ms] [ERROR] Failed to load resource: net::ERR_CONNECTION_REFUSED @ http://localhost:8602/_stcore/host-config:0
[ 1215706ms] [ERROR] Failed to load resource: net::ERR_CONNECTION_REFUSED @ http://localhost:8602/_stcore/health:0
[ 1215706ms] [ERROR] Client Error in reaching server endpoint - No response received when attempting to reach /_stcore/health @ http://localhost:8602/static/js/index.ByR4Z2EF.js:37
[ 1215706ms] [ERROR] Is Streamlit still running? If you accidentally stopped Streamlit, just restart it in your terminal: @ http://localhost:8602/static/js/index.ByR4Z2EF.js:42
[ 1215707ms] [ERROR] Failed to load resource: net::ERR_CONNECTION_REFUSED @ http://localhost:8602/_stcore/host-config:0
[ 1218955ms] [ERROR] Failed to load resource: net::ERR_CONNECTION_REFUSED @ http://localhost:8602/_stcore/health:0
[ 1218955ms] [ERROR] Client Error in reaching server endpoint - No response received when attempting to reach /_stcore/health @ http://localhost:8602/static/js/index.ByR4Z2EF.js:37
[ 1218955ms] [ERROR] Is Streamlit still running? If you accidentally stopped Streamlit, just restart it in your terminal: @ http://localhost:8602/static/js/index.ByR4Z2EF.js:42
[ 1218956ms] [ERROR] Failed to load resource: net::ERR_CONNECTION_REFUSED @ http://localhost:8602/_stcore/host-config:0
[ 1222255ms] [ERROR] Failed to load resource: net::ERR_CONNECTION_REFUSED @ http://localhost:8602/_stcore/health:0
[ 1222255ms] [ERROR] Client Error in reaching server endpoint - No response received when attempting to reach /_stcore/health @ http://localhost:8602/static/js/index.ByR4Z2EF.js:37
[ 1222255ms] [ERROR] Is Streamlit still running? If you accidentally stopped Streamlit, just restart it in your terminal: @ http://localhost:8602/static/js/index.ByR4Z2EF.js:42
[ 1222255ms] [ERROR] Failed to load resource: net::ERR_CONNECTION_REFUSED @ http://localhost:8602/_stcore/host-config:0
[ 1226163ms] [ERROR] Failed to load resource: net::ERR_CONNECTION_REFUSED @ http://localhost:8602/_stcore/health:0
[ 1226163ms] [ERROR] Client Error in reaching server endpoint - No response received when attempting to reach /_stcore/health @ http://localhost:8602/static/js/index.ByR4Z2EF.js:37
[ 1226163ms] [ERROR] Is Streamlit still running? If you accidentally stopped Streamlit, just restart it in your terminal: @ http://localhost:8602/static/js/index.ByR4Z2EF.js:42
[ 1226163ms] [ERROR] Failed to load resource: net::ERR_CONNECTION_REFUSED @ http://localhost:8602/_stcore/host-config:0
[ 1229145ms] [ERROR] Failed to load resource: net::ERR_CONNECTION_REFUSED @ http://localhost:8602/_stcore/health:0
[ 1229145ms] [ERROR] Client Error in reaching server endpoint - No response received when attempting to reach /_stcore/health @ http://localhost:8602/static/js/index.ByR4Z2EF.js:37
[ 1229146ms] [ERROR] Is Streamlit still running? If you accidentally stopped Streamlit, just restart it in your terminal: @ http://localhost:8602/static/js/index.ByR4Z2EF.js:42
[ 1229146ms] [ERROR] Failed to load resource: net::ERR_CONNECTION_REFUSED @ http://localhost:8602/_stcore/host-config:0
[ 1232937ms] [ERROR] Failed to load resource: net::ERR_CONNECTION_REFUSED @ http://localhost:8602/_stcore/health:0
[ 1232937ms] [ERROR] Client Error in reaching server endpoint - No response received when attempting to reach /_stcore/health @ http://localhost:8602/static/js/index.ByR4Z2EF.js:37
[ 1232937ms] [ERROR] Is Streamlit still running? If you accidentally stopped Streamlit, just restart it in your terminal: @ http://localhost:8602/static/js/index.ByR4Z2EF.js:42
[ 1232938ms] [ERROR] Failed to load resource: net::ERR_CONNECTION_REFUSED @ http://localhost:8602/_stcore/host-config:0
[ 1235909ms] [ERROR] Failed to load resource: net::ERR_CONNECTION_REFUSED @ http://localhost:8602/_stcore/health:0
[ 1235909ms] [ERROR] Client Error in reaching server endpoint - No response received when attempting to reach /_stcore/health @ http://localhost:8602/static/js/index.ByR4Z2EF.js:37
[ 1235909ms] [ERROR] Is Streamlit still running? If you accidentally stopped Streamlit, just restart it in your terminal: @ http://localhost:8602/static/js/index.ByR4Z2EF.js:42
[ 1235909ms] [ERROR] Failed to load resource: net::ERR_CONNECTION_REFUSED @ http://localhost:8602/_stcore/host-config:0
[ 1239430ms] [ERROR] Failed to load resource: net::ERR_CONNECTION_REFUSED @ http://localhost:8602/_stcore/health:0
[ 1239430ms] [ERROR] Client Error in reaching server endpoint - No response received when attempting to reach /_stcore/health @ http://localhost:8602/static/js/index.ByR4Z2EF.js:37
[ 1239430ms] [ERROR] Is Streamlit still running? If you accidentally stopped Streamlit, just restart it in your terminal: @ http://localhost:8602/static/js/index.ByR4Z2EF.js:42
[ 1239431ms] [ERROR] Failed to load resource: net::ERR_CONNECTION_REFUSED @ http://localhost:8602/_stcore/host-config:0
[ 1242850ms] [ERROR] Failed to load resource: net::ERR_CONNECTION_REFUSED @ http://localhost:8602/_stcore/health:0
[ 1242850ms] [ERROR] Client Error in reaching server endpoint - No response received when attempting to reach /_stcore/health @ http://localhost:8602/static/js/index.ByR4Z2EF.js:37
[ 1242850ms] [ERROR] Is Streamlit still running? If you accidentally stopped Streamlit, just restart it in your terminal: @ http://localhost:8602/static/js/index.ByR4Z2EF.js:42
[ 1242850ms] [ERROR] Failed to load resource: net::ERR_CONNECTION_REFUSED @ http://localhost:8602/_stcore/host-config:0
[ 1246709ms] [ERROR] Failed to load resource: net::ERR_CONNECTION_REFUSED @ http://localhost:8602/_stcore/health:0
[ 1246709ms] [ERROR] Client Error in reaching server endpoint - No response received when attempting to reach /_stcore/health @ http://localhost:8602/static/js/index.ByR4Z2EF.js:37
[ 1246709ms] [ERROR] Is Streamlit still running? If you accidentally stopped Streamlit, just restart it in your terminal: @ http://localhost:8602/static/js/index.ByR4Z2EF.js:42
[ 1246709ms] [ERROR] Failed to load resource: net::ERR_CONNECTION_REFUSED @ http://localhost:8602/_stcore/host-config:0
[ 1250342ms] [ERROR] Failed to load resource: net::ERR_CONNECTION_REFUSED @ http://localhost:8602/_stcore/health:0
[ 1250342ms] [ERROR] Client Error in reaching server endpoint - No response received when attempting to reach /_stcore/health @ http://localhost:8602/static/js/index.ByR4Z2EF.js:37
[ 1250342ms] [ERROR] Is Streamlit still running? If you accidentally stopped Streamlit, just restart it in your terminal: @ http://localhost:8602/static/js/index.ByR4Z2EF.js:42
[ 1250342ms] [ERROR] Failed to load resource: net::ERR_CONNECTION_REFUSED @ http://localhost:8602/_stcore/host-config:0
[ 1254081ms] [ERROR] Failed to load resource: net::ERR_CONNECTION_REFUSED @ http://localhost:8602/_stcore/health:0
[ 1254081ms] [ERROR] Client Error in reaching server endpoint - No response received when attempting to reach /_stcore/health @ http://localhost:8602/static/js/index.ByR4Z2EF.js:37
[ 1254081ms] [ERROR] Is Streamlit still running? If you accidentally stopped Streamlit, just restart it in your terminal: @ http://localhost:8602/static/js/index.ByR4Z2EF.js:42
[ 1254082ms] [ERROR] Failed to load resource: net::ERR_CONNECTION_REFUSED @ http://localhost:8602/_stcore/host-config:0
[ 1256945ms] [ERROR] Failed to load resource: net::ERR_CONNECTION_REFUSED @ http://localhost:8602/_stcore/health:0
[ 1256945ms] [ERROR] Client Error in reaching server endpoint - No response received when attempting to reach /_stcore/health @ http://localhost:8602/static/js/index.ByR4Z2EF.js:37
[ 1256945ms] [ERROR] Is Streamlit still running? If you accidentally stopped Streamlit, just restart it in your terminal: @ http://localhost:8602/static/js/index.ByR4Z2EF.js:42
[ 1256945ms] [ERROR] Failed to load resource: net::ERR_CONNECTION_REFUSED @ http://localhost:8602/_stcore/host-config:0
[ 1260169ms] [ERROR] Failed to load resource: net::ERR_CONNECTION_REFUSED @ http://localhost:8602/_stcore/health:0
[ 1260169ms] [ERROR] Client Error in reaching server endpoint - No response received when attempting to reach /_stcore/health @ http://localhost:8602/static/js/index.ByR4Z2EF.js:37
[ 1260170ms] [ERROR] Is Streamlit still running? If you accidentally stopped Streamlit, just restart it in your terminal: @ http://localhost:8602/static/js/index.ByR4Z2EF.js:42
[ 1260170ms] [ERROR] Failed to load resource: net::ERR_CONNECTION_REFUSED @ http://localhost:8602/_stcore/host-config:0
[ 1263510ms] [ERROR] Failed to load resource: net::ERR_CONNECTION_REFUSED @ http://localhost:8602/_stcore/health:0
[ 1263510ms] [ERROR] Client Error in reaching server endpoint - No response received when attempting to reach /_stcore/health @ http://localhost:8602/static/js/index.ByR4Z2EF.js:37
[ 1263510ms] [ERROR] Is Streamlit still running? If you accidentally stopped Streamlit, just restart it in your terminal: @ http://localhost:8602/static/js/index.ByR4Z2EF.js:42
[ 1263510ms] [ERROR] Failed to load resource: net::ERR_CONNECTION_REFUSED @ http://localhost:8602/_stcore/host-config:0
[ 1266426ms] [ERROR] Failed to load resource: net::ERR_CONNECTION_REFUSED @ http://localhost:8602/_stcore/health:0
[ 1266426ms] [ERROR] Client Error in reaching server endpoint - No response received when attempting to reach /_stcore/health @ http://localhost:8602/static/js/index.ByR4Z2EF.js:37
[ 1266427ms] [ERROR] Is Streamlit still running? If you accidentally stopped Streamlit, just restart it in your terminal: @ http://localhost:8602/static/js/index.ByR4Z2EF.js:42
[ 1266427ms] [ERROR] Failed to load resource: net::ERR_CONNECTION_REFUSED @ http://localhost:8602/_stcore/host-config:0
[ 1269797ms] [ERROR] Failed to load resource: net::ERR_CONNECTION_REFUSED @ http://localhost:8602/_stcore/health:0
[ 1269797ms] [ERROR] Client Error in reaching server endpoint - No response received when attempting to reach /_stcore/health @ http://localhost:8602/static/js/index.ByR4Z2EF.js:37
[ 1269797ms] [ERROR] Is Streamlit still running? If you accidentally stopped Streamlit, just restart it in your terminal: @ http://localhost:8602/static/js/index.ByR4Z2EF.js:42
[ 1269797ms] [ERROR] Failed to load resource: net::ERR_CONNECTION_REFUSED @ http://localhost:8602/_stcore/host-config:0
[ 1273432ms] [ERROR] Failed to load resource: net::ERR_CONNECTION_REFUSED @ http://localhost:8602/_stcore/health:0
[ 1273432ms] [ERROR] Client Error in reaching server endpoint - No response received when attempting to reach /_stcore/health @ http://localhost:8602/static/js/index.ByR4Z2EF.js:37
[ 1273432ms] [ERROR] Is Streamlit still running? If you accidentally stopped Streamlit, just restart it in your terminal: @ http://localhost:8602/static/js/index.ByR4Z2EF.js:42
[ 1273433ms] [ERROR] Failed to load resource: net::ERR_CONNECTION_REFUSED @ http://localhost:8602/_stcore/host-config:0
[ 1276312ms] [ERROR] Failed to load resource: net::ERR_CONNECTION_REFUSED @ http://localhost:8602/_stcore/health:0
[ 1276312ms] [ERROR] Client Error in reaching server endpoint - No response received when attempting to reach /_stcore/health @ http://localhost:8602/static/js/index.ByR4Z2EF.js:37
[ 1276312ms] [ERROR] Is Streamlit still running? If you accidentally stopped Streamlit, just restart it in your terminal: @ http://localhost:8602/static/js/index.ByR4Z2EF.js:42
[ 1276313ms] [ERROR] Failed to load resource: net::ERR_CONNECTION_REFUSED @ http://localhost:8602/_stcore/host-config:0
[ 1280238ms] [ERROR] Failed to load resource: net::ERR_CONNECTION_REFUSED @ http://localhost:8602/_stcore/health:0
[ 1280238ms] [ERROR] Client Error in reaching server endpoint - No response received when attempting to reach /_stcore/health @ http://localhost:8602/static/js/index.ByR4Z2EF.js:37
[ 1280238ms] [ERROR] Is Streamlit still running? If you accidentally stopped Streamlit, just restart it in your terminal: @ http://localhost:8602/static/js/index.ByR4Z2EF.js:42
[ 1280238ms] [ERROR] Failed to load resource: net::ERR_CONNECTION_REFUSED @ http://localhost:8602/_stcore/host-config:0
[ 1283915ms] [ERROR] Failed to load resource: net::ERR_CONNECTION_REFUSED @ http://localhost:8602/_stcore/health:0
[ 1283915ms] [ERROR] Client Error in reaching server endpoint - No response received when attempting to reach /_stcore/health @ http://localhost:8602/static/js/index.ByR4Z2EF.js:37
[ 1283915ms] [ERROR] Is Streamlit still running? If you accidentally stopped Streamlit, just restart it in your terminal: @ http://localhost:8602/static/js/index.ByR4Z2EF.js:42
[ 1283915ms] [ERROR] Failed to load resource: net::ERR_CONNECTION_REFUSED @ http://localhost:8602/_stcore/host-config:0
[ 1287402ms] [ERROR] Failed to load resource: net::ERR_CONNECTION_REFUSED @ http://localhost:8602/_stcore/health:0
[ 1287402ms] [ERROR] Client Error in reaching server endpoint - No response received when attempting to reach /_stcore/health @ http://localhost:8602/static/js/index.ByR4Z2EF.js:37
[ 1287402ms] [ERROR] Is Streamlit still running? If you accidentally stopped Streamlit, just restart it in your terminal: @ http://localhost:8602/static/js/index.ByR4Z2EF.js:42
[ 1287402ms] [ERROR] Failed to load resource: net::ERR_CONNECTION_REFUSED @ http://localhost:8602/_stcore/host-config:0
[ 1291326ms] [ERROR] Failed to load resource: net::ERR_CONNECTION_REFUSED @ http://localhost:8602/_stcore/health:0
[ 1291326ms] [ERROR] Client Error in reaching server endpoint - No response received when attempting to reach /_stcore/health @ http://localhost:8602/static/js/index.ByR4Z2EF.js:37
[ 1291326ms] [ERROR] Is Streamlit still running? If you accidentally stopped Streamlit, just restart it in your terminal: @ http://localhost:8602/static/js/index.ByR4Z2EF.js:42
[ 1291327ms] [ERROR] Failed to load resource: net::ERR_CONNECTION_REFUSED @ http://localhost:8602/_stcore/host-config:0
[ 1294826ms] [ERROR] Failed to load resource: net::ERR_CONNECTION_REFUSED @ http://localhost:8602/_stcore/health:0
[ 1294827ms] [ERROR] Client Error in reaching server endpoint - No response received when attempting to reach /_stcore/health @ http://localhost:8602/static/js/index.ByR4Z2EF.js:37
[ 1294827ms] [ERROR] Is Streamlit still running? If you accidentally stopped Streamlit, just restart it in your terminal: @ http://localhost:8602/static/js/index.ByR4Z2EF.js:42
[ 1294827ms] [ERROR] Failed to load resource: net::ERR_CONNECTION_REFUSED @ http://localhost:8602/_stcore/host-config:0
[ 1297764ms] [ERROR] Failed to load resource: net::ERR_CONNECTION_REFUSED @ http://localhost:8602/_stcore/health:0
[ 1297764ms] [ERROR] Client Error in reaching server endpoint - No response received when attempting to reach /_stcore/health @ http://localhost:8602/static/js/index.ByR4Z2EF.js:37
[ 1297764ms] [ERROR] Is Streamlit still running? If you accidentally stopped Streamlit, just restart it in your terminal: @ http://localhost:8602/static/js/index.ByR4Z2EF.js:42
[ 1297765ms] [ERROR] Failed to load resource: net::ERR_CONNECTION_REFUSED @ http://localhost:8602/_stcore/host-config:0
[ 1301556ms] [ERROR] Failed to load resource: net::ERR_CONNECTION_REFUSED @ http://localhost:8602/_stcore/health:0
[ 1301556ms] [ERROR] Client Error in reaching server endpoint - No response received when attempting to reach /_stcore/health @ http://localhost:8602/static/js/index.ByR4Z2EF.js:37
[ 1301557ms] [ERROR] Is Streamlit still running? If you accidentally stopped Streamlit, just restart it in your terminal: @ http://localhost:8602/static/js/index.ByR4Z2EF.js:42
[ 1301557ms] [ERROR] Failed to load resource: net::ERR_CONNECTION_REFUSED @ http://localhost:8602/_stcore/host-config:0
[ 1304873ms] [ERROR] Failed to load resource: net::ERR_CONNECTION_REFUSED @ http://localhost:8602/_stcore/health:0
[ 1304873ms] [ERROR] Client Error in reaching server endpoint - No response received when attempting to reach /_stcore/health @ http://localhost:8602/static/js/index.ByR4Z2EF.js:37
[ 1304873ms] [ERROR] Is Streamlit still running? If you accidentally stopped Streamlit, just restart it in your terminal: @ http://localhost:8602/static/js/index.ByR4Z2EF.js:42
[ 1304874ms] [ERROR] Failed to load resource: net::ERR_CONNECTION_REFUSED @ http://localhost:8602/_stcore/host-config:0
[ 1308322ms] [ERROR] Failed to load resource: net::ERR_CONNECTION_REFUSED @ http://localhost:8602/_stcore/health:0
[ 1308322ms] [ERROR] Client Error in reaching server endpoint - No response received when attempting to reach /_stcore/health @ http://localhost:8602/static/js/index.ByR4Z2EF.js:37
[ 1308322ms] [ERROR] Is Streamlit still running? If you accidentally stopped Streamlit, just restart it in your terminal: @ http://localhost:8602/static/js/index.ByR4Z2EF.js:42
[ 1308322ms] [ERROR] Failed to load resource: net::ERR_CONNECTION_REFUSED @ http://localhost:8602/_stcore/host-config:0
[ 1311835ms] [ERROR] Failed to load resource: net::ERR_CONNECTION_REFUSED @ http://localhost:8602/_stcore/health:0
[ 1311835ms] [ERROR] Client Error in reaching server endpoint - No response received when attempting to reach /_stcore/health @ http://localhost:8602/static/js/index.ByR4Z2EF.js:37
[ 1311835ms] [ERROR] Is Streamlit still running? If you accidentally stopped Streamlit, just restart it in your terminal: @ http://localhost:8602/static/js/index.ByR4Z2EF.js:42
[ 1311836ms] [ERROR] Failed to load resource: net::ERR_CONNECTION_REFUSED @ http://localhost:8602/_stcore/host-config:0
[ 1315226ms] [ERROR] Failed to load resource: net::ERR_CONNECTION_REFUSED @ http://localhost:8602/_stcore/health:0
[ 1315226ms] [ERROR] Client Error in reaching server endpoint - No response received when attempting to reach /_stcore/health @ http://localhost:8602/static/js/index.ByR4Z2EF.js:37
[ 1315226ms] [ERROR] Is Streamlit still running? If you accidentally stopped Streamlit, just restart it in your terminal: @ http://localhost:8602/static/js/index.ByR4Z2EF.js:42
[ 1315226ms] [ERROR] Failed to load resource: net::ERR_CONNECTION_REFUSED @ http://localhost:8602/_stcore/host-config:0
[ 1318074ms] [ERROR] Failed to load resource: net::ERR_CONNECTION_REFUSED @ http://localhost:8602/_stcore/health:0
[ 1318075ms] [ERROR] Client Error in reaching server endpoint - No response received when attempting to reach /_stcore/health @ http://localhost:8602/static/js/index.ByR4Z2EF.js:37
[ 1318075ms] [ERROR] Is Streamlit still running? If you accidentally stopped Streamlit, just restart it in your terminal: @ http://localhost:8602/static/js/index.ByR4Z2EF.js:42
[ 1318075ms] [ERROR] Failed to load resource: net::ERR_CONNECTION_REFUSED @ http://localhost:8602/_stcore/host-config:0
[ 1321048ms] [ERROR] Failed to load resource: net::ERR_CONNECTION_REFUSED @ http://localhost:8602/_stcore/health:0
[ 1321049ms] [ERROR] Client Error in reaching server endpoint - No response received when attempting to reach /_stcore/health @ http://localhost:8602/static/js/index.ByR4Z2EF.js:37
[ 1321049ms] [ERROR] Is Streamlit still running? If you accidentally stopped Streamlit, just restart it in your terminal: @ http://localhost:8602/static/js/index.ByR4Z2EF.js:42
[ 1321049ms] [ERROR] Failed to load resource: net::ERR_CONNECTION_REFUSED @ http://localhost:8602/_stcore/host-config:0
[ 1324057ms] [ERROR] Failed to load resource: net::ERR_CONNECTION_REFUSED @ http://localhost:8602/_stcore/health:0
[ 1324057ms] [ERROR] Client Error in reaching server endpoint - No response received when attempting to reach /_stcore/health @ http://localhost:8602/static/js/index.ByR4Z2EF.js:37
[ 1324057ms] [ERROR] Is Streamlit still running? If you accidentally stopped Streamlit, just restart it in your terminal: @ http://localhost:8602/static/js/index.ByR4Z2EF.js:42
[ 1324058ms] [ERROR] Failed to load resource: net::ERR_CONNECTION_REFUSED @ http://localhost:8602/_stcore/host-config:0
[ 1327189ms] [ERROR] Failed to load resource: net::ERR_CONNECTION_REFUSED @ http://localhost:8602/_stcore/health:0
[ 1327189ms] [ERROR] Client Error in reaching server endpoint - No response received when attempting to reach /_stcore/health @ http://localhost:8602/static/js/index.ByR4Z2EF.js:37
[ 1327189ms] [ERROR] Is Streamlit still running? If you accidentally stopped Streamlit, just restart it in your terminal: @ http://localhost:8602/static/js/index.ByR4Z2EF.js:42
[ 1327189ms] [ERROR] Failed to load resource: net::ERR_CONNECTION_REFUSED @ http://localhost:8602/_stcore/host-config:0
[ 1330990ms] [ERROR] Failed to load resource: net::ERR_CONNECTION_REFUSED @ http://localhost:8602/_stcore/health:0
[ 1330990ms] [ERROR] Client Error in reaching server endpoint - No response received when attempting to reach /_stcore/health @ http://localhost:8602/static/js/index.ByR4Z2EF.js:37
[ 1330990ms] [ERROR] Is Streamlit still running? If you accidentally stopped Streamlit, just restart it in your terminal: @ http://localhost:8602/static/js/index.ByR4Z2EF.js:42
[ 1330991ms] [ERROR] Failed to load resource: net::ERR_CONNECTION_REFUSED @ http://localhost:8602/_stcore/host-config:0
[ 1333952ms] [ERROR] Failed to load resource: net::ERR_CONNECTION_REFUSED @ http://localhost:8602/_stcore/health:0
[ 1333952ms] [ERROR] Client Error in reaching server endpoint - No response received when attempting to reach /_stcore/health @ http://localhost:8602/static/js/index.ByR4Z2EF.js:37
[ 1333952ms] [ERROR] Is Streamlit still running? If you accidentally stopped Streamlit, just restart it in your terminal: @ http://localhost:8602/static/js/index.ByR4Z2EF.js:42
[ 1333952ms] [ERROR] Failed to load resource: net::ERR_CONNECTION_REFUSED @ http://localhost:8602/_stcore/host-config:0
[ 1336926ms] [ERROR] Failed to load resource: net::ERR_CONNECTION_REFUSED @ http://localhost:8602/_stcore/health:0
[ 1336926ms] [ERROR] Client Error in reaching server endpoint - No response received when attempting to reach /_stcore/health @ http://localhost:8602/static/js/index.ByR4Z2EF.js:37
[ 1336926ms] [ERROR] Is Streamlit still running? If you accidentally stopped Streamlit, just restart it in your terminal: @ http://localhost:8602/static/js/index.ByR4Z2EF.js:42
[ 1336927ms] [ERROR] Failed to load resource: net::ERR_CONNECTION_REFUSED @ http://localhost:8602/_stcore/host-config:0
[ 1340928ms] [ERROR] Failed to load resource: net::ERR_CONNECTION_REFUSED @ http://localhost:8602/_stcore/health:0
[ 1340928ms] [ERROR] Client Error in reaching server endpoint - No response received when attempting to reach /_stcore/health @ http://localhost:8602/static/js/index.ByR4Z2EF.js:37
[ 1340928ms] [ERROR] Is Streamlit still running? If you accidentally stopped Streamlit, just restart it in your terminal: @ http://localhost:8602/static/js/index.ByR4Z2EF.js:42
[ 1340929ms] [ERROR] Failed to load resource: net::ERR_CONNECTION_REFUSED @ http://localhost:8602/_stcore/host-config:0
[ 1344216ms] [ERROR] Failed to load resource: net::ERR_CONNECTION_REFUSED @ http://localhost:8602/_stcore/health:0
[ 1344216ms] [ERROR] Client Error in reaching server endpoint - No response received when attempting to reach /_stcore/health @ http://localhost:8602/static/js/index.ByR4Z2EF.js:37
[ 1344216ms] [ERROR] Is Streamlit still running? If you accidentally stopped Streamlit, just restart it in your terminal: @ http://localhost:8602/static/js/index.ByR4Z2EF.js:42
[ 1344216ms] [ERROR] Failed to load resource: net::ERR_CONNECTION_REFUSED @ http://localhost:8602/_stcore/host-config:0
[ 1347431ms] [ERROR] Failed to load resource: net::ERR_CONNECTION_REFUSED @ http://localhost:8602/_stcore/health:0
[ 1347432ms] [ERROR] Client Error in reaching server endpoint - No response received when attempting to reach /_stcore/health @ http://localhost:8602/static/js/index.ByR4Z2EF.js:37
[ 1347432ms] [ERROR] Is Streamlit still running? If you accidentally stopped Streamlit, just restart it in your terminal: @ http://localhost:8602/static/js/index.ByR4Z2EF.js:42
[ 1347432ms] [ERROR] Failed to load resource: net::ERR_CONNECTION_REFUSED @ http://localhost:8602/_stcore/host-config:0
[ 1351049ms] [ERROR] Failed to load resource: net::ERR_CONNECTION_REFUSED @ http://localhost:8602/_stcore/health:0
[ 1351049ms] [ERROR] Client Error in reaching server endpoint - No response received when attempting to reach /_stcore/health @ http://localhost:8602/static/js/index.ByR4Z2EF.js:37
[ 1351050ms] [ERROR] Is Streamlit still running? If you accidentally stopped Streamlit, just restart it in your terminal: @ http://localhost:8602/static/js/index.ByR4Z2EF.js:42
[ 1351050ms] [ERROR] Failed to load resource: net::ERR_CONNECTION_REFUSED @ http://localhost:8602/_stcore/host-config:0
[ 1354217ms] [ERROR] Failed to load resource: net::ERR_CONNECTION_REFUSED @ http://localhost:8602/_stcore/health:0
[ 1354217ms] [ERROR] Client Error in reaching server endpoint - No response received when attempting to reach /_stcore/health @ http://localhost:8602/static/js/index.ByR4Z2EF.js:37
[ 1354217ms] [ERROR] Is Streamlit still running? If you accidentally stopped Streamlit, just restart it in your terminal: @ http://localhost:8602/static/js/index.ByR4Z2EF.js:42
[ 1354218ms] [ERROR] Failed to load resource: net::ERR_CONNECTION_REFUSED @ http://localhost:8602/_stcore/host-config:0
[ 1357755ms] [ERROR] Failed to load resource: net::ERR_CONNECTION_REFUSED @ http://localhost:8602/_stcore/health:0
[ 1357755ms] [ERROR] Client Error in reaching server endpoint - No response received when attempting to reach /_stcore/health @ http://localhost:8602/static/js/index.ByR4Z2EF.js:37
[ 1357755ms] [ERROR] Is Streamlit still running? If you accidentally stopped Streamlit, just restart it in your terminal: @ http://localhost:8602/static/js/index.ByR4Z2EF.js:42
[ 1357755ms] [ERROR] Failed to load resource: net::ERR_CONNECTION_REFUSED @ http://localhost:8602/_stcore/host-config:0
[ 1360658ms] [ERROR] Failed to load resource: net::ERR_CONNECTION_REFUSED @ http://localhost:8602/_stcore/health:0
[ 1360658ms] [ERROR] Client Error in reaching server endpoint - No response received when attempting to reach /_stcore/health @ http://localhost:8602/static/js/index.ByR4Z2EF.js:37
[ 1360658ms] [ERROR] Is Streamlit still running? If you accidentally stopped Streamlit, just restart it in your terminal: @ http://localhost:8602/static/js/index.ByR4Z2EF.js:42
[ 1360658ms] [ERROR] Failed to load resource: net::ERR_CONNECTION_REFUSED @ http://localhost:8602/_stcore/host-config:0
[ 1364545ms] [ERROR] Failed to load resource: net::ERR_CONNECTION_REFUSED @ http://localhost:8602/_stcore/health:0
[ 1364545ms] [ERROR] Client Error in reaching server endpoint - No response received when attempting to reach /_stcore/health @ http://localhost:8602/static/js/index.ByR4Z2EF.js:37
[ 1364545ms] [ERROR] Is Streamlit still running? If you accidentally stopped Streamlit, just restart it in your terminal: @ http://localhost:8602/static/js/index.ByR4Z2EF.js:42
[ 1364545ms] [ERROR] Failed to load resource: net::ERR_CONNECTION_REFUSED @ http://localhost:8602/_stcore/host-config:0
[ 1368322ms] [ERROR] Failed to load resource: net::ERR_CONNECTION_REFUSED @ http://localhost:8602/_stcore/health:0
[ 1368322ms] [ERROR] Client Error in reaching server endpoint - No response received when attempting to reach /_stcore/health @ http://localhost:8602/static/js/index.ByR4Z2EF.js:37
[ 1368322ms] [ERROR] Is Streamlit still running? If you accidentally stopped Streamlit, just restart it in your terminal: @ http://localhost:8602/static/js/index.ByR4Z2EF.js:42
[ 1368323ms] [ERROR] Failed to load resource: net::ERR_CONNECTION_REFUSED @ http://localhost:8602/_stcore/host-config:0
[ 1371652ms] [ERROR] Failed to load resource: net::ERR_CONNECTION_REFUSED @ http://localhost:8602/_stcore/health:0
[ 1371652ms] [ERROR] Client Error in reaching server endpoint - No response received when attempting to reach /_stcore/health @ http://localhost:8602/static/js/index.ByR4Z2EF.js:37
[ 1371652ms] [ERROR] Is Streamlit still running? If you accidentally stopped Streamlit, just restart it in your terminal: @ http://localhost:8602/static/js/index.ByR4Z2EF.js:42
[ 1371652ms] [ERROR] Failed to load resource: net::ERR_CONNECTION_REFUSED @ http://localhost:8602/_stcore/host-config:0
[ 1374682ms] [ERROR] Failed to load resource: net::ERR_CONNECTION_REFUSED @ http://localhost:8602/_stcore/health:0
[ 1374682ms] [ERROR] Client Error in reaching server endpoint - No response received when attempting to reach /_stcore/health @ http://localhost:8602/static/js/index.ByR4Z2EF.js:37
[ 1374682ms] [ERROR] Is Streamlit still running? If you accidentally stopped Streamlit, just restart it in your terminal: @ http://localhost:8602/static/js/index.ByR4Z2EF.js:42
[ 1374682ms] [ERROR] Failed to load resource: net::ERR_CONNECTION_REFUSED @ http://localhost:8602/_stcore/host-config:0
[ 1378489ms] [ERROR] Failed to load resource: net::ERR_CONNECTION_REFUSED @ http://localhost:8602/_stcore/health:0
[ 1378489ms] [ERROR] Client Error in reaching server endpoint - No response received when attempting to reach /_stcore/health @ http://localhost:8602/static/js/index.ByR4Z2EF.js:37
[ 1378489ms] [ERROR] Is Streamlit still running? If you accidentally stopped Streamlit, just restart it in your terminal: @ http://localhost:8602/static/js/index.ByR4Z2EF.js:42
[ 1378490ms] [ERROR] Failed to load resource: net::ERR_CONNECTION_REFUSED @ http://localhost:8602/_stcore/host-config:0
[ 1381912ms] [ERROR] Failed to load resource: net::ERR_CONNECTION_REFUSED @ http://localhost:8602/_stcore/health:0
[ 1381912ms] [ERROR] Client Error in reaching server endpoint - No response received when attempting to reach /_stcore/health @ http://localhost:8602/static/js/index.ByR4Z2EF.js:37
[ 1381912ms] [ERROR] Is Streamlit still running? If you accidentally stopped Streamlit, just restart it in your terminal: @ http://localhost:8602/static/js/index.ByR4Z2EF.js:42
[ 1381913ms] [ERROR] Failed to load resource: net::ERR_CONNECTION_REFUSED @ http://localhost:8602/_stcore/host-config:0
[ 1384893ms] [ERROR] Failed to load resource: net::ERR_CONNECTION_REFUSED @ http://localhost:8602/_stcore/health:0
[ 1384894ms] [ERROR] Client Error in reaching server endpoint - No response received when attempting to reach /_stcore/health @ http://localhost:8602/static/js/index.ByR4Z2EF.js:37
[ 1384894ms] [ERROR] Is Streamlit still running? If you accidentally stopped Streamlit, just restart it in your terminal: @ http://localhost:8602/static/js/index.ByR4Z2EF.js:42
[ 1384894ms] [ERROR] Failed to load resource: net::ERR_CONNECTION_REFUSED @ http://localhost:8602/_stcore/host-config:0
[ 1388291ms] [ERROR] Failed to load resource: net::ERR_CONNECTION_REFUSED @ http://localhost:8602/_stcore/health:0
[ 1388291ms] [ERROR] Client Error in reaching server endpoint - No response received when attempting to reach /_stcore/health @ http://localhost:8602/static/js/index.ByR4Z2EF.js:37
[ 1388291ms] [ERROR] Is Streamlit still running? If you accidentally stopped Streamlit, just restart it in your terminal: @ http://localhost:8602/static/js/index.ByR4Z2EF.js:42
[ 1388292ms] [ERROR] Failed to load resource: net::ERR_CONNECTION_REFUSED @ http://localhost:8602/_stcore/host-config:0
[ 1392275ms] [ERROR] Failed to load resource: net::ERR_CONNECTION_REFUSED @ http://localhost:8602/_stcore/health:0
[ 1392275ms] [ERROR] Client Error in reaching server endpoint - No response received when attempting to reach /_stcore/health @ http://localhost:8602/static/js/index.ByR4Z2EF.js:37
[ 1392275ms] [ERROR] Is Streamlit still running? If you accidentally stopped Streamlit, just restart it in your terminal: @ http://localhost:8602/static/js/index.ByR4Z2EF.js:42
[ 1392275ms] [ERROR] Failed to load resource: net::ERR_CONNECTION_REFUSED @ http://localhost:8602/_stcore/host-config:0
[ 1395836ms] [ERROR] Failed to load resource: net::ERR_CONNECTION_REFUSED @ http://localhost:8602/_stcore/health:0
[ 1395836ms] [ERROR] Client Error in reaching server endpoint - No response received when attempting to reach /_stcore/health @ http://localhost:8602/static/js/index.ByR4Z2EF.js:37
[ 1395836ms] [ERROR] Is Streamlit still running? If you accidentally stopped Streamlit, just restart it in your terminal: @ http://localhost:8602/static/js/index.ByR4Z2EF.js:42
[ 1395836ms] [ERROR] Failed to load resource: net::ERR_CONNECTION_REFUSED @ http://localhost:8602/_stcore/host-config:0
[ 1399512ms] [ERROR] Failed to load resource: net::ERR_CONNECTION_REFUSED @ http://localhost:8602/_stcore/health:0
[ 1399512ms] [ERROR] Client Error in reaching server endpoint - No response received when attempting to reach /_stcore/health @ http://localhost:8602/static/js/index.ByR4Z2EF.js:37
[ 1399512ms] [ERROR] Is Streamlit still running? If you accidentally stopped Streamlit, just restart it in your terminal: @ http://localhost:8602/static/js/index.ByR4Z2EF.js:42
[ 1399512ms] [ERROR] Failed to load resource: net::ERR_CONNECTION_REFUSED @ http://localhost:8602/_stcore/host-config:0
[ 1403216ms] [ERROR] Failed to load resource: net::ERR_CONNECTION_REFUSED @ http://localhost:8602/_stcore/health:0
[ 1403216ms] [ERROR] Client Error in reaching server endpoint - No response received when attempting to reach /_stcore/health @ http://localhost:8602/static/js/index.ByR4Z2EF.js:37
[ 1403216ms] [ERROR] Is Streamlit still running? If you accidentally stopped Streamlit, just restart it in your terminal: @ http://localhost:8602/static/js/index.ByR4Z2EF.js:42
[ 1403216ms] [ERROR] Failed to load resource: net::ERR_CONNECTION_REFUSED @ http://localhost:8602/_stcore/host-config:0
[ 1406528ms] [ERROR] Failed to load resource: net::ERR_CONNECTION_REFUSED @ http://localhost:8602/_stcore/health:0
[ 1406529ms] [ERROR] Client Error in reaching server endpoint - No response received when attempting to reach /_stcore/health @ http://localhost:8602/static/js/index.ByR4Z2EF.js:37
[ 1406529ms] [ERROR] Is Streamlit still running? If you accidentally stopped Streamlit, just restart it in your terminal: @ http://localhost:8602/static/js/index.ByR4Z2EF.js:42
[ 1406529ms] [ERROR] Failed to load resource: net::ERR_CONNECTION_REFUSED @ http://localhost:8602/_stcore/host-config:0
[ 1409893ms] [ERROR] Failed to load resource: net::ERR_CONNECTION_REFUSED @ http://localhost:8602/_stcore/health:0
[ 1409893ms] [ERROR] Client Error in reaching server endpoint - No response received when attempting to reach /_stcore/health @ http://localhost:8602/static/js/index.ByR4Z2EF.js:37
[ 1409893ms] [ERROR] Is Streamlit still running? If you accidentally stopped Streamlit, just restart it in your terminal: @ http://localhost:8602/static/js/index.ByR4Z2EF.js:42
[ 1409893ms] [ERROR] Failed to load resource: net::ERR_CONNECTION_REFUSED @ http://localhost:8602/_stcore/host-config:0
[ 1413248ms] [ERROR] Failed to load resource: net::ERR_CONNECTION_REFUSED @ http://localhost:8602/_stcore/health:0
[ 1413248ms] [ERROR] Client Error in reaching server endpoint - No response received when attempting to reach /_stcore/health @ http://localhost:8602/static/js/index.ByR4Z2EF.js:37
[ 1413248ms] [ERROR] Is Streamlit still running? If you accidentally stopped Streamlit, just restart it in your terminal: @ http://localhost:8602/static/js/index.ByR4Z2EF.js:42
[ 1413249ms] [ERROR] Failed to load resource: net::ERR_CONNECTION_REFUSED @ http://localhost:8602/_stcore/host-config:0
[ 1416144ms] [ERROR] Failed to load resource: net::ERR_CONNECTION_REFUSED @ http://localhost:8602/_stcore/health:0
[ 1416144ms] [ERROR] Client Error in reaching server endpoint - No response received when attempting to reach /_stcore/health @ http://localhost:8602/static/js/index.ByR4Z2EF.js:37
[ 1416144ms] [ERROR] Is Streamlit still running? If you accidentally stopped Streamlit, just restart it in your terminal: @ http://localhost:8602/static/js/index.ByR4Z2EF.js:42
[ 1416144ms] [ERROR] Failed to load resource: net::ERR_CONNECTION_REFUSED @ http://localhost:8602/_stcore/host-config:0
[ 1419651ms] [ERROR] Failed to load resource: net::ERR_CONNECTION_REFUSED @ http://localhost:8602/_stcore/health:0
[ 1419651ms] [ERROR] Client Error in reaching server endpoint - No response received when attempting to reach /_stcore/health @ http://localhost:8602/static/js/index.ByR4Z2EF.js:37
[ 1419651ms] [ERROR] Is Streamlit still running? If you accidentally stopped Streamlit, just restart it in your terminal: @ http://localhost:8602/static/js/index.ByR4Z2EF.js:42
[ 1419651ms] [ERROR] Failed to load resource: net::ERR_CONNECTION_REFUSED @ http://localhost:8602/_stcore/host-config:0
[ 1422671ms] [ERROR] Failed to load resource: net::ERR_CONNECTION_REFUSED @ http://localhost:8602/_stcore/health:0
[ 1422671ms] [ERROR] Client Error in reaching server endpoint - No response received when attempting to reach /_stcore/health @ http://localhost:8602/static/js/index.ByR4Z2EF.js:37
[ 1422672ms] [ERROR] Is Streamlit still running? If you accidentally stopped Streamlit, just restart it in your terminal: @ http://localhost:8602/static/js/index.ByR4Z2EF.js:42
[ 1422672ms] [ERROR] Failed to load resource: net::ERR_CONNECTION_REFUSED @ http://localhost:8602/_stcore/host-config:0
[ 1426232ms] [ERROR] Failed to load resource: net::ERR_CONNECTION_REFUSED @ http://localhost:8602/_stcore/health:0
[ 1426232ms] [ERROR] Client Error in reaching server endpoint - No response received when attempting to reach /_stcore/health @ http://localhost:8602/static/js/index.ByR4Z2EF.js:37
[ 1426232ms] [ERROR] Is Streamlit still running? If you accidentally stopped Streamlit, just restart it in your terminal: @ http://localhost:8602/static/js/index.ByR4Z2EF.js:42
[ 1426233ms] [ERROR] Failed to load resource: net::ERR_CONNECTION_REFUSED @ http://localhost:8602/_stcore/host-config:0
[ 1429041ms] [ERROR] Failed to load resource: net::ERR_CONNECTION_REFUSED @ http://localhost:8602/_stcore/health:0
[ 1429041ms] [ERROR] Client Error in reaching server endpoint - No response received when attempting to reach /_stcore/health @ http://localhost:8602/static/js/index.ByR4Z2EF.js:37
[ 1429041ms] [ERROR] Is Streamlit still running? If you accidentally stopped Streamlit, just restart it in your terminal: @ http://localhost:8602/static/js/index.ByR4Z2EF.js:42
[ 1429041ms] [ERROR] Failed to load resource: net::ERR_CONNECTION_REFUSED @ http://localhost:8602/_stcore/host-config:0
[ 1432884ms] [ERROR] Failed to load resource: net::ERR_CONNECTION_REFUSED @ http://localhost:8602/_stcore/health:0
[ 1432884ms] [ERROR] Client Error in reaching server endpoint - No response received when attempting to reach /_stcore/health @ http://localhost:8602/static/js/index.ByR4Z2EF.js:37
[ 1432884ms] [ERROR] Is Streamlit still running? If you accidentally stopped Streamlit, just restart it in your terminal: @ http://localhost:8602/static/js/index.ByR4Z2EF.js:42
[ 1432884ms] [ERROR] Failed to load resource: net::ERR_CONNECTION_REFUSED @ http://localhost:8602/_stcore/host-config:0
[ 1435766ms] [ERROR] Failed to load resource: net::ERR_CONNECTION_REFUSED @ http://localhost:8602/_stcore/health:0
[ 1435766ms] [ERROR] Client Error in reaching server endpoint - No response received when attempting to reach /_stcore/health @ http://localhost:8602/static/js/index.ByR4Z2EF.js:37
[ 1435766ms] [ERROR] Is Streamlit still running? If you accidentally stopped Streamlit, just restart it in your terminal: @ http://localhost:8602/static/js/index.ByR4Z2EF.js:42
[ 1435766ms] [ERROR] Failed to load resource: net::ERR_CONNECTION_REFUSED @ http://localhost:8602/_stcore/host-config:0
[ 1439093ms] [ERROR] Failed to load resource: net::ERR_CONNECTION_REFUSED @ http://localhost:8602/_stcore/health:0
[ 1439093ms] [ERROR] Client Error in reaching server endpoint - No response received when attempting to reach /_stcore/health @ http://localhost:8602/static/js/index.ByR4Z2EF.js:37
[ 1439093ms] [ERROR] Is Streamlit still running? If you accidentally stopped Streamlit, just restart it in your terminal: @ http://localhost:8602/static/js/index.ByR4Z2EF.js:42
[ 1439093ms] [ERROR] Failed to load resource: net::ERR_CONNECTION_REFUSED @ http://localhost:8602/_stcore/host-config:0
[ 1442372ms] [ERROR] Failed to load resource: net::ERR_CONNECTION_REFUSED @ http://localhost:8602/_stcore/health:0
[ 1442372ms] [ERROR] Client Error in reaching server endpoint - No response received when attempting to reach /_stcore/health @ http://localhost:8602/static/js/index.ByR4Z2EF.js:37
[ 1442373ms] [ERROR] Is Streamlit still running? If you accidentally stopped Streamlit, just restart it in your terminal: @ http://localhost:8602/static/js/index.ByR4Z2EF.js:42
[ 1442373ms] [ERROR] Failed to load resource: net::ERR_CONNECTION_REFUSED @ http://localhost:8602/_stcore/host-config:0
[ 1446231ms] [ERROR] Failed to load resource: net::ERR_CONNECTION_REFUSED @ http://localhost:8602/_stcore/health:0
[ 1446231ms] [ERROR] Client Error in reaching server endpoint - No response received when attempting to reach /_stcore/health @ http://localhost:8602/static/js/index.ByR4Z2EF.js:37
[ 1446231ms] [ERROR] Is Streamlit still running? If you accidentally stopped Streamlit, just restart it in your terminal: @ http://localhost:8602/static/js/index.ByR4Z2EF.js:42
[ 1446231ms] [ERROR] Failed to load resource: net::ERR_CONNECTION_REFUSED @ http://localhost:8602/_stcore/host-config:0
[ 1449432ms] [ERROR] Failed to load resource: net::ERR_CONNECTION_REFUSED @ http://localhost:8602/_stcore/health:0
[ 1449433ms] [ERROR] Client Error in reaching server endpoint - No response received when attempting to reach /_stcore/health @ http://localhost:8602/static/js/index.ByR4Z2EF.js:37
[ 1449433ms] [ERROR] Is Streamlit still running? If you accidentally stopped Streamlit, just restart it in your terminal: @ http://localhost:8602/static/js/index.ByR4Z2EF.js:42
[ 1449433ms] [ERROR] Failed to load resource: net::ERR_CONNECTION_REFUSED @ http://localhost:8602/_stcore/host-config:0
[ 1452311ms] [ERROR] Failed to load resource: net::ERR_CONNECTION_REFUSED @ http://localhost:8602/_stcore/health:0
[ 1452311ms] [ERROR] Client Error in reaching server endpoint - No response received when attempting to reach /_stcore/health @ http://localhost:8602/static/js/index.ByR4Z2EF.js:37
[ 1452312ms] [ERROR] Is Streamlit still running? If you accidentally stopped Streamlit, just restart it in your terminal: @ http://localhost:8602/static/js/index.ByR4Z2EF.js:42
[ 1452312ms] [ERROR] Failed to load resource: net::ERR_CONNECTION_REFUSED @ http://localhost:8602/_stcore/host-config:0
[ 1456224ms] [ERROR] Failed to load resource: net::ERR_CONNECTION_REFUSED @ http://localhost:8602/_stcore/health:0
[ 1456224ms] [ERROR] Client Error in reaching server endpoint - No response received when attempting to reach /_stcore/health @ http://localhost:8602/static/js/index.ByR4Z2EF.js:37
[ 1456224ms] [ERROR] Is Streamlit still running? If you accidentally stopped Streamlit, just restart it in your terminal: @ http://localhost:8602/static/js/index.ByR4Z2EF.js:42
[ 1456224ms] [ERROR] Failed to load resource: net::ERR_CONNECTION_REFUSED @ http://localhost:8602/_stcore/host-config:0
[ 1459254ms] [ERROR] Failed to load resource: net::ERR_CONNECTION_REFUSED @ http://localhost:8602/_stcore/health:0
[ 1459254ms] [ERROR] Client Error in reaching server endpoint - No response received when attempting to reach /_stcore/health @ http://localhost:8602/static/js/index.ByR4Z2EF.js:37
[ 1459254ms] [ERROR] Is Streamlit still running? If you accidentally stopped Streamlit, just restart it in your terminal: @ http://localhost:8602/static/js/index.ByR4Z2EF.js:42
[ 1459254ms] [ERROR] Failed to load resource: net::ERR_CONNECTION_REFUSED @ http://localhost:8602/_stcore/host-config:0
[ 1462164ms] [ERROR] Failed to load resource: net::ERR_CONNECTION_REFUSED @ http://localhost:8602/_stcore/health:0
[ 1462164ms] [ERROR] Client Error in reaching server endpoint - No response received when attempting to reach /_stcore/health @ http://localhost:8602/static/js/index.ByR4Z2EF.js:37
[ 1462164ms] [ERROR] Is Streamlit still running? If you accidentally stopped Streamlit, just restart it in your terminal: @ http://localhost:8602/static/js/index.ByR4Z2EF.js:42
[ 1462164ms] [ERROR] Failed to load resource: net::ERR_CONNECTION_REFUSED @ http://localhost:8602/_stcore/host-config:0
[ 1465078ms] [ERROR] Failed to load resource: net::ERR_CONNECTION_REFUSED @ http://localhost:8602/_stcore/health:0
[ 1465078ms] [ERROR] Client Error in reaching server endpoint - No response received when attempting to reach /_stcore/health @ http://localhost:8602/static/js/index.ByR4Z2EF.js:37
[ 1465078ms] [ERROR] Is Streamlit still running? If you accidentally stopped Streamlit, just restart it in your terminal: @ http://localhost:8602/static/js/index.ByR4Z2EF.js:42
[ 1465078ms] [ERROR] Failed to load resource: net::ERR_CONNECTION_REFUSED @ http://localhost:8602/_stcore/host-config:0
[ 1468294ms] [ERROR] Failed to load resource: net::ERR_CONNECTION_REFUSED @ http://localhost:8602/_stcore/health:0
[ 1468294ms] [ERROR] Client Error in reaching server endpoint - No response received when attempting to reach /_stcore/health @ http://localhost:8602/static/js/index.ByR4Z2EF.js:37
[ 1468294ms] [ERROR] Is Streamlit still running? If you accidentally stopped Streamlit, just restart it in your terminal: @ http://localhost:8602/static/js/index.ByR4Z2EF.js:42
[ 1468294ms] [ERROR] Failed to load resource: net::ERR_CONNECTION_REFUSED @ http://localhost:8602/_stcore/host-config:0
[ 1471161ms] [ERROR] Failed to load resource: net::ERR_CONNECTION_REFUSED @ http://localhost:8602/_stcore/health:0
[ 1471161ms] [ERROR] Client Error in reaching server endpoint - No response received when attempting to reach /_stcore/health @ http://localhost:8602/static/js/index.ByR4Z2EF.js:37
[ 1471162ms] [ERROR] Is Streamlit still running? If you accidentally stopped Streamlit, just restart it in your terminal: @ http://localhost:8602/static/js/index.ByR4Z2EF.js:42
[ 1471162ms] [ERROR] Failed to load resource: net::ERR_CONNECTION_REFUSED @ http://localhost:8602/_stcore/host-config:0
[ 1474616ms] [ERROR] Failed to load resource: net::ERR_CONNECTION_REFUSED @ http://localhost:8602/_stcore/health:0
[ 1474616ms] [ERROR] Client Error in reaching server endpoint - No response received when attempting to reach /_stcore/health @ http://localhost:8602/static/js/index.ByR4Z2EF.js:37
[ 1474616ms] [ERROR] Is Streamlit still running? If you accidentally stopped Streamlit, just restart it in your terminal: @ http://localhost:8602/static/js/index.ByR4Z2EF.js:42
[ 1474617ms] [ERROR] Failed to load resource: net::ERR_CONNECTION_REFUSED @ http://localhost:8602/_stcore/host-config:0
[ 1478123ms] [ERROR] Failed to load resource: net::ERR_CONNECTION_REFUSED @ http://localhost:8602/_stcore/health:0
[ 1478123ms] [ERROR] Client Error in reaching server endpoint - No response received when attempting to reach /_stcore/health @ http://localhost:8602/static/js/index.ByR4Z2EF.js:37
[ 1478124ms] [ERROR] Is Streamlit still running? If you accidentally stopped Streamlit, just restart it in your terminal: @ http://localhost:8602/static/js/index.ByR4Z2EF.js:42
[ 1478124ms] [ERROR] Failed to load resource: net::ERR_CONNECTION_REFUSED @ http://localhost:8602/_stcore/host-config:0
[ 1481421ms] [ERROR] Failed to load resource: net::ERR_CONNECTION_REFUSED @ http://localhost:8602/_stcore/health:0
[ 1481421ms] [ERROR] Client Error in reaching server endpoint - No response received when attempting to reach /_stcore/health @ http://localhost:8602/static/js/index.ByR4Z2EF.js:37
[ 1481421ms] [ERROR] Is Streamlit still running? If you accidentally stopped Streamlit, just restart it in your terminal: @ http://localhost:8602/static/js/index.ByR4Z2EF.js:42
[ 1481421ms] [ERROR] Failed to load resource: net::ERR_CONNECTION_REFUSED @ http://localhost:8602/_stcore/host-config:0
[ 1484721ms] [ERROR] Failed to load resource: net::ERR_CONNECTION_REFUSED @ http://localhost:8602/_stcore/health:0
[ 1484721ms] [ERROR] Client Error in reaching server endpoint - No response received when attempting to reach /_stcore/health @ http://localhost:8602/static/js/index.ByR4Z2EF.js:37
[ 1484721ms] [ERROR] Is Streamlit still running? If you accidentally stopped Streamlit, just restart it in your terminal: @ http://localhost:8602/static/js/index.ByR4Z2EF.js:42
[ 1484721ms] [ERROR] Failed to load resource: net::ERR_CONNECTION_REFUSED @ http://localhost:8602/_stcore/host-config:0
[ 1487882ms] [ERROR] Failed to load resource: net::ERR_CONNECTION_REFUSED @ http://localhost:8602/_stcore/health:0
[ 1487882ms] [ERROR] Client Error in reaching server endpoint - No response received when attempting to reach /_stcore/health @ http://localhost:8602/static/js/index.ByR4Z2EF.js:37
[ 1487882ms] [ERROR] Is Streamlit still running? If you accidentally stopped Streamlit, just restart it in your terminal: @ http://localhost:8602/static/js/index.ByR4Z2EF.js:42
[ 1487882ms] [ERROR] Failed to load resource: net::ERR_CONNECTION_REFUSED @ http://localhost:8602/_stcore/host-config:0
[ 1490780ms] [ERROR] Failed to load resource: net::ERR_CONNECTION_REFUSED @ http://localhost:8602/_stcore/health:0
[ 1490781ms] [ERROR] Client Error in reaching server endpoint - No response received when attempting to reach /_stcore/health @ http://localhost:8602/static/js/index.ByR4Z2EF.js:37
[ 1490781ms] [ERROR] Is Streamlit still running? If you accidentally stopped Streamlit, just restart it in your terminal: @ http://localhost:8602/static/js/index.ByR4Z2EF.js:42
[ 1490781ms] [ERROR] Failed to load resource: net::ERR_CONNECTION_REFUSED @ http://localhost:8602/_stcore/host-config:0
[ 1493696ms] [ERROR] Failed to load resource: net::ERR_CONNECTION_REFUSED @ http://localhost:8602/_stcore/health:0
[ 1493696ms] [ERROR] Client Error in reaching server endpoint - No response received when attempting to reach /_stcore/health @ http://localhost:8602/static/js/index.ByR4Z2EF.js:37
[ 1493697ms] [ERROR] Is Streamlit still running? If you accidentally stopped Streamlit, just restart it in your terminal: @ http://localhost:8602/static/js/index.ByR4Z2EF.js:42
[ 1493697ms] [ERROR] Failed to load resource: net::ERR_CONNECTION_REFUSED @ http://localhost:8602/_stcore/host-config:0
[ 1496896ms] [ERROR] Failed to load resource: net::ERR_CONNECTION_REFUSED @ http://localhost:8602/_stcore/health:0
[ 1496896ms] [ERROR] Client Error in reaching server endpoint - No response received when attempting to reach /_stcore/health @ http://localhost:8602/static/js/index.ByR4Z2EF.js:37
[ 1496896ms] [ERROR] Is Streamlit still running? If you accidentally stopped Streamlit, just restart it in your terminal: @ http://localhost:8602/static/js/index.ByR4Z2EF.js:42
[ 1496897ms] [ERROR] Failed to load resource: net::ERR_CONNECTION_REFUSED @ http://localhost:8602/_stcore/host-config:0
[ 1499756ms] [ERROR] Failed to load resource: net::ERR_CONNECTION_REFUSED @ http://localhost:8602/_stcore/health:0
[ 1499756ms] [ERROR] Client Error in reaching server endpoint - No response received when attempting to reach /_stcore/health @ http://localhost:8602/static/js/index.ByR4Z2EF.js:37
[ 1499756ms] [ERROR] Is Streamlit still running? If you accidentally stopped Streamlit, just restart it in your terminal: @ http://localhost:8602/static/js/index.ByR4Z2EF.js:42
[ 1499756ms] [ERROR] Failed to load resource: net::ERR_CONNECTION_REFUSED @ http://localhost:8602/_stcore/host-config:0
[ 1502561ms] [ERROR] Failed to load resource: net::ERR_CONNECTION_REFUSED @ http://localhost:8602/_stcore/health:0
[ 1502562ms] [ERROR] Client Error in reaching server endpoint - No response received when attempting to reach /_stcore/health @ http://localhost:8602/static/js/index.ByR4Z2EF.js:37
[ 1502562ms] [ERROR] Is Streamlit still running? If you accidentally stopped Streamlit, just restart it in your terminal: @ http://localhost:8602/static/js/index.ByR4Z2EF.js:42
[ 1502562ms] [ERROR] Failed to load resource: net::ERR_CONNECTION_REFUSED @ http://localhost:8602/_stcore/host-config:0
[ 1506320ms] [ERROR] Failed to load resource: net::ERR_CONNECTION_REFUSED @ http://localhost:8602/_stcore/health:0
[ 1506320ms] [ERROR] Client Error in reaching server endpoint - No response received when attempting to reach /_stcore/health @ http://localhost:8602/static/js/index.ByR4Z2EF.js:37
[ 1506320ms] [ERROR] Is Streamlit still running? If you accidentally stopped Streamlit, just restart it in your terminal: @ http://localhost:8602/static/js/index.ByR4Z2EF.js:42
[ 1506320ms] [ERROR] Failed to load resource: net::ERR_CONNECTION_REFUSED @ http://localhost:8602/_stcore/host-config:0
[ 1510122ms] [ERROR] Failed to load resource: net::ERR_CONNECTION_REFUSED @ http://localhost:8602/_stcore/health:0
[ 1510122ms] [ERROR] Client Error in reaching server endpoint - No response received when attempting to reach /_stcore/health @ http://localhost:8602/static/js/index.ByR4Z2EF.js:37
[ 1510122ms] [ERROR] Is Streamlit still running? If you accidentally stopped Streamlit, just restart it in your terminal: @ http://localhost:8602/static/js/index.ByR4Z2EF.js:42
[ 1510122ms] [ERROR] Failed to load resource: net::ERR_CONNECTION_REFUSED @ http://localhost:8602/_stcore/host-config:0
[ 1514049ms] [ERROR] Failed to load resource: net::ERR_CONNECTION_REFUSED @ http://localhost:8602/_stcore/health:0
[ 1514049ms] [ERROR] Client Error in reaching server endpoint - No response received when attempting to reach /_stcore/health @ http://localhost:8602/static/js/index.ByR4Z2EF.js:37
[ 1514049ms] [ERROR] Is Streamlit still running? If you accidentally stopped Streamlit, just restart it in your terminal: @ http://localhost:8602/static/js/index.ByR4Z2EF.js:42
[ 1514049ms] [ERROR] Failed to load resource: net::ERR_CONNECTION_REFUSED @ http://localhost:8602/_stcore/host-config:0
[ 1517728ms] [ERROR] Failed to load resource: net::ERR_CONNECTION_REFUSED @ http://localhost:8602/_stcore/health:0
[ 1517729ms] [ERROR] Client Error in reaching server endpoint - No response received when attempting to reach /_stcore/health @ http://localhost:8602/static/js/index.ByR4Z2EF.js:37
[ 1517729ms] [ERROR] Is Streamlit still running? If you accidentally stopped Streamlit, just restart it in your terminal: @ http://localhost:8602/static/js/index.ByR4Z2EF.js:42
[ 1517729ms] [ERROR] Failed to load resource: net::ERR_CONNECTION_REFUSED @ http://localhost:8602/_stcore/host-config:0
[ 1521311ms] [ERROR] Failed to load resource: net::ERR_CONNECTION_REFUSED @ http://localhost:8602/_stcore/health:0
[ 1521311ms] [ERROR] Client Error in reaching server endpoint - No response received when attempting to reach /_stcore/health @ http://localhost:8602/static/js/index.ByR4Z2EF.js:37
[ 1521311ms] [ERROR] Is Streamlit still running? If you accidentally stopped Streamlit, just restart it in your terminal: @ http://localhost:8602/static/js/index.ByR4Z2EF.js:42
[ 1521312ms] [ERROR] Failed to load resource: net::ERR_CONNECTION_REFUSED @ http://localhost:8602/_stcore/host-config:0
[ 1525073ms] [ERROR] Failed to load resource: net::ERR_CONNECTION_REFUSED @ http://localhost:8602/_stcore/health:0
[ 1525073ms] [ERROR] Client Error in reaching server endpoint - No response received when attempting to reach /_stcore/health @ http://localhost:8602/static/js/index.ByR4Z2EF.js:37
[ 1525073ms] [ERROR] Is Streamlit still running? If you accidentally stopped Streamlit, just restart it in your terminal: @ http://localhost:8602/static/js/index.ByR4Z2EF.js:42
[ 1525073ms] [ERROR] Failed to load resource: net::ERR_CONNECTION_REFUSED @ http://localhost:8602/_stcore/host-config:0
[ 1528658ms] [ERROR] Failed to load resource: net::ERR_CONNECTION_REFUSED @ http://localhost:8602/_stcore/health:0
[ 1528658ms] [ERROR] Client Error in reaching server endpoint - No response received when attempting to reach /_stcore/health @ http://localhost:8602/static/js/index.ByR4Z2EF.js:37
[ 1528658ms] [ERROR] Is Streamlit still running? If you accidentally stopped Streamlit, just restart it in your terminal: @ http://localhost:8602/static/js/index.ByR4Z2EF.js:42
[ 1528659ms] [ERROR] Failed to load resource: net::ERR_CONNECTION_REFUSED @ http://localhost:8602/_stcore/host-config:0
[ 1532022ms] [ERROR] Failed to load resource: net::ERR_CONNECTION_REFUSED @ http://localhost:8602/_stcore/health:0
[ 1532022ms] [ERROR] Client Error in reaching server endpoint - No response received when attempting to reach /_stcore/health @ http://localhost:8602/static/js/index.ByR4Z2EF.js:37
[ 1532022ms] [ERROR] Is Streamlit still running? If you accidentally stopped Streamlit, just restart it in your terminal: @ http://localhost:8602/static/js/index.ByR4Z2EF.js:42
[ 1532022ms] [ERROR] Failed to load resource: net::ERR_CONNECTION_REFUSED @ http://localhost:8602/_stcore/host-config:0
[ 1535755ms] [ERROR] Failed to load resource: net::ERR_CONNECTION_REFUSED @ http://localhost:8602/_stcore/health:0
[ 1535755ms] [ERROR] Client Error in reaching server endpoint - No response received when attempting to reach /_stcore/health @ http://localhost:8602/static/js/index.ByR4Z2EF.js:37
[ 1535755ms] [ERROR] Is Streamlit still running? If you accidentally stopped Streamlit, just restart it in your terminal: @ http://localhost:8602/static/js/index.ByR4Z2EF.js:42
[ 1535755ms] [ERROR] Failed to load resource: net::ERR_CONNECTION_REFUSED @ http://localhost:8602/_stcore/host-config:0
[ 1539667ms] [ERROR] Failed to load resource: net::ERR_CONNECTION_REFUSED @ http://localhost:8602/_stcore/health:0
[ 1539667ms] [ERROR] Client Error in reaching server endpoint - No response received when attempting to reach /_stcore/health @ http://localhost:8602/static/js/index.ByR4Z2EF.js:37
[ 1539668ms] [ERROR] Is Streamlit still running? If you accidentally stopped Streamlit, just restart it in your terminal: @ http://localhost:8602/static/js/index.ByR4Z2EF.js:42
[ 1539668ms] [ERROR] Failed to load resource: net::ERR_CONNECTION_REFUSED @ http://localhost:8602/_stcore/host-config:0
[ 1543533ms] [ERROR] Failed to load resource: net::ERR_CONNECTION_REFUSED @ http://localhost:8602/_stcore/health:0
[ 1543533ms] [ERROR] Client Error in reaching server endpoint - No response received when attempting to reach /_stcore/health @ http://localhost:8602/static/js/index.ByR4Z2EF.js:37
[ 1543533ms] [ERROR] Is Streamlit still running? If you accidentally stopped Streamlit, just restart it in your terminal: @ http://localhost:8602/static/js/index.ByR4Z2EF.js:42
[ 1543534ms] [ERROR] Failed to load resource: net::ERR_CONNECTION_REFUSED @ http://localhost:8602/_stcore/host-config:0
[ 1546585ms] [ERROR] Failed to load resource: net::ERR_CONNECTION_REFUSED @ http://localhost:8602/_stcore/health:0
[ 1546585ms] [ERROR] Client Error in reaching server endpoint - No response received when attempting to reach /_stcore/health @ http://localhost:8602/static/js/index.ByR4Z2EF.js:37
[ 1546585ms] [ERROR] Is Streamlit still running? If you accidentally stopped Streamlit, just restart it in your terminal: @ http://localhost:8602/static/js/index.ByR4Z2EF.js:42
[ 1546585ms] [ERROR] Failed to load resource: net::ERR_CONNECTION_REFUSED @ http://localhost:8602/_stcore/host-config:0
[ 1550321ms] [ERROR] Failed to load resource: net::ERR_CONNECTION_REFUSED @ http://localhost:8602/_stcore/health:0
[ 1550321ms] [ERROR] Client Error in reaching server endpoint - No response received when attempting to reach /_stcore/health @ http://localhost:8602/static/js/index.ByR4Z2EF.js:37
[ 1550321ms] [ERROR] Is Streamlit still running? If you accidentally stopped Streamlit, just restart it in your terminal: @ http://localhost:8602/static/js/index.ByR4Z2EF.js:42
[ 1550322ms] [ERROR] Failed to load resource: net::ERR_CONNECTION_REFUSED @ http://localhost:8602/_stcore/host-config:0
[ 1553419ms] [ERROR] Failed to load resource: net::ERR_CONNECTION_REFUSED @ http://localhost:8602/_stcore/health:0
[ 1553419ms] [ERROR] Client Error in reaching server endpoint - No response received when attempting to reach /_stcore/health @ http://localhost:8602/static/js/index.ByR4Z2EF.js:37
[ 1553419ms] [ERROR] Is Streamlit still running? If you accidentally stopped Streamlit, just restart it in your terminal: @ http://localhost:8602/static/js/index.ByR4Z2EF.js:42
[ 1553419ms] [ERROR] Failed to load resource: net::ERR_CONNECTION_REFUSED @ http://localhost:8602/_stcore/host-config:0
[ 1557077ms] [ERROR] Failed to load resource: net::ERR_CONNECTION_REFUSED @ http://localhost:8602/_stcore/health:0
[ 1557077ms] [ERROR] Client Error in reaching server endpoint - No response received when attempting to reach /_stcore/health @ http://localhost:8602/static/js/index.ByR4Z2EF.js:37
[ 1557077ms] [ERROR] Is Streamlit still running? If you accidentally stopped Streamlit, just restart it in your terminal: @ http://localhost:8602/static/js/index.ByR4Z2EF.js:42
[ 1557077ms] [ERROR] Failed to load resource: net::ERR_CONNECTION_REFUSED @ http://localhost:8602/_stcore/host-config:0
[ 1560585ms] [ERROR] Failed to load resource: net::ERR_CONNECTION_REFUSED @ http://localhost:8602/_stcore/health:0
[ 1560585ms] [ERROR] Client Error in reaching server endpoint - No response received when attempting to reach /_stcore/health @ http://localhost:8602/static/js/index.ByR4Z2EF.js:37
[ 1560585ms] [ERROR] Is Streamlit still running? If you accidentally stopped Streamlit, just restart it in your terminal: @ http://localhost:8602/static/js/index.ByR4Z2EF.js:42
[ 1560585ms] [ERROR] Failed to load resource: net::ERR_CONNECTION_REFUSED @ http://localhost:8602/_stcore/host-config:0
[ 1564454ms] [ERROR] Failed to load resource: net::ERR_CONNECTION_REFUSED @ http://localhost:8602/_stcore/health:0
[ 1564454ms] [ERROR] Client Error in reaching server endpoint - No response received when attempting to reach /_stcore/health @ http://localhost:8602/static/js/index.ByR4Z2EF.js:37
[ 1564454ms] [ERROR] Is Streamlit still running? If you accidentally stopped Streamlit, just restart it in your terminal: @ http://localhost:8602/static/js/index.ByR4Z2EF.js:42
[ 1564455ms] [ERROR] Failed to load resource: net::ERR_CONNECTION_REFUSED @ http://localhost:8602/_stcore/host-config:0
[ 1567383ms] [ERROR] Failed to load resource: net::ERR_CONNECTION_REFUSED @ http://localhost:8602/_stcore/health:0
[ 1567383ms] [ERROR] Client Error in reaching server endpoint - No response received when attempting to reach /_stcore/health @ http://localhost:8602/static/js/index.ByR4Z2EF.js:37
[ 1567383ms] [ERROR] Is Streamlit still running? If you accidentally stopped Streamlit, just restart it in your terminal: @ http://localhost:8602/static/js/index.ByR4Z2EF.js:42
[ 1567383ms] [ERROR] Failed to load resource: net::ERR_CONNECTION_REFUSED @ http://localhost:8602/_stcore/host-config:0
[ 1570963ms] [ERROR] Failed to load resource: net::ERR_CONNECTION_REFUSED @ http://localhost:8602/_stcore/health:0
[ 1570964ms] [ERROR] Client Error in reaching server endpoint - No response received when attempting to reach /_stcore/health @ http://localhost:8602/static/js/index.ByR4Z2EF.js:37
[ 1570964ms] [ERROR] Is Streamlit still running? If you accidentally stopped Streamlit, just restart it in your terminal: @ http://localhost:8602/static/js/index.ByR4Z2EF.js:42
[ 1570964ms] [ERROR] Failed to load resource: net::ERR_CONNECTION_REFUSED @ http://localhost:8602/_stcore/host-config:0
[ 1573771ms] [ERROR] Failed to load resource: net::ERR_CONNECTION_REFUSED @ http://localhost:8602/_stcore/health:0
[ 1573771ms] [ERROR] Client Error in reaching server endpoint - No response received when attempting to reach /_stcore/health @ http://localhost:8602/static/js/index.ByR4Z2EF.js:37
[ 1573771ms] [ERROR] Is Streamlit still running? If you accidentally stopped Streamlit, just restart it in your terminal: @ http://localhost:8602/static/js/index.ByR4Z2EF.js:42
[ 1573772ms] [ERROR] Failed to load resource: net::ERR_CONNECTION_REFUSED @ http://localhost:8602/_stcore/host-config:0
[ 1576584ms] [ERROR] Failed to load resource: net::ERR_CONNECTION_REFUSED @ http://localhost:8602/_stcore/health:0
[ 1576584ms] [ERROR] Client Error in reaching server endpoint - No response received when attempting to reach /_stcore/health @ http://localhost:8602/static/js/index.ByR4Z2EF.js:37
[ 1576584ms] [ERROR] Is Streamlit still running? If you accidentally stopped Streamlit, just restart it in your terminal: @ http://localhost:8602/static/js/index.ByR4Z2EF.js:42
[ 1576584ms] [ERROR] Failed to load resource: net::ERR_CONNECTION_REFUSED @ http://localhost:8602/_stcore/host-config:0
[ 1579984ms] [ERROR] Failed to load resource: net::ERR_CONNECTION_REFUSED @ http://localhost:8602/_stcore/health:0
[ 1579984ms] [ERROR] Client Error in reaching server endpoint - No response received when attempting to reach /_stcore/health @ http://localhost:8602/static/js/index.ByR4Z2EF.js:37
[ 1579984ms] [ERROR] Is Streamlit still running? If you accidentally stopped Streamlit, just restart it in your terminal: @ http://localhost:8602/static/js/index.ByR4Z2EF.js:42
[ 1579984ms] [ERROR] Failed to load resource: net::ERR_CONNECTION_REFUSED @ http://localhost:8602/_stcore/host-config:0
[ 1583094ms] [ERROR] Failed to load resource: net::ERR_CONNECTION_REFUSED @ http://localhost:8602/_stcore/health:0
[ 1583094ms] [ERROR] Client Error in reaching server endpoint - No response received when attempting to reach /_stcore/health @ http://localhost:8602/static/js/index.ByR4Z2EF.js:37
[ 1583094ms] [ERROR] Is Streamlit still running? If you accidentally stopped Streamlit, just restart it in your terminal: @ http://localhost:8602/static/js/index.ByR4Z2EF.js:42
[ 1583095ms] [ERROR] Failed to load resource: net::ERR_CONNECTION_REFUSED @ http://localhost:8602/_stcore/host-config:0
[ 1586942ms] [ERROR] Failed to load resource: net::ERR_CONNECTION_REFUSED @ http://localhost:8602/_stcore/health:0
[ 1586942ms] [ERROR] Client Error in reaching server endpoint - No response received when attempting to reach /_stcore/health @ http://localhost:8602/static/js/index.ByR4Z2EF.js:37
[ 1586942ms] [ERROR] Is Streamlit still running? If you accidentally stopped Streamlit, just restart it in your terminal: @ http://localhost:8602/static/js/index.ByR4Z2EF.js:42
[ 1586942ms] [ERROR] Failed to load resource: net::ERR_CONNECTION_REFUSED @ http://localhost:8602/_stcore/host-config:0
[ 1590086ms] [ERROR] Failed to load resource: net::ERR_CONNECTION_REFUSED @ http://localhost:8602/_stcore/health:0
[ 1590086ms] [ERROR] Client Error in reaching server endpoint - No response received when attempting to reach /_stcore/health @ http://localhost:8602/static/js/index.ByR4Z2EF.js:37
[ 1590086ms] [ERROR] Is Streamlit still running? If you accidentally stopped Streamlit, just restart it in your terminal: @ http://localhost:8602/static/js/index.ByR4Z2EF.js:42
[ 1590086ms] [ERROR] Failed to load resource: net::ERR_CONNECTION_REFUSED @ http://localhost:8602/_stcore/host-config:0
[ 1593701ms] [ERROR] Failed to load resource: net::ERR_CONNECTION_REFUSED @ http://localhost:8602/_stcore/health:0
[ 1593701ms] [ERROR] Client Error in reaching server endpoint - No response received when attempting to reach /_stcore/health @ http://localhost:8602/static/js/index.ByR4Z2EF.js:37
[ 1593701ms] [ERROR] Is Streamlit still running? If you accidentally stopped Streamlit, just restart it in your terminal: @ http://localhost:8602/static/js/index.ByR4Z2EF.js:42
[ 1593702ms] [ERROR] Failed to load resource: net::ERR_CONNECTION_REFUSED @ http://localhost:8602/_stcore/host-config:0
[ 1596837ms] [ERROR] Failed to load resource: net::ERR_CONNECTION_REFUSED @ http://localhost:8602/_stcore/health:0
[ 1596837ms] [ERROR] Client Error in reaching server endpoint - No response received when attempting to reach /_stcore/health @ http://localhost:8602/static/js/index.ByR4Z2EF.js:37
[ 1596837ms] [ERROR] Is Streamlit still running? If you accidentally stopped Streamlit, just restart it in your terminal: @ http://localhost:8602/static/js/index.ByR4Z2EF.js:42
[ 1596837ms] [ERROR] Failed to load resource: net::ERR_CONNECTION_REFUSED @ http://localhost:8602/_stcore/host-config:0
[ 1600340ms] [ERROR] Failed to load resource: net::ERR_CONNECTION_REFUSED @ http://localhost:8602/_stcore/health:0
[ 1600340ms] [ERROR] Client Error in reaching server endpoint - No response received when attempting to reach /_stcore/health @ http://localhost:8602/static/js/index.ByR4Z2EF.js:37
[ 1600341ms] [ERROR] Is Streamlit still running? If you accidentally stopped Streamlit, just restart it in your terminal: @ http://localhost:8602/static/js/index.ByR4Z2EF.js:42
[ 1600341ms] [ERROR] Failed to load resource: net::ERR_CONNECTION_REFUSED @ http://localhost:8602/_stcore/host-config:0
[ 1603700ms] [ERROR] Failed to load resource: net::ERR_CONNECTION_REFUSED @ http://localhost:8602/_stcore/health:0
[ 1603700ms] [ERROR] Client Error in reaching server endpoint - No response received when attempting to reach /_stcore/health @ http://localhost:8602/static/js/index.ByR4Z2EF.js:37
[ 1603700ms] [ERROR] Is Streamlit still running? If you accidentally stopped Streamlit, just restart it in your terminal: @ http://localhost:8602/static/js/index.ByR4Z2EF.js:42
[ 1603701ms] [ERROR] Failed to load resource: net::ERR_CONNECTION_REFUSED @ http://localhost:8602/_stcore/host-config:0
[ 1607000ms] [ERROR] Failed to load resource: net::ERR_CONNECTION_REFUSED @ http://localhost:8602/_stcore/health:0
[ 1607001ms] [ERROR] Client Error in reaching server endpoint - No response received when attempting to reach /_stcore/health @ http://localhost:8602/static/js/index.ByR4Z2EF.js:37
[ 1607001ms] [ERROR] Is Streamlit still running? If you accidentally stopped Streamlit, just restart it in your terminal: @ http://localhost:8602/static/js/index.ByR4Z2EF.js:42
[ 1607001ms] [ERROR] Failed to load resource: net::ERR_CONNECTION_REFUSED @ http://localhost:8602/_stcore/host-config:0
[ 1610083ms] [ERROR] Failed to load resource: net::ERR_CONNECTION_REFUSED @ http://localhost:8602/_stcore/health:0
[ 1610083ms] [ERROR] Client Error in reaching server endpoint - No response received when attempting to reach /_stcore/health @ http://localhost:8602/static/js/index.ByR4Z2EF.js:37
[ 1610083ms] [ERROR] Is Streamlit still running? If you accidentally stopped Streamlit, just restart it in your terminal: @ http://localhost:8602/static/js/index.ByR4Z2EF.js:42
[ 1610083ms] [ERROR] Failed to load resource: net::ERR_CONNECTION_REFUSED @ http://localhost:8602/_stcore/host-config:0
[ 1612886ms] [ERROR] Failed to load resource: net::ERR_CONNECTION_REFUSED @ http://localhost:8602/_stcore/health:0
[ 1612886ms] [ERROR] Client Error in reaching server endpoint - No response received when attempting to reach /_stcore/health @ http://localhost:8602/static/js/index.ByR4Z2EF.js:37
[ 1612886ms] [ERROR] Is Streamlit still running? If you accidentally stopped Streamlit, just restart it in your terminal: @ http://localhost:8602/static/js/index.ByR4Z2EF.js:42
[ 1612886ms] [ERROR] Failed to load resource: net::ERR_CONNECTION_REFUSED @ http://localhost:8602/_stcore/host-config:0
[ 1616451ms] [ERROR] Failed to load resource: net::ERR_CONNECTION_REFUSED @ http://localhost:8602/_stcore/health:0
[ 1616451ms] [ERROR] Client Error in reaching server endpoint - No response received when attempting to reach /_stcore/health @ http://localhost:8602/static/js/index.ByR4Z2EF.js:37
[ 1616451ms] [ERROR] Is Streamlit still running? If you accidentally stopped Streamlit, just restart it in your terminal: @ http://localhost:8602/static/js/index.ByR4Z2EF.js:42
[ 1616452ms] [ERROR] Failed to load resource: net::ERR_CONNECTION_REFUSED @ http://localhost:8602/_stcore/host-config:0
[ 1619411ms] [ERROR] Failed to load resource: net::ERR_CONNECTION_REFUSED @ http://localhost:8602/_stcore/health:0
[ 1619411ms] [ERROR] Client Error in reaching server endpoint - No response received when attempting to reach /_stcore/health @ http://localhost:8602/static/js/index.ByR4Z2EF.js:37
[ 1619411ms] [ERROR] Is Streamlit still running? If you accidentally stopped Streamlit, just restart it in your terminal: @ http://localhost:8602/static/js/index.ByR4Z2EF.js:42
[ 1619411ms] [ERROR] Failed to load resource: net::ERR_CONNECTION_REFUSED @ http://localhost:8602/_stcore/host-config:0
[ 1622841ms] [ERROR] Failed to load resource: net::ERR_CONNECTION_REFUSED @ http://localhost:8602/_stcore/health:0
[ 1622841ms] [ERROR] Client Error in reaching server endpoint - No response received when attempting to reach /_stcore/health @ http://localhost:8602/static/js/index.ByR4Z2EF.js:37
[ 1622842ms] [ERROR] Is Streamlit still running? If you accidentally stopped Streamlit, just restart it in your terminal: @ http://localhost:8602/static/js/index.ByR4Z2EF.js:42
[ 1622842ms] [ERROR] Failed to load resource: net::ERR_CONNECTION_REFUSED @ http://localhost:8602/_stcore/host-config:0
[ 1625873ms] [ERROR] Failed to load resource: net::ERR_CONNECTION_REFUSED @ http://localhost:8602/_stcore/health:0
[ 1625873ms] [ERROR] Client Error in reaching server endpoint - No response received when attempting to reach /_stcore/health @ http://localhost:8602/static/js/index.ByR4Z2EF.js:37
[ 1625873ms] [ERROR] Is Streamlit still running? If you accidentally stopped Streamlit, just restart it in your terminal: @ http://localhost:8602/static/js/index.ByR4Z2EF.js:42
[ 1625873ms] [ERROR] Failed to load resource: net::ERR_CONNECTION_REFUSED @ http://localhost:8602/_stcore/host-config:0
[ 1628998ms] [ERROR] Failed to load resource: net::ERR_CONNECTION_REFUSED @ http://localhost:8602/_stcore/health:0
[ 1628998ms] [ERROR] Client Error in reaching server endpoint - No response received when attempting to reach /_stcore/health @ http://localhost:8602/static/js/index.ByR4Z2EF.js:37
[ 1628998ms] [ERROR] Is Streamlit still running? If you accidentally stopped Streamlit, just restart it in your terminal: @ http://localhost:8602/static/js/index.ByR4Z2EF.js:42
[ 1628998ms] [ERROR] Failed to load resource: net::ERR_CONNECTION_REFUSED @ http://localhost:8602/_stcore/host-config:0
[ 1632179ms] [ERROR] Failed to load resource: net::ERR_CONNECTION_REFUSED @ http://localhost:8602/_stcore/health:0
[ 1632179ms] [ERROR] Client Error in reaching server endpoint - No response received when attempting to reach /_stcore/health @ http://localhost:8602/static/js/index.ByR4Z2EF.js:37
[ 1632179ms] [ERROR] Is Streamlit still running? If you accidentally stopped Streamlit, just restart it in your terminal: @ http://localhost:8602/static/js/index.ByR4Z2EF.js:42
[ 1632179ms] [ERROR] Failed to load resource: net::ERR_CONNECTION_REFUSED @ http://localhost:8602/_stcore/host-config:0
[ 1635553ms] [ERROR] Failed to load resource: net::ERR_CONNECTION_REFUSED @ http://localhost:8602/_stcore/health:0
[ 1635553ms] [ERROR] Client Error in reaching server endpoint - No response received when attempting to reach /_stcore/health @ http://localhost:8602/static/js/index.ByR4Z2EF.js:37
[ 1635553ms] [ERROR] Is Streamlit still running? If you accidentally stopped Streamlit, just restart it in your terminal: @ http://localhost:8602/static/js/index.ByR4Z2EF.js:42
[ 1635553ms] [ERROR] Failed to load resource: net::ERR_CONNECTION_REFUSED @ http://localhost:8602/_stcore/host-config:0
[ 1639029ms] [ERROR] Failed to load resource: net::ERR_CONNECTION_REFUSED @ http://localhost:8602/_stcore/health:0
[ 1639029ms] [ERROR] Client Error in reaching server endpoint - No response received when attempting to reach /_stcore/health @ http://localhost:8602/static/js/index.ByR4Z2EF.js:37
[ 1639029ms] [ERROR] Is Streamlit still running? If you accidentally stopped Streamlit, just restart it in your terminal: @ http://localhost:8602/static/js/index.ByR4Z2EF.js:42
[ 1639029ms] [ERROR] Failed to load resource: net::ERR_CONNECTION_REFUSED @ http://localhost:8602/_stcore/host-config:0
[ 1642474ms] [ERROR] Failed to load resource: net::ERR_CONNECTION_REFUSED @ http://localhost:8602/_stcore/health:0
[ 1642474ms] [ERROR] Client Error in reaching server endpoint - No response received when attempting to reach /_stcore/health @ http://localhost:8602/static/js/index.ByR4Z2EF.js:37
[ 1642475ms] [ERROR] Is Streamlit still running? If you accidentally stopped Streamlit, just restart it in your terminal: @ http://localhost:8602/static/js/index.ByR4Z2EF.js:42
[ 1642475ms] [ERROR] Failed to load resource: net::ERR_CONNECTION_REFUSED @ http://localhost:8602/_stcore/host-config:0
[ 1646109ms] [ERROR] Failed to load resource: net::ERR_CONNECTION_REFUSED @ http://localhost:8602/_stcore/health:0
[ 1646109ms] [ERROR] Client Error in reaching server endpoint - No response received when attempting to reach /_stcore/health @ http://localhost:8602/static/js/index.ByR4Z2EF.js:37
[ 1646109ms] [ERROR] Is Streamlit still running? If you accidentally stopped Streamlit, just restart it in your terminal: @ http://localhost:8602/static/js/index.ByR4Z2EF.js:42
[ 1646109ms] [ERROR] Failed to load resource: net::ERR_CONNECTION_REFUSED @ http://localhost:8602/_stcore/host-config:0
[ 1649072ms] [ERROR] Failed to load resource: net::ERR_CONNECTION_REFUSED @ http://localhost:8602/_stcore/health:0
[ 1649072ms] [ERROR] Client Error in reaching server endpoint - No response received when attempting to reach /_stcore/health @ http://localhost:8602/static/js/index.ByR4Z2EF.js:37
[ 1649072ms] [ERROR] Is Streamlit still running? If you accidentally stopped Streamlit, just restart it in your terminal: @ http://localhost:8602/static/js/index.ByR4Z2EF.js:42
[ 1649073ms] [ERROR] Failed to load resource: net::ERR_CONNECTION_REFUSED @ http://localhost:8602/_stcore/host-config:0
[ 1652122ms] [ERROR] Failed to load resource: net::ERR_CONNECTION_REFUSED @ http://localhost:8602/_stcore/health:0
[ 1652122ms] [ERROR] Client Error in reaching server endpoint - No response received when attempting to reach /_stcore/health @ http://localhost:8602/static/js/index.ByR4Z2EF.js:37
[ 1652122ms] [ERROR] Is Streamlit still running? If you accidentally stopped Streamlit, just restart it in your terminal: @ http://localhost:8602/static/js/index.ByR4Z2EF.js:42
[ 1652123ms] [ERROR] Failed to load resource: net::ERR_CONNECTION_REFUSED @ http://localhost:8602/_stcore/host-config:0
[ 1655892ms] [ERROR] Failed to load resource: net::ERR_CONNECTION_REFUSED @ http://localhost:8602/_stcore/health:0
[ 1655892ms] [ERROR] Client Error in reaching server endpoint - No response received when attempting to reach /_stcore/health @ http://localhost:8602/static/js/index.ByR4Z2EF.js:37
[ 1655892ms] [ERROR] Is Streamlit still running? If you accidentally stopped Streamlit, just restart it in your terminal: @ http://localhost:8602/static/js/index.ByR4Z2EF.js:42
[ 1655893ms] [ERROR] Failed to load resource: net::ERR_CONNECTION_REFUSED @ http://localhost:8602/_stcore/host-config:0
[ 1659794ms] [ERROR] Failed to load resource: net::ERR_CONNECTION_REFUSED @ http://localhost:8602/_stcore/health:0
[ 1659794ms] [ERROR] Client Error in reaching server endpoint - No response received when attempting to reach /_stcore/health @ http://localhost:8602/static/js/index.ByR4Z2EF.js:37
[ 1659794ms] [ERROR] Is Streamlit still running? If you accidentally stopped Streamlit, just restart it in your terminal: @ http://localhost:8602/static/js/index.ByR4Z2EF.js:42
[ 1659794ms] [ERROR] Failed to load resource: net::ERR_CONNECTION_REFUSED @ http://localhost:8602/_stcore/host-config:0
[ 1663783ms] [ERROR] Failed to load resource: net::ERR_CONNECTION_REFUSED @ http://localhost:8602/_stcore/health:0
[ 1663783ms] [ERROR] Client Error in reaching server endpoint - No response received when attempting to reach /_stcore/health @ http://localhost:8602/static/js/index.ByR4Z2EF.js:37
[ 1663783ms] [ERROR] Is Streamlit still running? If you accidentally stopped Streamlit, just restart it in your terminal: @ http://localhost:8602/static/js/index.ByR4Z2EF.js:42
[ 1663783ms] [ERROR] Failed to load resource: net::ERR_CONNECTION_REFUSED @ http://localhost:8602/_stcore/host-config:0
[ 1667325ms] [ERROR] Failed to load resource: net::ERR_CONNECTION_REFUSED @ http://localhost:8602/_stcore/health:0
[ 1667325ms] [ERROR] Client Error in reaching server endpoint - No response received when attempting to reach /_stcore/health @ http://localhost:8602/static/js/index.ByR4Z2EF.js:37
[ 1667325ms] [ERROR] Is Streamlit still running? If you accidentally stopped Streamlit, just restart it in your terminal: @ http://localhost:8602/static/js/index.ByR4Z2EF.js:42
[ 1667325ms] [ERROR] Failed to load resource: net::ERR_CONNECTION_REFUSED @ http://localhost:8602/_stcore/host-config:0
[ 1671219ms] [ERROR] Failed to load resource: net::ERR_CONNECTION_REFUSED @ http://localhost:8602/_stcore/health:0
[ 1671219ms] [ERROR] Client Error in reaching server endpoint - No response received when attempting to reach /_stcore/health @ http://localhost:8602/static/js/index.ByR4Z2EF.js:37
[ 1671219ms] [ERROR] Is Streamlit still running? If you accidentally stopped Streamlit, just restart it in your terminal: @ http://localhost:8602/static/js/index.ByR4Z2EF.js:42
[ 1671219ms] [ERROR] Failed to load resource: net::ERR_CONNECTION_REFUSED @ http://localhost:8602/_stcore/host-config:0
[ 1674450ms] [ERROR] Failed to load resource: net::ERR_CONNECTION_REFUSED @ http://localhost:8602/_stcore/health:0
[ 1674450ms] [ERROR] Client Error in reaching server endpoint - No response received when attempting to reach /_stcore/health @ http://localhost:8602/static/js/index.ByR4Z2EF.js:37
[ 1674450ms] [ERROR] Is Streamlit still running? If you accidentally stopped Streamlit, just restart it in your terminal: @ http://localhost:8602/static/js/index.ByR4Z2EF.js:42
[ 1674451ms] [ERROR] Failed to load resource: net::ERR_CONNECTION_REFUSED @ http://localhost:8602/_stcore/host-config:0
[ 1677838ms] [ERROR] Failed to load resource: net::ERR_CONNECTION_REFUSED @ http://localhost:8602/_stcore/health:0
[ 1677838ms] [ERROR] Client Error in reaching server endpoint - No response received when attempting to reach /_stcore/health @ http://localhost:8602/static/js/index.ByR4Z2EF.js:37
[ 1677838ms] [ERROR] Is Streamlit still running? If you accidentally stopped Streamlit, just restart it in your terminal: @ http://localhost:8602/static/js/index.ByR4Z2EF.js:42
[ 1677838ms] [ERROR] Failed to load resource: net::ERR_CONNECTION_REFUSED @ http://localhost:8602/_stcore/host-config:0
[ 1681536ms] [ERROR] Failed to load resource: net::ERR_CONNECTION_REFUSED @ http://localhost:8602/_stcore/health:0
[ 1681536ms] [ERROR] Client Error in reaching server endpoint - No response received when attempting to reach /_stcore/health @ http://localhost:8602/static/js/index.ByR4Z2EF.js:37
[ 1681536ms] [ERROR] Is Streamlit still running? If you accidentally stopped Streamlit, just restart it in your terminal: @ http://localhost:8602/static/js/index.ByR4Z2EF.js:42
[ 1681536ms] [ERROR] Failed to load resource: net::ERR_CONNECTION_REFUSED @ http://localhost:8602/_stcore/host-config:0
[ 1685256ms] [ERROR] Failed to load resource: net::ERR_CONNECTION_REFUSED @ http://localhost:8602/_stcore/health:0
[ 1685256ms] [ERROR] Client Error in reaching server endpoint - No response received when attempting to reach /_stcore/health @ http://localhost:8602/static/js/index.ByR4Z2EF.js:37
[ 1685256ms] [ERROR] Is Streamlit still running? If you accidentally stopped Streamlit, just restart it in your terminal: @ http://localhost:8602/static/js/index.ByR4Z2EF.js:42
[ 1685256ms] [ERROR] Failed to load resource: net::ERR_CONNECTION_REFUSED @ http://localhost:8602/_stcore/host-config:0
[ 1688562ms] [ERROR] Failed to load resource: net::ERR_CONNECTION_REFUSED @ http://localhost:8602/_stcore/health:0
[ 1688562ms] [ERROR] Client Error in reaching server endpoint - No response received when attempting to reach /_stcore/health @ http://localhost:8602/static/js/index.ByR4Z2EF.js:37
[ 1688562ms] [ERROR] Is Streamlit still running? If you accidentally stopped Streamlit, just restart it in your terminal: @ http://localhost:8602/static/js/index.ByR4Z2EF.js:42
[ 1688562ms] [ERROR] Failed to load resource: net::ERR_CONNECTION_REFUSED @ http://localhost:8602/_stcore/host-config:0
[ 1692253ms] [ERROR] Failed to load resource: net::ERR_CONNECTION_REFUSED @ http://localhost:8602/_stcore/health:0
[ 1692253ms] [ERROR] Client Error in reaching server endpoint - No response received when attempting to reach /_stcore/health @ http://localhost:8602/static/js/index.ByR4Z2EF.js:37
[ 1692254ms] [ERROR] Is Streamlit still running? If you accidentally stopped Streamlit, just restart it in your terminal: @ http://localhost:8602/static/js/index.ByR4Z2EF.js:42
[ 1692254ms] [ERROR] Failed to load resource: net::ERR_CONNECTION_REFUSED @ http://localhost:8602/_stcore/host-config:0
[ 1696253ms] [ERROR] Failed to load resource: net::ERR_CONNECTION_REFUSED @ http://localhost:8602/_stcore/health:0
[ 1696253ms] [ERROR] Client Error in reaching server endpoint - No response received when attempting to reach /_stcore/health @ http://localhost:8602/static/js/index.ByR4Z2EF.js:37
[ 1696253ms] [ERROR] Is Streamlit still running? If you accidentally stopped Streamlit, just restart it in your terminal: @ http://localhost:8602/static/js/index.ByR4Z2EF.js:42
[ 1696253ms] [ERROR] Failed to load resource: net::ERR_CONNECTION_REFUSED @ http://localhost:8602/_stcore/host-config:0
[ 1699136ms] [ERROR] Failed to load resource: net::ERR_CONNECTION_REFUSED @ http://localhost:8602/_stcore/health:0
[ 1699137ms] [ERROR] Client Error in reaching server endpoint - No response received when attempting to reach /_stcore/health @ http://localhost:8602/static/js/index.ByR4Z2EF.js:37
[ 1699137ms] [ERROR] Is Streamlit still running? If you accidentally stopped Streamlit, just restart it in your terminal: @ http://localhost:8602/static/js/index.ByR4Z2EF.js:42
[ 1699137ms] [ERROR] Failed to load resource: net::ERR_CONNECTION_REFUSED @ http://localhost:8602/_stcore/host-config:0
[ 1702097ms] [ERROR] Failed to load resource: net::ERR_CONNECTION_REFUSED @ http://localhost:8602/_stcore/health:0
[ 1702097ms] [ERROR] Client Error in reaching server endpoint - No response received when attempting to reach /_stcore/health @ http://localhost:8602/static/js/index.ByR4Z2EF.js:37
[ 1702097ms] [ERROR] Is Streamlit still running? If you accidentally stopped Streamlit, just restart it in your terminal: @ http://localhost:8602/static/js/index.ByR4Z2EF.js:42
[ 1702097ms] [ERROR] Failed to load resource: net::ERR_CONNECTION_REFUSED @ http://localhost:8602/_stcore/host-config:0
[ 1705116ms] [ERROR] Failed to load resource: net::ERR_CONNECTION_REFUSED @ http://localhost:8602/_stcore/health:0
[ 1705117ms] [ERROR] Client Error in reaching server endpoint - No response received when attempting to reach /_stcore/health @ http://localhost:8602/static/js/index.ByR4Z2EF.js:37
[ 1705117ms] [ERROR] Is Streamlit still running? If you accidentally stopped Streamlit, just restart it in your terminal: @ http://localhost:8602/static/js/index.ByR4Z2EF.js:42
[ 1705117ms] [ERROR] Failed to load resource: net::ERR_CONNECTION_REFUSED @ http://localhost:8602/_stcore/host-config:0
[ 1709096ms] [ERROR] Failed to load resource: net::ERR_CONNECTION_REFUSED @ http://localhost:8602/_stcore/health:0
[ 1709097ms] [ERROR] Client Error in reaching server endpoint - No response received when attempting to reach /_stcore/health @ http://localhost:8602/static/js/index.ByR4Z2EF.js:37
[ 1709097ms] [ERROR] Is Streamlit still running? If you accidentally stopped Streamlit, just restart it in your terminal: @ http://localhost:8602/static/js/index.ByR4Z2EF.js:42
[ 1709097ms] [ERROR] Failed to load resource: net::ERR_CONNECTION_REFUSED @ http://localhost:8602/_stcore/host-config:0
[ 1712759ms] [ERROR] Failed to load resource: net::ERR_CONNECTION_REFUSED @ http://localhost:8602/_stcore/health:0
[ 1712759ms] [ERROR] Client Error in reaching server endpoint - No response received when attempting to reach /_stcore/health @ http://localhost:8602/static/js/index.ByR4Z2EF.js:37
[ 1712760ms] [ERROR] Is Streamlit still running? If you accidentally stopped Streamlit, just restart it in your terminal: @ http://localhost:8602/static/js/index.ByR4Z2EF.js:42
[ 1712760ms] [ERROR] Failed to load resource: net::ERR_CONNECTION_REFUSED @ http://localhost:8602/_stcore/host-config:0
[ 1715758ms] [ERROR] Failed to load resource: net::ERR_CONNECTION_REFUSED @ http://localhost:8602/_stcore/health:0
[ 1715758ms] [ERROR] Client Error in reaching server endpoint - No response received when attempting to reach /_stcore/health @ http://localhost:8602/static/js/index.ByR4Z2EF.js:37
[ 1715758ms] [ERROR] Is Streamlit still running? If you accidentally stopped Streamlit, just restart it in your terminal: @ http://localhost:8602/static/js/index.ByR4Z2EF.js:42
[ 1715758ms] [ERROR] Failed to load resource: net::ERR_CONNECTION_REFUSED @ http://localhost:8602/_stcore/host-config:0
[ 1718659ms] [ERROR] Failed to load resource: net::ERR_CONNECTION_REFUSED @ http://localhost:8602/_stcore/health:0
[ 1718659ms] [ERROR] Client Error in reaching server endpoint - No response received when attempting to reach /_stcore/health @ http://localhost:8602/static/js/index.ByR4Z2EF.js:37
[ 1718659ms] [ERROR] Is Streamlit still running? If you accidentally stopped Streamlit, just restart it in your terminal: @ http://localhost:8602/static/js/index.ByR4Z2EF.js:42
[ 1718659ms] [ERROR] Failed to load resource: net::ERR_CONNECTION_REFUSED @ http://localhost:8602/_stcore/host-config:0
[ 1721473ms] [ERROR] Failed to load resource: net::ERR_CONNECTION_REFUSED @ http://localhost:8602/_stcore/health:0
[ 1721473ms] [ERROR] Client Error in reaching server endpoint - No response received when attempting to reach /_stcore/health @ http://localhost:8602/static/js/index.ByR4Z2EF.js:37
[ 1721474ms] [ERROR] Is Streamlit still running? If you accidentally stopped Streamlit, just restart it in your terminal: @ http://localhost:8602/static/js/index.ByR4Z2EF.js:42
[ 1721474ms] [ERROR] Failed to load resource: net::ERR_CONNECTION_REFUSED @ http://localhost:8602/_stcore/host-config:0
[ 1724905ms] [ERROR] Failed to load resource: net::ERR_CONNECTION_REFUSED @ http://localhost:8602/_stcore/health:0
[ 1724905ms] [ERROR] Client Error in reaching server endpoint - No response received when attempting to reach /_stcore/health @ http://localhost:8602/static/js/index.ByR4Z2EF.js:37
[ 1724906ms] [ERROR] Is Streamlit still running? If you accidentally stopped Streamlit, just restart it in your terminal: @ http://localhost:8602/static/js/index.ByR4Z2EF.js:42
[ 1724906ms] [ERROR] Failed to load resource: net::ERR_CONNECTION_REFUSED @ http://localhost:8602/_stcore/host-config:0
[ 1728495ms] [ERROR] Failed to load resource: net::ERR_CONNECTION_REFUSED @ http://localhost:8602/_stcore/health:0
[ 1728495ms] [ERROR] Client Error in reaching server endpoint - No response received when attempting to reach /_stcore/health @ http://localhost:8602/static/js/index.ByR4Z2EF.js:37
[ 1728495ms] [ERROR] Is Streamlit still running? If you accidentally stopped Streamlit, just restart it in your terminal: @ http://localhost:8602/static/js/index.ByR4Z2EF.js:42
[ 1728495ms] [ERROR] Failed to load resource: net::ERR_CONNECTION_REFUSED @ http://localhost:8602/_stcore/host-config:0
[ 1731454ms] [ERROR] Failed to load resource: net::ERR_CONNECTION_REFUSED @ http://localhost:8602/_stcore/health:0
[ 1731454ms] [ERROR] Client Error in reaching server endpoint - No response received when attempting to reach /_stcore/health @ http://localhost:8602/static/js/index.ByR4Z2EF.js:37
[ 1731454ms] [ERROR] Is Streamlit still running? If you accidentally stopped Streamlit, just restart it in your terminal: @ http://localhost:8602/static/js/index.ByR4Z2EF.js:42
[ 1731454ms] [ERROR] Failed to load resource: net::ERR_CONNECTION_REFUSED @ http://localhost:8602/_stcore/host-config:0
[ 1734974ms] [ERROR] Failed to load resource: net::ERR_CONNECTION_REFUSED @ http://localhost:8602/_stcore/health:0
[ 1734974ms] [ERROR] Client Error in reaching server endpoint - No response received when attempting to reach /_stcore/health @ http://localhost:8602/static/js/index.ByR4Z2EF.js:37
[ 1734974ms] [ERROR] Is Streamlit still running? If you accidentally stopped Streamlit, just restart it in your terminal: @ http://localhost:8602/static/js/index.ByR4Z2EF.js:42
[ 1734974ms] [ERROR] Failed to load resource: net::ERR_CONNECTION_REFUSED @ http://localhost:8602/_stcore/host-config:0
[ 1738380ms] [ERROR] Failed to load resource: net::ERR_CONNECTION_REFUSED @ http://localhost:8602/_stcore/health:0
[ 1738380ms] [ERROR] Client Error in reaching server endpoint - No response received when attempting to reach /_stcore/health @ http://localhost:8602/static/js/index.ByR4Z2EF.js:37
[ 1738381ms] [ERROR] Is Streamlit still running? If you accidentally stopped Streamlit, just restart it in your terminal: @ http://localhost:8602/static/js/index.ByR4Z2EF.js:42
[ 1738381ms] [ERROR] Failed to load resource: net::ERR_CONNECTION_REFUSED @ http://localhost:8602/_stcore/host-config:0
[ 1742214ms] [ERROR] Failed to load resource: net::ERR_CONNECTION_REFUSED @ http://localhost:8602/_stcore/health:0
[ 1742214ms] [ERROR] Client Error in reaching server endpoint - No response received when attempting to reach /_stcore/health @ http://localhost:8602/static/js/index.ByR4Z2EF.js:37
[ 1742214ms] [ERROR] Is Streamlit still running? If you accidentally stopped Streamlit, just restart it in your terminal: @ http://localhost:8602/static/js/index.ByR4Z2EF.js:42
[ 1742215ms] [ERROR] Failed to load resource: net::ERR_CONNECTION_REFUSED @ http://localhost:8602/_stcore/host-config:0
[ 1745863ms] [ERROR] Failed to load resource: net::ERR_CONNECTION_REFUSED @ http://localhost:8602/_stcore/health:0
[ 1745863ms] [ERROR] Client Error in reaching server endpoint - No response received when attempting to reach /_stcore/health @ http://localhost:8602/static/js/index.ByR4Z2EF.js:37
[ 1745863ms] [ERROR] Is Streamlit still running? If you accidentally stopped Streamlit, just restart it in your terminal: @ http://localhost:8602/static/js/index.ByR4Z2EF.js:42
[ 1745863ms] [ERROR] Failed to load resource: net::ERR_CONNECTION_REFUSED @ http://localhost:8602/_stcore/host-config:0
[ 1749083ms] [ERROR] Failed to load resource: net::ERR_CONNECTION_REFUSED @ http://localhost:8602/_stcore/health:0
[ 1749083ms] [ERROR] Client Error in reaching server endpoint - No response received when attempting to reach /_stcore/health @ http://localhost:8602/static/js/index.ByR4Z2EF.js:37
[ 1749083ms] [ERROR] Is Streamlit still running? If you accidentally stopped Streamlit, just restart it in your terminal: @ http://localhost:8602/static/js/index.ByR4Z2EF.js:42
[ 1749083ms] [ERROR] Failed to load resource: net::ERR_CONNECTION_REFUSED @ http://localhost:8602/_stcore/host-config:0
[ 1751914ms] [ERROR] Failed to load resource: net::ERR_CONNECTION_REFUSED @ http://localhost:8602/_stcore/health:0
[ 1751914ms] [ERROR] Client Error in reaching server endpoint - No response received when attempting to reach /_stcore/health @ http://localhost:8602/static/js/index.ByR4Z2EF.js:37
[ 1751914ms] [ERROR] Is Streamlit still running? If you accidentally stopped Streamlit, just restart it in your terminal: @ http://localhost:8602/static/js/index.ByR4Z2EF.js:42
[ 1751914ms] [ERROR] Failed to load resource: net::ERR_CONNECTION_REFUSED @ http://localhost:8602/_stcore/host-config:0
[ 1755711ms] [ERROR] Failed to load resource: net::ERR_CONNECTION_REFUSED @ http://localhost:8602/_stcore/health:0
[ 1755712ms] [ERROR] Client Error in reaching server endpoint - No response received when attempting to reach /_stcore/health @ http://localhost:8602/static/js/index.ByR4Z2EF.js:37
[ 1755712ms] [ERROR] Is Streamlit still running? If you accidentally stopped Streamlit, just restart it in your terminal: @ http://localhost:8602/static/js/index.ByR4Z2EF.js:42
[ 1755712ms] [ERROR] Failed to load resource: net::ERR_CONNECTION_REFUSED @ http://localhost:8602/_stcore/host-config:0
[ 1759042ms] [ERROR] Failed to load resource: net::ERR_CONNECTION_REFUSED @ http://localhost:8602/_stcore/health:0
[ 1759042ms] [ERROR] Client Error in reaching server endpoint - No response received when attempting to reach /_stcore/health @ http://localhost:8602/static/js/index.ByR4Z2EF.js:37
[ 1759043ms] [ERROR] Is Streamlit still running? If you accidentally stopped Streamlit, just restart it in your terminal: @ http://localhost:8602/static/js/index.ByR4Z2EF.js:42
[ 1759043ms] [ERROR] Failed to load resource: net::ERR_CONNECTION_REFUSED @ http://localhost:8602/_stcore/host-config:0
[ 1761941ms] [ERROR] Failed to load resource: net::ERR_CONNECTION_REFUSED @ http://localhost:8602/_stcore/health:0
[ 1761941ms] [ERROR] Client Error in reaching server endpoint - No response received when attempting to reach /_stcore/health @ http://localhost:8602/static/js/index.ByR4Z2EF.js:37
[ 1761941ms] [ERROR] Is Streamlit still running? If you accidentally stopped Streamlit, just restart it in your terminal: @ http://localhost:8602/static/js/index.ByR4Z2EF.js:42
[ 1761941ms] [ERROR] Failed to load resource: net::ERR_CONNECTION_REFUSED @ http://localhost:8602/_stcore/host-config:0
[ 1765758ms] [ERROR] Failed to load resource: net::ERR_CONNECTION_REFUSED @ http://localhost:8602/_stcore/health:0
[ 1765758ms] [ERROR] Client Error in reaching server endpoint - No response received when attempting to reach /_stcore/health @ http://localhost:8602/static/js/index.ByR4Z2EF.js:37
[ 1765758ms] [ERROR] Is Streamlit still running? If you accidentally stopped Streamlit, just restart it in your terminal: @ http://localhost:8602/static/js/index.ByR4Z2EF.js:42
[ 1765758ms] [ERROR] Failed to load resource: net::ERR_CONNECTION_REFUSED @ http://localhost:8602/_stcore/host-config:0
[ 1769434ms] [ERROR] Failed to load resource: net::ERR_CONNECTION_REFUSED @ http://localhost:8602/_stcore/health:0
[ 1769434ms] [ERROR] Client Error in reaching server endpoint - No response received when attempting to reach /_stcore/health @ http://localhost:8602/static/js/index.ByR4Z2EF.js:37
[ 1769434ms] [ERROR] Is Streamlit still running? If you accidentally stopped Streamlit, just restart it in your terminal: @ http://localhost:8602/static/js/index.ByR4Z2EF.js:42
[ 1769434ms] [ERROR] Failed to load resource: net::ERR_CONNECTION_REFUSED @ http://localhost:8602/_stcore/host-config:0
[ 1772366ms] [ERROR] Failed to load resource: net::ERR_CONNECTION_REFUSED @ http://localhost:8602/_stcore/health:0
[ 1772366ms] [ERROR] Client Error in reaching server endpoint - No response received when attempting to reach /_stcore/health @ http://localhost:8602/static/js/index.ByR4Z2EF.js:37
[ 1772366ms] [ERROR] Is Streamlit still running? If you accidentally stopped Streamlit, just restart it in your terminal: @ http://localhost:8602/static/js/index.ByR4Z2EF.js:42
[ 1772366ms] [ERROR] Failed to load resource: net::ERR_CONNECTION_REFUSED @ http://localhost:8602/_stcore/host-config:0
[ 1775333ms] [ERROR] Failed to load resource: net::ERR_CONNECTION_REFUSED @ http://localhost:8602/_stcore/health:0
[ 1775333ms] [ERROR] Client Error in reaching server endpoint - No response received when attempting to reach /_stcore/health @ http://localhost:8602/static/js/index.ByR4Z2EF.js:37
[ 1775334ms] [ERROR] Is Streamlit still running? If you accidentally stopped Streamlit, just restart it in your terminal: @ http://localhost:8602/static/js/index.ByR4Z2EF.js:42
[ 1775334ms] [ERROR] Failed to load resource: net::ERR_CONNECTION_REFUSED @ http://localhost:8602/_stcore/host-config:0
[ 1778733ms] [ERROR] Failed to load resource: net::ERR_CONNECTION_REFUSED @ http://localhost:8602/_stcore/health:0
[ 1778734ms] [ERROR] Client Error in reaching server endpoint - No response received when attempting to reach /_stcore/health @ http://localhost:8602/static/js/index.ByR4Z2EF.js:37
[ 1778734ms] [ERROR] Is Streamlit still running? If you accidentally stopped Streamlit, just restart it in your terminal: @ http://localhost:8602/static/js/index.ByR4Z2EF.js:42
[ 1778734ms] [ERROR] Failed to load resource: net::ERR_CONNECTION_REFUSED @ http://localhost:8602/_stcore/host-config:0
[ 1782277ms] [ERROR] Failed to load resource: net::ERR_CONNECTION_REFUSED @ http://localhost:8602/_stcore/health:0
[ 1782277ms] [ERROR] Client Error in reaching server endpoint - No response received when attempting to reach /_stcore/health @ http://localhost:8602/static/js/index.ByR4Z2EF.js:37
[ 1782277ms] [ERROR] Is Streamlit still running? If you accidentally stopped Streamlit, just restart it in your terminal: @ http://localhost:8602/static/js/index.ByR4Z2EF.js:42
[ 1782278ms] [ERROR] Failed to load resource: net::ERR_CONNECTION_REFUSED @ http://localhost:8602/_stcore/host-config:0
[ 1785778ms] [ERROR] Failed to load resource: net::ERR_CONNECTION_REFUSED @ http://localhost:8602/_stcore/health:0
[ 1785779ms] [ERROR] Client Error in reaching server endpoint - No response received when attempting to reach /_stcore/health @ http://localhost:8602/static/js/index.ByR4Z2EF.js:37
[ 1785779ms] [ERROR] Is Streamlit still running? If you accidentally stopped Streamlit, just restart it in your terminal: @ http://localhost:8602/static/js/index.ByR4Z2EF.js:42
[ 1785779ms] [ERROR] Failed to load resource: net::ERR_CONNECTION_REFUSED @ http://localhost:8602/_stcore/host-config:0
[ 1789546ms] [ERROR] Failed to load resource: net::ERR_CONNECTION_REFUSED @ http://localhost:8602/_stcore/health:0
[ 1789546ms] [ERROR] Client Error in reaching server endpoint - No response received when attempting to reach /_stcore/health @ http://localhost:8602/static/js/index.ByR4Z2EF.js:37
[ 1789546ms] [ERROR] Is Streamlit still running? If you accidentally stopped Streamlit, just restart it in your terminal: @ http://localhost:8602/static/js/index.ByR4Z2EF.js:42
[ 1789547ms] [ERROR] Failed to load resource: net::ERR_CONNECTION_REFUSED @ http://localhost:8602/_stcore/host-config:0
[ 1793328ms] [ERROR] Failed to load resource: net::ERR_CONNECTION_REFUSED @ http://localhost:8602/_stcore/health:0
[ 1793328ms] [ERROR] Client Error in reaching server endpoint - No response received when attempting to reach /_stcore/health @ http://localhost:8602/static/js/index.ByR4Z2EF.js:37
[ 1793328ms] [ERROR] Is Streamlit still running? If you accidentally stopped Streamlit, just restart it in your terminal: @ http://localhost:8602/static/js/index.ByR4Z2EF.js:42
[ 1793328ms] [ERROR] Failed to load resource: net::ERR_CONNECTION_REFUSED @ http://localhost:8602/_stcore/host-config:0
[ 1797072ms] [ERROR] Failed to load resource: net::ERR_CONNECTION_REFUSED @ http://localhost:8602/_stcore/health:0
[ 1797072ms] [ERROR] Client Error in reaching server endpoint - No response received when attempting to reach /_stcore/health @ http://localhost:8602/static/js/index.ByR4Z2EF.js:37
[ 1797072ms] [ERROR] Is Streamlit still running? If you accidentally stopped Streamlit, just restart it in your terminal: @ http://localhost:8602/static/js/index.ByR4Z2EF.js:42
[ 1797073ms] [ERROR] Failed to load resource: net::ERR_CONNECTION_REFUSED @ http://localhost:8602/_stcore/host-config:0
[ 1800697ms] [ERROR] Failed to load resource: net::ERR_CONNECTION_REFUSED @ http://localhost:8602/_stcore/health:0
[ 1800697ms] [ERROR] Client Error in reaching server endpoint - No response received when attempting to reach /_stcore/health @ http://localhost:8602/static/js/index.ByR4Z2EF.js:37
[ 1800697ms] [ERROR] Is Streamlit still running? If you accidentally stopped Streamlit, just restart it in your terminal: @ http://localhost:8602/static/js/index.ByR4Z2EF.js:42
[ 1800697ms] [ERROR] Failed to load resource: net::ERR_CONNECTION_REFUSED @ http://localhost:8602/_stcore/host-config:0
[ 1804373ms] [ERROR] Failed to load resource: net::ERR_CONNECTION_REFUSED @ http://localhost:8602/_stcore/health:0
[ 1804373ms] [ERROR] Client Error in reaching server endpoint - No response received when attempting to reach /_stcore/health @ http://localhost:8602/static/js/index.ByR4Z2EF.js:37
[ 1804374ms] [ERROR] Is Streamlit still running? If you accidentally stopped Streamlit, just restart it in your terminal: @ http://localhost:8602/static/js/index.ByR4Z2EF.js:42
[ 1804374ms] [ERROR] Failed to load resource: net::ERR_CONNECTION_REFUSED @ http://localhost:8602/_stcore/host-config:0
[ 1807527ms] [ERROR] Failed to load resource: net::ERR_CONNECTION_REFUSED @ http://localhost:8602/_stcore/health:0
[ 1807527ms] [ERROR] Client Error in reaching server endpoint - No response received when attempting to reach /_stcore/health @ http://localhost:8602/static/js/index.ByR4Z2EF.js:37
[ 1807527ms] [ERROR] Is Streamlit still running? If you accidentally stopped Streamlit, just restart it in your terminal: @ http://localhost:8602/static/js/index.ByR4Z2EF.js:42
[ 1807527ms] [ERROR] Failed to load resource: net::ERR_CONNECTION_REFUSED @ http://localhost:8602/_stcore/host-config:0
[ 1811359ms] [ERROR] Failed to load resource: net::ERR_CONNECTION_REFUSED @ http://localhost:8602/_stcore/health:0
[ 1811359ms] [ERROR] Client Error in reaching server endpoint - No response received when attempting to reach /_stcore/health @ http://localhost:8602/static/js/index.ByR4Z2EF.js:37
[ 1811359ms] [ERROR] Is Streamlit still running? If you accidentally stopped Streamlit, just restart it in your terminal: @ http://localhost:8602/static/js/index.ByR4Z2EF.js:42
[ 1811360ms] [ERROR] Failed to load resource: net::ERR_CONNECTION_REFUSED @ http://localhost:8602/_stcore/host-config:0
[ 1814496ms] [ERROR] Failed to load resource: net::ERR_CONNECTION_REFUSED @ http://localhost:8602/_stcore/health:0
[ 1814496ms] [ERROR] Client Error in reaching server endpoint - No response received when attempting to reach /_stcore/health @ http://localhost:8602/static/js/index.ByR4Z2EF.js:37
[ 1814496ms] [ERROR] Is Streamlit still running? If you accidentally stopped Streamlit, just restart it in your terminal: @ http://localhost:8602/static/js/index.ByR4Z2EF.js:42
[ 1814496ms] [ERROR] Failed to load resource: net::ERR_CONNECTION_REFUSED @ http://localhost:8602/_stcore/host-config:0
[ 1818418ms] [ERROR] Failed to load resource: net::ERR_CONNECTION_REFUSED @ http://localhost:8602/_stcore/health:0
[ 1818418ms] [ERROR] Client Error in reaching server endpoint - No response received when attempting to reach /_stcore/health @ http://localhost:8602/static/js/index.ByR4Z2EF.js:37
[ 1818419ms] [ERROR] Is Streamlit still running? If you accidentally stopped Streamlit, just restart it in your terminal: @ http://localhost:8602/static/js/index.ByR4Z2EF.js:42
[ 1818419ms] [ERROR] Failed to load resource: net::ERR_CONNECTION_REFUSED @ http://localhost:8602/_stcore/host-config:0
[ 1821959ms] [ERROR] Failed to load resource: net::ERR_CONNECTION_REFUSED @ http://localhost:8602/_stcore/health:0
[ 1821959ms] [ERROR] Client Error in reaching server endpoint - No response received when attempting to reach /_stcore/health @ http://localhost:8602/static/js/index.ByR4Z2EF.js:37
[ 1821959ms] [ERROR] Is Streamlit still running? If you accidentally stopped Streamlit, just restart it in your terminal: @ http://localhost:8602/static/js/index.ByR4Z2EF.js:42
[ 1821959ms] [ERROR] Failed to load resource: net::ERR_CONNECTION_REFUSED @ http://localhost:8602/_stcore/host-config:0
[ 1825134ms] [ERROR] Failed to load resource: net::ERR_CONNECTION_REFUSED @ http://localhost:8602/_stcore/health:0
[ 1825134ms] [ERROR] Client Error in reaching server endpoint - No response received when attempting to reach /_stcore/health @ http://localhost:8602/static/js/index.ByR4Z2EF.js:37
[ 1825134ms] [ERROR] Is Streamlit still running? If you accidentally stopped Streamlit, just restart it in your terminal: @ http://localhost:8602/static/js/index.ByR4Z2EF.js:42
[ 1825134ms] [ERROR] Failed to load resource: net::ERR_CONNECTION_REFUSED @ http://localhost:8602/_stcore/host-config:0
[ 1828339ms] [ERROR] Failed to load resource: net::ERR_CONNECTION_REFUSED @ http://localhost:8602/_stcore/health:0
[ 1828339ms] [ERROR] Client Error in reaching server endpoint - No response received when attempting to reach /_stcore/health @ http://localhost:8602/static/js/index.ByR4Z2EF.js:37
[ 1828339ms] [ERROR] Is Streamlit still running? If you accidentally stopped Streamlit, just restart it in your terminal: @ http://localhost:8602/static/js/index.ByR4Z2EF.js:42
[ 1828339ms] [ERROR] Failed to load resource: net::ERR_CONNECTION_REFUSED @ http://localhost:8602/_stcore/host-config:0
[ 1832033ms] [ERROR] Failed to load resource: net::ERR_CONNECTION_REFUSED @ http://localhost:8602/_stcore/health:0
[ 1832033ms] [ERROR] Client Error in reaching server endpoint - No response received when attempting to reach /_stcore/health @ http://localhost:8602/static/js/index.ByR4Z2EF.js:37
[ 1832033ms] [ERROR] Is Streamlit still running? If you accidentally stopped Streamlit, just restart it in your terminal: @ http://localhost:8602/static/js/index.ByR4Z2EF.js:42
[ 1832033ms] [ERROR] Failed to load resource: net::ERR_CONNECTION_REFUSED @ http://localhost:8602/_stcore/host-config:0
[ 1835722ms] [ERROR] Failed to load resource: net::ERR_CONNECTION_REFUSED @ http://localhost:8602/_stcore/health:0
[ 1835722ms] [ERROR] Client Error in reaching server endpoint - No response received when attempting to reach /_stcore/health @ http://localhost:8602/static/js/index.ByR4Z2EF.js:37
[ 1835722ms] [ERROR] Is Streamlit still running? If you accidentally stopped Streamlit, just restart it in your terminal: @ http://localhost:8602/static/js/index.ByR4Z2EF.js:42
[ 1835722ms] [ERROR] Failed to load resource: net::ERR_CONNECTION_REFUSED @ http://localhost:8602/_stcore/host-config:0
[ 1838711ms] [ERROR] Failed to load resource: net::ERR_CONNECTION_REFUSED @ http://localhost:8602/_stcore/health:0
[ 1838711ms] [ERROR] Client Error in reaching server endpoint - No response received when attempting to reach /_stcore/health @ http://localhost:8602/static/js/index.ByR4Z2EF.js:37
[ 1838711ms] [ERROR] Is Streamlit still running? If you accidentally stopped Streamlit, just restart it in your terminal: @ http://localhost:8602/static/js/index.ByR4Z2EF.js:42
[ 1838711ms] [ERROR] Failed to load resource: net::ERR_CONNECTION_REFUSED @ http://localhost:8602/_stcore/host-config:0
[ 1842301ms] [ERROR] Failed to load resource: net::ERR_CONNECTION_REFUSED @ http://localhost:8602/_stcore/health:0
[ 1842301ms] [ERROR] Client Error in reaching server endpoint - No response received when attempting to reach /_stcore/health @ http://localhost:8602/static/js/index.ByR4Z2EF.js:37
[ 1842301ms] [ERROR] Is Streamlit still running? If you accidentally stopped Streamlit, just restart it in your terminal: @ http://localhost:8602/static/js/index.ByR4Z2EF.js:42
[ 1842301ms] [ERROR] Failed to load resource: net::ERR_CONNECTION_REFUSED @ http://localhost:8602/_stcore/host-config:0
[ 1845391ms] [ERROR] Failed to load resource: net::ERR_CONNECTION_REFUSED @ http://localhost:8602/_stcore/health:0
[ 1845391ms] [ERROR] Client Error in reaching server endpoint - No response received when attempting to reach /_stcore/health @ http://localhost:8602/static/js/index.ByR4Z2EF.js:37
[ 1845391ms] [ERROR] Is Streamlit still running? If you accidentally stopped Streamlit, just restart it in your terminal: @ http://localhost:8602/static/js/index.ByR4Z2EF.js:42
[ 1845391ms] [ERROR] Failed to load resource: net::ERR_CONNECTION_REFUSED @ http://localhost:8602/_stcore/host-config:0
[ 1848794ms] [ERROR] Failed to load resource: net::ERR_CONNECTION_REFUSED @ http://localhost:8602/_stcore/health:0
[ 1848795ms] [ERROR] Client Error in reaching server endpoint - No response received when attempting to reach /_stcore/health @ http://localhost:8602/static/js/index.ByR4Z2EF.js:37
[ 1848795ms] [ERROR] Is Streamlit still running? If you accidentally stopped Streamlit, just restart it in your terminal: @ http://localhost:8602/static/js/index.ByR4Z2EF.js:42
[ 1848795ms] [ERROR] Failed to load resource: net::ERR_CONNECTION_REFUSED @ http://localhost:8602/_stcore/host-config:0
[ 1852342ms] [ERROR] Failed to load resource: net::ERR_CONNECTION_REFUSED @ http://localhost:8602/_stcore/health:0
[ 1852342ms] [ERROR] Client Error in reaching server endpoint - No response received when attempting to reach /_stcore/health @ http://localhost:8602/static/js/index.ByR4Z2EF.js:37
[ 1852342ms] [ERROR] Is Streamlit still running? If you accidentally stopped Streamlit, just restart it in your terminal: @ http://localhost:8602/static/js/index.ByR4Z2EF.js:42
[ 1852342ms] [ERROR] Failed to load resource: net::ERR_CONNECTION_REFUSED @ http://localhost:8602/_stcore/host-config:0
[ 1855418ms] [ERROR] Failed to load resource: net::ERR_CONNECTION_REFUSED @ http://localhost:8602/_stcore/health:0
[ 1855418ms] [ERROR] Client Error in reaching server endpoint - No response received when attempting to reach /_stcore/health @ http://localhost:8602/static/js/index.ByR4Z2EF.js:37
[ 1855418ms] [ERROR] Is Streamlit still running? If you accidentally stopped Streamlit, just restart it in your terminal: @ http://localhost:8602/static/js/index.ByR4Z2EF.js:42
[ 1855418ms] [ERROR] Failed to load resource: net::ERR_CONNECTION_REFUSED @ http://localhost:8602/_stcore/host-config:0
[ 1859049ms] [ERROR] Failed to load resource: net::ERR_CONNECTION_REFUSED @ http://localhost:8602/_stcore/health:0
[ 1859049ms] [ERROR] Client Error in reaching server endpoint - No response received when attempting to reach /_stcore/health @ http://localhost:8602/static/js/index.ByR4Z2EF.js:37
[ 1859049ms] [ERROR] Is Streamlit still running? If you accidentally stopped Streamlit, just restart it in your terminal: @ http://localhost:8602/static/js/index.ByR4Z2EF.js:42
[ 1859050ms] [ERROR] Failed to load resource: net::ERR_CONNECTION_REFUSED @ http://localhost:8602/_stcore/host-config:0
[ 1862986ms] [ERROR] Failed to load resource: net::ERR_CONNECTION_REFUSED @ http://localhost:8602/_stcore/health:0
[ 1862986ms] [ERROR] Client Error in reaching server endpoint - No response received when attempting to reach /_stcore/health @ http://localhost:8602/static/js/index.ByR4Z2EF.js:37
[ 1862986ms] [ERROR] Is Streamlit still running? If you accidentally stopped Streamlit, just restart it in your terminal: @ http://localhost:8602/static/js/index.ByR4Z2EF.js:42
[ 1862986ms] [ERROR] Failed to load resource: net::ERR_CONNECTION_REFUSED @ http://localhost:8602/_stcore/host-config:0
[ 1866127ms] [ERROR] Failed to load resource: net::ERR_CONNECTION_REFUSED @ http://localhost:8602/_stcore/health:0
[ 1866127ms] [ERROR] Client Error in reaching server endpoint - No response received when attempting to reach /_stcore/health @ http://localhost:8602/static/js/index.ByR4Z2EF.js:37
[ 1866127ms] [ERROR] Is Streamlit still running? If you accidentally stopped Streamlit, just restart it in your terminal: @ http://localhost:8602/static/js/index.ByR4Z2EF.js:42
[ 1866127ms] [ERROR] Failed to load resource: net::ERR_CONNECTION_REFUSED @ http://localhost:8602/_stcore/host-config:0
[ 1869580ms] [ERROR] Failed to load resource: net::ERR_CONNECTION_REFUSED @ http://localhost:8602/_stcore/health:0
[ 1869580ms] [ERROR] Client Error in reaching server endpoint - No response received when attempting to reach /_stcore/health @ http://localhost:8602/static/js/index.ByR4Z2EF.js:37
[ 1869580ms] [ERROR] Is Streamlit still running? If you accidentally stopped Streamlit, just restart it in your terminal: @ http://localhost:8602/static/js/index.ByR4Z2EF.js:42
[ 1869580ms] [ERROR] Failed to load resource: net::ERR_CONNECTION_REFUSED @ http://localhost:8602/_stcore/host-config:0
[ 1873225ms] [ERROR] Failed to load resource: net::ERR_CONNECTION_REFUSED @ http://localhost:8602/_stcore/health:0
[ 1873225ms] [ERROR] Client Error in reaching server endpoint - No response received when attempting to reach /_stcore/health @ http://localhost:8602/static/js/index.ByR4Z2EF.js:37
[ 1873225ms] [ERROR] Is Streamlit still running? If you accidentally stopped Streamlit, just restart it in your terminal: @ http://localhost:8602/static/js/index.ByR4Z2EF.js:42
[ 1873225ms] [ERROR] Failed to load resource: net::ERR_CONNECTION_REFUSED @ http://localhost:8602/_stcore/host-config:0
[ 1876045ms] [ERROR] Failed to load resource: net::ERR_CONNECTION_REFUSED @ http://localhost:8602/_stcore/health:0
[ 1876045ms] [ERROR] Client Error in reaching server endpoint - No response received when attempting to reach /_stcore/health @ http://localhost:8602/static/js/index.ByR4Z2EF.js:37
[ 1876045ms] [ERROR] Is Streamlit still running? If you accidentally stopped Streamlit, just restart it in your terminal: @ http://localhost:8602/static/js/index.ByR4Z2EF.js:42
[ 1876045ms] [ERROR] Failed to load resource: net::ERR_CONNECTION_REFUSED @ http://localhost:8602/_stcore/host-config:0
[ 1879516ms] [ERROR] Failed to load resource: net::ERR_CONNECTION_REFUSED @ http://localhost:8602/_stcore/health:0
[ 1879516ms] [ERROR] Client Error in reaching server endpoint - No response received when attempting to reach /_stcore/health @ http://localhost:8602/static/js/index.ByR4Z2EF.js:37
[ 1879516ms] [ERROR] Is Streamlit still running? If you accidentally stopped Streamlit, just restart it in your terminal: @ http://localhost:8602/static/js/index.ByR4Z2EF.js:42
[ 1879517ms] [ERROR] Failed to load resource: net::ERR_CONNECTION_REFUSED @ http://localhost:8602/_stcore/host-config:0
[ 1882867ms] [ERROR] Failed to load resource: net::ERR_CONNECTION_REFUSED @ http://localhost:8602/_stcore/health:0
[ 1882867ms] [ERROR] Client Error in reaching server endpoint - No response received when attempting to reach /_stcore/health @ http://localhost:8602/static/js/index.ByR4Z2EF.js:37
[ 1882867ms] [ERROR] Is Streamlit still running? If you accidentally stopped Streamlit, just restart it in your terminal: @ http://localhost:8602/static/js/index.ByR4Z2EF.js:42
[ 1882868ms] [ERROR] Failed to load resource: net::ERR_CONNECTION_REFUSED @ http://localhost:8602/_stcore/host-config:0
[ 1885909ms] [ERROR] Failed to load resource: net::ERR_CONNECTION_REFUSED @ http://localhost:8602/_stcore/health:0
[ 1885909ms] [ERROR] Client Error in reaching server endpoint - No response received when attempting to reach /_stcore/health @ http://localhost:8602/static/js/index.ByR4Z2EF.js:37
[ 1885909ms] [ERROR] Is Streamlit still running? If you accidentally stopped Streamlit, just restart it in your terminal: @ http://localhost:8602/static/js/index.ByR4Z2EF.js:42
[ 1885909ms] [ERROR] Failed to load resource: net::ERR_CONNECTION_REFUSED @ http://localhost:8602/_stcore/host-config:0
[ 1889902ms] [ERROR] Failed to load resource: net::ERR_CONNECTION_REFUSED @ http://localhost:8602/_stcore/health:0
[ 1889902ms] [ERROR] Client Error in reaching server endpoint - No response received when attempting to reach /_stcore/health @ http://localhost:8602/static/js/index.ByR4Z2EF.js:37
[ 1889902ms] [ERROR] Is Streamlit still running? If you accidentally stopped Streamlit, just restart it in your terminal: @ http://localhost:8602/static/js/index.ByR4Z2EF.js:42
[ 1889902ms] [ERROR] Failed to load resource: net::ERR_CONNECTION_REFUSED @ http://localhost:8602/_stcore/host-config:0
[ 1893226ms] [ERROR] Failed to load resource: net::ERR_CONNECTION_REFUSED @ http://localhost:8602/_stcore/health:0
[ 1893227ms] [ERROR] Client Error in reaching server endpoint - No response received when attempting to reach /_stcore/health @ http://localhost:8602/static/js/index.ByR4Z2EF.js:37
[ 1893227ms] [ERROR] Is Streamlit still running? If you accidentally stopped Streamlit, just restart it in your terminal: @ http://localhost:8602/static/js/index.ByR4Z2EF.js:42
[ 1893227ms] [ERROR] Failed to load resource: net::ERR_CONNECTION_REFUSED @ http://localhost:8602/_stcore/host-config:0
[ 1897079ms] [ERROR] Failed to load resource: net::ERR_CONNECTION_REFUSED @ http://localhost:8602/_stcore/health:0
[ 1897079ms] [ERROR] Client Error in reaching server endpoint - No response received when attempting to reach /_stcore/health @ http://localhost:8602/static/js/index.ByR4Z2EF.js:37
[ 1897079ms] [ERROR] Is Streamlit still running? If you accidentally stopped Streamlit, just restart it in your terminal: @ http://localhost:8602/static/js/index.ByR4Z2EF.js:42
[ 1897080ms] [ERROR] Failed to load resource: net::ERR_CONNECTION_REFUSED @ http://localhost:8602/_stcore/host-config:0
[ 1900595ms] [ERROR] Failed to load resource: net::ERR_CONNECTION_REFUSED @ http://localhost:8602/_stcore/health:0
[ 1900595ms] [ERROR] Client Error in reaching server endpoint - No response received when attempting to reach /_stcore/health @ http://localhost:8602/static/js/index.ByR4Z2EF.js:37
[ 1900595ms] [ERROR] Is Streamlit still running? If you accidentally stopped Streamlit, just restart it in your terminal: @ http://localhost:8602/static/js/index.ByR4Z2EF.js:42
[ 1900595ms] [ERROR] Failed to load resource: net::ERR_CONNECTION_REFUSED @ http://localhost:8602/_stcore/host-config:0
[ 1903988ms] [ERROR] Failed to load resource: net::ERR_CONNECTION_REFUSED @ http://localhost:8602/_stcore/health:0
[ 1903988ms] [ERROR] Client Error in reaching server endpoint - No response received when attempting to reach /_stcore/health @ http://localhost:8602/static/js/index.ByR4Z2EF.js:37
[ 1903988ms] [ERROR] Is Streamlit still running? If you accidentally stopped Streamlit, just restart it in your terminal: @ http://localhost:8602/static/js/index.ByR4Z2EF.js:42
[ 1903988ms] [ERROR] Failed to load resource: net::ERR_CONNECTION_REFUSED @ http://localhost:8602/_stcore/host-config:0
[ 1906992ms] [ERROR] Failed to load resource: net::ERR_CONNECTION_REFUSED @ http://localhost:8602/_stcore/health:0
[ 1906992ms] [ERROR] Client Error in reaching server endpoint - No response received when attempting to reach /_stcore/health @ http://localhost:8602/static/js/index.ByR4Z2EF.js:37
[ 1906992ms] [ERROR] Is Streamlit still running? If you accidentally stopped Streamlit, just restart it in your terminal: @ http://localhost:8602/static/js/index.ByR4Z2EF.js:42
[ 1906993ms] [ERROR] Failed to load resource: net::ERR_CONNECTION_REFUSED @ http://localhost:8602/_stcore/host-config:0
[ 1910965ms] [ERROR] Failed to load resource: net::ERR_CONNECTION_REFUSED @ http://localhost:8602/_stcore/health:0
[ 1910966ms] [ERROR] Client Error in reaching server endpoint - No response received when attempting to reach /_stcore/health @ http://localhost:8602/static/js/index.ByR4Z2EF.js:37
[ 1910966ms] [ERROR] Is Streamlit still running? If you accidentally stopped Streamlit, just restart it in your terminal: @ http://localhost:8602/static/js/index.ByR4Z2EF.js:42
[ 1910966ms] [ERROR] Failed to load resource: net::ERR_CONNECTION_REFUSED @ http://localhost:8602/_stcore/host-config:0
[ 1913782ms] [ERROR] Failed to load resource: net::ERR_CONNECTION_REFUSED @ http://localhost:8602/_stcore/health:0
[ 1913782ms] [ERROR] Client Error in reaching server endpoint - No response received when attempting to reach /_stcore/health @ http://localhost:8602/static/js/index.ByR4Z2EF.js:37
[ 1913782ms] [ERROR] Is Streamlit still running? If you accidentally stopped Streamlit, just restart it in your terminal: @ http://localhost:8602/static/js/index.ByR4Z2EF.js:42
[ 1913783ms] [ERROR] Failed to load resource: net::ERR_CONNECTION_REFUSED @ http://localhost:8602/_stcore/host-config:0
[ 1917041ms] [ERROR] Failed to load resource: net::ERR_CONNECTION_REFUSED @ http://localhost:8602/_stcore/health:0
[ 1917041ms] [ERROR] Client Error in reaching server endpoint - No response received when attempting to reach /_stcore/health @ http://localhost:8602/static/js/index.ByR4Z2EF.js:37
[ 1917041ms] [ERROR] Is Streamlit still running? If you accidentally stopped Streamlit, just restart it in your terminal: @ http://localhost:8602/static/js/index.ByR4Z2EF.js:42
[ 1917042ms] [ERROR] Failed to load resource: net::ERR_CONNECTION_REFUSED @ http://localhost:8602/_stcore/host-config:0
[ 1920682ms] [ERROR] Failed to load resource: net::ERR_CONNECTION_REFUSED @ http://localhost:8602/_stcore/health:0
[ 1920682ms] [ERROR] Client Error in reaching server endpoint - No response received when attempting to reach /_stcore/health @ http://localhost:8602/static/js/index.ByR4Z2EF.js:37
[ 1920682ms] [ERROR] Is Streamlit still running? If you accidentally stopped Streamlit, just restart it in your terminal: @ http://localhost:8602/static/js/index.ByR4Z2EF.js:42
[ 1920682ms] [ERROR] Failed to load resource: net::ERR_CONNECTION_REFUSED @ http://localhost:8602/_stcore/host-config:0
[ 1924343ms] [ERROR] Failed to load resource: net::ERR_CONNECTION_REFUSED @ http://localhost:8602/_stcore/health:0
[ 1924344ms] [ERROR] Client Error in reaching server endpoint - No response received when attempting to reach /_stcore/health @ http://localhost:8602/static/js/index.ByR4Z2EF.js:37
[ 1924344ms] [ERROR] Is Streamlit still running? If you accidentally stopped Streamlit, just restart it in your terminal: @ http://localhost:8602/static/js/index.ByR4Z2EF.js:42
[ 1924344ms] [ERROR] Failed to load resource: net::ERR_CONNECTION_REFUSED @ http://localhost:8602/_stcore/host-config:0
[ 1927915ms] [ERROR] Failed to load resource: net::ERR_CONNECTION_REFUSED @ http://localhost:8602/_stcore/health:0
[ 1927916ms] [ERROR] Client Error in reaching server endpoint - No response received when attempting to reach /_stcore/health @ http://localhost:8602/static/js/index.ByR4Z2EF.js:37
[ 1927916ms] [ERROR] Is Streamlit still running? If you accidentally stopped Streamlit, just restart it in your terminal: @ http://localhost:8602/static/js/index.ByR4Z2EF.js:42
[ 1927916ms] [ERROR] Failed to load resource: net::ERR_CONNECTION_REFUSED @ http://localhost:8602/_stcore/host-config:0
[ 1931098ms] [ERROR] Failed to load resource: net::ERR_CONNECTION_REFUSED @ http://localhost:8602/_stcore/health:0
[ 1931098ms] [ERROR] Client Error in reaching server endpoint - No response received when attempting to reach /_stcore/health @ http://localhost:8602/static/js/index.ByR4Z2EF.js:37
[ 1931098ms] [ERROR] Is Streamlit still running? If you accidentally stopped Streamlit, just restart it in your terminal: @ http://localhost:8602/static/js/index.ByR4Z2EF.js:42
[ 1931098ms] [ERROR] Failed to load resource: net::ERR_CONNECTION_REFUSED @ http://localhost:8602/_stcore/host-config:0
[ 1935099ms] [ERROR] Failed to load resource: net::ERR_CONNECTION_REFUSED @ http://localhost:8602/_stcore/health:0
[ 1935099ms] [ERROR] Client Error in reaching server endpoint - No response received when attempting to reach /_stcore/health @ http://localhost:8602/static/js/index.ByR4Z2EF.js:37
[ 1935099ms] [ERROR] Is Streamlit still running? If you accidentally stopped Streamlit, just restart it in your terminal: @ http://localhost:8602/static/js/index.ByR4Z2EF.js:42
[ 1935099ms] [ERROR] Failed to load resource: net::ERR_CONNECTION_REFUSED @ http://localhost:8602/_stcore/host-config:0
[ 1938056ms] [ERROR] Failed to load resource: net::ERR_CONNECTION_REFUSED @ http://localhost:8602/_stcore/health:0
[ 1938057ms] [ERROR] Client Error in reaching server endpoint - No response received when attempting to reach /_stcore/health @ http://localhost:8602/static/js/index.ByR4Z2EF.js:37
[ 1938057ms] [ERROR] Is Streamlit still running? If you accidentally stopped Streamlit, just restart it in your terminal: @ http://localhost:8602/static/js/index.ByR4Z2EF.js:42
[ 1938057ms] [ERROR] Failed to load resource: net::ERR_CONNECTION_REFUSED @ http://localhost:8602/_stcore/host-config:0
[ 1940957ms] [ERROR] Failed to load resource: net::ERR_CONNECTION_REFUSED @ http://localhost:8602/_stcore/health:0
[ 1940957ms] [ERROR] Client Error in reaching server endpoint - No response received when attempting to reach /_stcore/health @ http://localhost:8602/static/js/index.ByR4Z2EF.js:37
[ 1940957ms] [ERROR] Is Streamlit still running? If you accidentally stopped Streamlit, just restart it in your terminal: @ http://localhost:8602/static/js/index.ByR4Z2EF.js:42
[ 1940957ms] [ERROR] Failed to load resource: net::ERR_CONNECTION_REFUSED @ http://localhost:8602/_stcore/host-config:0
[ 1944649ms] [ERROR] Failed to load resource: net::ERR_CONNECTION_REFUSED @ http://localhost:8602/_stcore/health:0
[ 1944649ms] [ERROR] Client Error in reaching server endpoint - No response received when attempting to reach /_stcore/health @ http://localhost:8602/static/js/index.ByR4Z2EF.js:37
[ 1944649ms] [ERROR] Is Streamlit still running? If you accidentally stopped Streamlit, just restart it in your terminal: @ http://localhost:8602/static/js/index.ByR4Z2EF.js:42
[ 1944649ms] [ERROR] Failed to load resource: net::ERR_CONNECTION_REFUSED @ http://localhost:8602/_stcore/host-config:0
[ 1947733ms] [ERROR] Failed to load resource: net::ERR_CONNECTION_REFUSED @ http://localhost:8602/_stcore/health:0
[ 1947733ms] [ERROR] Client Error in reaching server endpoint - No response received when attempting to reach /_stcore/health @ http://localhost:8602/static/js/index.ByR4Z2EF.js:37
[ 1947733ms] [ERROR] Is Streamlit still running? If you accidentally stopped Streamlit, just restart it in your terminal: @ http://localhost:8602/static/js/index.ByR4Z2EF.js:42
[ 1947733ms] [ERROR] Failed to load resource: net::ERR_CONNECTION_REFUSED @ http://localhost:8602/_stcore/host-config:0
[ 1950815ms] [ERROR] Failed to load resource: net::ERR_CONNECTION_REFUSED @ http://localhost:8602/_stcore/health:0
[ 1950815ms] [ERROR] Client Error in reaching server endpoint - No response received when attempting to reach /_stcore/health @ http://localhost:8602/static/js/index.ByR4Z2EF.js:37
[ 1950815ms] [ERROR] Is Streamlit still running? If you accidentally stopped Streamlit, just restart it in your terminal: @ http://localhost:8602/static/js/index.ByR4Z2EF.js:42
[ 1950815ms] [ERROR] Failed to load resource: net::ERR_CONNECTION_REFUSED @ http://localhost:8602/_stcore/host-config:0
[ 1954708ms] [ERROR] Failed to load resource: net::ERR_CONNECTION_REFUSED @ http://localhost:8602/_stcore/health:0
[ 1954708ms] [ERROR] Client Error in reaching server endpoint - No response received when attempting to reach /_stcore/health @ http://localhost:8602/static/js/index.ByR4Z2EF.js:37
[ 1954708ms] [ERROR] Is Streamlit still running? If you accidentally stopped Streamlit, just restart it in your terminal: @ http://localhost:8602/static/js/index.ByR4Z2EF.js:42
[ 1954708ms] [ERROR] Failed to load resource: net::ERR_CONNECTION_REFUSED @ http://localhost:8602/_stcore/host-config:0
[ 1958099ms] [ERROR] Failed to load resource: net::ERR_CONNECTION_REFUSED @ http://localhost:8602/_stcore/health:0
[ 1958099ms] [ERROR] Client Error in reaching server endpoint - No response received when attempting to reach /_stcore/health @ http://localhost:8602/static/js/index.ByR4Z2EF.js:37
[ 1958099ms] [ERROR] Is Streamlit still running? If you accidentally stopped Streamlit, just restart it in your terminal: @ http://localhost:8602/static/js/index.ByR4Z2EF.js:42
[ 1958099ms] [ERROR] Failed to load resource: net::ERR_CONNECTION_REFUSED @ http://localhost:8602/_stcore/host-config:0
[ 1961432ms] [ERROR] Failed to load resource: net::ERR_CONNECTION_REFUSED @ http://localhost:8602/_stcore/health:0
[ 1961432ms] [ERROR] Client Error in reaching server endpoint - No response received when attempting to reach /_stcore/health @ http://localhost:8602/static/js/index.ByR4Z2EF.js:37
[ 1961432ms] [ERROR] Is Streamlit still running? If you accidentally stopped Streamlit, just restart it in your terminal: @ http://localhost:8602/static/js/index.ByR4Z2EF.js:42
[ 1961432ms] [ERROR] Failed to load resource: net::ERR_CONNECTION_REFUSED @ http://localhost:8602/_stcore/host-config:0
[ 1964634ms] [ERROR] Failed to load resource: net::ERR_CONNECTION_REFUSED @ http://localhost:8602/_stcore/health:0
[ 1964634ms] [ERROR] Client Error in reaching server endpoint - No response received when attempting to reach /_stcore/health @ http://localhost:8602/static/js/index.ByR4Z2EF.js:37
[ 1964635ms] [ERROR] Is Streamlit still running? If you accidentally stopped Streamlit, just restart it in your terminal: @ http://localhost:8602/static/js/index.ByR4Z2EF.js:42
[ 1964635ms] [ERROR] Failed to load resource: net::ERR_CONNECTION_REFUSED @ http://localhost:8602/_stcore/host-config:0
[ 1967954ms] [ERROR] Failed to load resource: net::ERR_CONNECTION_REFUSED @ http://localhost:8602/_stcore/health:0
[ 1967954ms] [ERROR] Client Error in reaching server endpoint - No response received when attempting to reach /_stcore/health @ http://localhost:8602/static/js/index.ByR4Z2EF.js:37
[ 1967955ms] [ERROR] Is Streamlit still running? If you accidentally stopped Streamlit, just restart it in your terminal: @ http://localhost:8602/static/js/index.ByR4Z2EF.js:42
[ 1967955ms] [ERROR] Failed to load resource: net::ERR_CONNECTION_REFUSED @ http://localhost:8602/_stcore/host-config:0
[ 1970798ms] [ERROR] Failed to load resource: net::ERR_CONNECTION_REFUSED @ http://localhost:8602/_stcore/health:0
[ 1970798ms] [ERROR] Client Error in reaching server endpoint - No response received when attempting to reach /_stcore/health @ http://localhost:8602/static/js/index.ByR4Z2EF.js:37
[ 1970799ms] [ERROR] Is Streamlit still running? If you accidentally stopped Streamlit, just restart it in your terminal: @ http://localhost:8602/static/js/index.ByR4Z2EF.js:42
[ 1970799ms] [ERROR] Failed to load resource: net::ERR_CONNECTION_REFUSED @ http://localhost:8602/_stcore/host-config:0
[ 1973984ms] [ERROR] Failed to load resource: net::ERR_CONNECTION_REFUSED @ http://localhost:8602/_stcore/health:0
[ 1973984ms] [ERROR] Client Error in reaching server endpoint - No response received when attempting to reach /_stcore/health @ http://localhost:8602/static/js/index.ByR4Z2EF.js:37
[ 1973984ms] [ERROR] Is Streamlit still running? If you accidentally stopped Streamlit, just restart it in your terminal: @ http://localhost:8602/static/js/index.ByR4Z2EF.js:42
[ 1973984ms] [ERROR] Failed to load resource: net::ERR_CONNECTION_REFUSED @ http://localhost:8602/_stcore/host-config:0
[ 1977598ms] [ERROR] Failed to load resource: net::ERR_CONNECTION_REFUSED @ http://localhost:8602/_stcore/health:0
[ 1977599ms] [ERROR] Client Error in reaching server endpoint - No response received when attempting to reach /_stcore/health @ http://localhost:8602/static/js/index.ByR4Z2EF.js:37
[ 1977599ms] [ERROR] Is Streamlit still running? If you accidentally stopped Streamlit, just restart it in your terminal: @ http://localhost:8602/static/js/index.ByR4Z2EF.js:42
[ 1977599ms] [ERROR] Failed to load resource: net::ERR_CONNECTION_REFUSED @ http://localhost:8602/_stcore/host-config:0
[ 1981183ms] [ERROR] Failed to load resource: net::ERR_CONNECTION_REFUSED @ http://localhost:8602/_stcore/health:0
[ 1981183ms] [ERROR] Client Error in reaching server endpoint - No response received when attempting to reach /_stcore/health @ http://localhost:8602/static/js/index.ByR4Z2EF.js:37
[ 1981183ms] [ERROR] Is Streamlit still running? If you accidentally stopped Streamlit, just restart it in your terminal: @ http://localhost:8602/static/js/index.ByR4Z2EF.js:42
[ 1981183ms] [ERROR] Failed to load resource: net::ERR_CONNECTION_REFUSED @ http://localhost:8602/_stcore/host-config:0
[ 1984985ms] [ERROR] Failed to load resource: net::ERR_CONNECTION_REFUSED @ http://localhost:8602/_stcore/health:0
[ 1984985ms] [ERROR] Client Error in reaching server endpoint - No response received when attempting to reach /_stcore/health @ http://localhost:8602/static/js/index.ByR4Z2EF.js:37
[ 1984985ms] [ERROR] Is Streamlit still running? If you accidentally stopped Streamlit, just restart it in your terminal: @ http://localhost:8602/static/js/index.ByR4Z2EF.js:42
[ 1984985ms] [ERROR] Failed to load resource: net::ERR_CONNECTION_REFUSED @ http://localhost:8602/_stcore/host-config:0
[ 1988132ms] [ERROR] Failed to load resource: net::ERR_CONNECTION_REFUSED @ http://localhost:8602/_stcore/health:0
[ 1988133ms] [ERROR] Client Error in reaching server endpoint - No response received when attempting to reach /_stcore/health @ http://localhost:8602/static/js/index.ByR4Z2EF.js:37
[ 1988133ms] [ERROR] Is Streamlit still running? If you accidentally stopped Streamlit, just restart it in your terminal: @ http://localhost:8602/static/js/index.ByR4Z2EF.js:42
[ 1988133ms] [ERROR] Failed to load resource: net::ERR_CONNECTION_REFUSED @ http://localhost:8602/_stcore/host-config:0
[ 1990943ms] [ERROR] Failed to load resource: net::ERR_CONNECTION_REFUSED @ http://localhost:8602/_stcore/health:0
[ 1990943ms] [ERROR] Client Error in reaching server endpoint - No response received when attempting to reach /_stcore/health @ http://localhost:8602/static/js/index.ByR4Z2EF.js:37
[ 1990943ms] [ERROR] Is Streamlit still running? If you accidentally stopped Streamlit, just restart it in your terminal: @ http://localhost:8602/static/js/index.ByR4Z2EF.js:42
[ 1990943ms] [ERROR] Failed to load resource: net::ERR_CONNECTION_REFUSED @ http://localhost:8602/_stcore/host-config:0
[ 1993863ms] [ERROR] Failed to load resource: net::ERR_CONNECTION_REFUSED @ http://localhost:8602/_stcore/health:0
[ 1993863ms] [ERROR] Client Error in reaching server endpoint - No response received when attempting to reach /_stcore/health @ http://localhost:8602/static/js/index.ByR4Z2EF.js:37
[ 1993863ms] [ERROR] Is Streamlit still running? If you accidentally stopped Streamlit, just restart it in your terminal: @ http://localhost:8602/static/js/index.ByR4Z2EF.js:42
[ 1993864ms] [ERROR] Failed to load resource: net::ERR_CONNECTION_REFUSED @ http://localhost:8602/_stcore/host-config:0
[ 1996976ms] [ERROR] Failed to load resource: net::ERR_CONNECTION_REFUSED @ http://localhost:8602/_stcore/health:0
[ 1996976ms] [ERROR] Client Error in reaching server endpoint - No response received when attempting to reach /_stcore/health @ http://localhost:8602/static/js/index.ByR4Z2EF.js:37
[ 1996976ms] [ERROR] Is Streamlit still running? If you accidentally stopped Streamlit, just restart it in your terminal: @ http://localhost:8602/static/js/index.ByR4Z2EF.js:42
[ 1996976ms] [ERROR] Failed to load resource: net::ERR_CONNECTION_REFUSED @ http://localhost:8602/_stcore/host-config:0
[ 2000080ms] [ERROR] Failed to load resource: net::ERR_CONNECTION_REFUSED @ http://localhost:8602/_stcore/health:0
[ 2000080ms] [ERROR] Client Error in reaching server endpoint - No response received when attempting to reach /_stcore/health @ http://localhost:8602/static/js/index.ByR4Z2EF.js:37
[ 2000081ms] [ERROR] Is Streamlit still running? If you accidentally stopped Streamlit, just restart it in your terminal: @ http://localhost:8602/static/js/index.ByR4Z2EF.js:42
[ 2000081ms] [ERROR] Failed to load resource: net::ERR_CONNECTION_REFUSED @ http://localhost:8602/_stcore/host-config:0
[ 2003016ms] [ERROR] Failed to load resource: net::ERR_CONNECTION_REFUSED @ http://localhost:8602/_stcore/health:0
[ 2003016ms] [ERROR] Client Error in reaching server endpoint - No response received when attempting to reach /_stcore/health @ http://localhost:8602/static/js/index.ByR4Z2EF.js:37
[ 2003016ms] [ERROR] Is Streamlit still running? If you accidentally stopped Streamlit, just restart it in your terminal: @ http://localhost:8602/static/js/index.ByR4Z2EF.js:42
[ 2003016ms] [ERROR] Failed to load resource: net::ERR_CONNECTION_REFUSED @ http://localhost:8602/_stcore/host-config:0
[ 2006163ms] [ERROR] Failed to load resource: net::ERR_CONNECTION_REFUSED @ http://localhost:8602/_stcore/health:0
[ 2006163ms] [ERROR] Client Error in reaching server endpoint - No response received when attempting to reach /_stcore/health @ http://localhost:8602/static/js/index.ByR4Z2EF.js:37
[ 2006164ms] [ERROR] Is Streamlit still running? If you accidentally stopped Streamlit, just restart it in your terminal: @ http://localhost:8602/static/js/index.ByR4Z2EF.js:42
[ 2006164ms] [ERROR] Failed to load resource: net::ERR_CONNECTION_REFUSED @ http://localhost:8602/_stcore/host-config:0
[ 2009472ms] [ERROR] Failed to load resource: net::ERR_CONNECTION_REFUSED @ http://localhost:8602/_stcore/health:0
[ 2009472ms] [ERROR] Client Error in reaching server endpoint - No response received when attempting to reach /_stcore/health @ http://localhost:8602/static/js/index.ByR4Z2EF.js:37
[ 2009472ms] [ERROR] Is Streamlit still running? If you accidentally stopped Streamlit, just restart it in your terminal: @ http://localhost:8602/static/js/index.ByR4Z2EF.js:42
[ 2009472ms] [ERROR] Failed to load resource: net::ERR_CONNECTION_REFUSED @ http://localhost:8602/_stcore/host-config:0
[ 2013222ms] [ERROR] Failed to load resource: net::ERR_CONNECTION_REFUSED @ http://localhost:8602/_stcore/health:0
[ 2013223ms] [ERROR] Client Error in reaching server endpoint - No response received when attempting to reach /_stcore/health @ http://localhost:8602/static/js/index.ByR4Z2EF.js:37
[ 2013223ms] [ERROR] Is Streamlit still running? If you accidentally stopped Streamlit, just restart it in your terminal: @ http://localhost:8602/static/js/index.ByR4Z2EF.js:42
[ 2013223ms] [ERROR] Failed to load resource: net::ERR_CONNECTION_REFUSED @ http://localhost:8602/_stcore/host-config:0
[ 2017008ms] [ERROR] Failed to load resource: net::ERR_CONNECTION_REFUSED @ http://localhost:8602/_stcore/health:0
[ 2017008ms] [ERROR] Client Error in reaching server endpoint - No response received when attempting to reach /_stcore/health @ http://localhost:8602/static/js/index.ByR4Z2EF.js:37
[ 2017008ms] [ERROR] Is Streamlit still running? If you accidentally stopped Streamlit, just restart it in your terminal: @ http://localhost:8602/static/js/index.ByR4Z2EF.js:42
[ 2017009ms] [ERROR] Failed to load resource: net::ERR_CONNECTION_REFUSED @ http://localhost:8602/_stcore/host-config:0
[ 2020026ms] [ERROR] Failed to load resource: net::ERR_CONNECTION_REFUSED @ http://localhost:8602/_stcore/health:0
[ 2020026ms] [ERROR] Client Error in reaching server endpoint - No response received when attempting to reach /_stcore/health @ http://localhost:8602/static/js/index.ByR4Z2EF.js:37
[ 2020026ms] [ERROR] Is Streamlit still running? If you accidentally stopped Streamlit, just restart it in your terminal: @ http://localhost:8602/static/js/index.ByR4Z2EF.js:42
[ 2020027ms] [ERROR] Failed to load resource: net::ERR_CONNECTION_REFUSED @ http://localhost:8602/_stcore/host-config:0
[ 2023066ms] [ERROR] Failed to load resource: net::ERR_CONNECTION_REFUSED @ http://localhost:8602/_stcore/health:0
[ 2023066ms] [ERROR] Client Error in reaching server endpoint - No response received when attempting to reach /_stcore/health @ http://localhost:8602/static/js/index.ByR4Z2EF.js:37
[ 2023066ms] [ERROR] Is Streamlit still running? If you accidentally stopped Streamlit, just restart it in your terminal: @ http://localhost:8602/static/js/index.ByR4Z2EF.js:42
[ 2023066ms] [ERROR] Failed to load resource: net::ERR_CONNECTION_REFUSED @ http://localhost:8602/_stcore/host-config:0
[ 2026210ms] [ERROR] Failed to load resource: net::ERR_CONNECTION_REFUSED @ http://localhost:8602/_stcore/health:0
[ 2026210ms] [ERROR] Client Error in reaching server endpoint - No response received when attempting to reach /_stcore/health @ http://localhost:8602/static/js/index.ByR4Z2EF.js:37
[ 2026210ms] [ERROR] Is Streamlit still running? If you accidentally stopped Streamlit, just restart it in your terminal: @ http://localhost:8602/static/js/index.ByR4Z2EF.js:42
[ 2026210ms] [ERROR] Failed to load resource: net::ERR_CONNECTION_REFUSED @ http://localhost:8602/_stcore/host-config:0
[ 2029140ms] [ERROR] Failed to load resource: net::ERR_CONNECTION_REFUSED @ http://localhost:8602/_stcore/health:0
[ 2029140ms] [ERROR] Client Error in reaching server endpoint - No response received when attempting to reach /_stcore/health @ http://localhost:8602/static/js/index.ByR4Z2EF.js:37
[ 2029140ms] [ERROR] Is Streamlit still running? If you accidentally stopped Streamlit, just restart it in your terminal: @ http://localhost:8602/static/js/index.ByR4Z2EF.js:42
[ 2029141ms] [ERROR] Failed to load resource: net::ERR_CONNECTION_REFUSED @ http://localhost:8602/_stcore/host-config:0
[ 2032518ms] [ERROR] Failed to load resource: net::ERR_CONNECTION_REFUSED @ http://localhost:8602/_stcore/health:0
[ 2032518ms] [ERROR] Client Error in reaching server endpoint - No response received when attempting to reach /_stcore/health @ http://localhost:8602/static/js/index.ByR4Z2EF.js:37
[ 2032518ms] [ERROR] Is Streamlit still running? If you accidentally stopped Streamlit, just restart it in your terminal: @ http://localhost:8602/static/js/index.ByR4Z2EF.js:42
[ 2032518ms] [ERROR] Failed to load resource: net::ERR_CONNECTION_REFUSED @ http://localhost:8602/_stcore/host-config:0
[ 2036369ms] [ERROR] Failed to load resource: net::ERR_CONNECTION_REFUSED @ http://localhost:8602/_stcore/health:0
[ 2036370ms] [ERROR] Client Error in reaching server endpoint - No response received when attempting to reach /_stcore/health @ http://localhost:8602/static/js/index.ByR4Z2EF.js:37
[ 2036370ms] [ERROR] Is Streamlit still running? If you accidentally stopped Streamlit, just restart it in your terminal: @ http://localhost:8602/static/js/index.ByR4Z2EF.js:42
[ 2036370ms] [ERROR] Failed to load resource: net::ERR_CONNECTION_REFUSED @ http://localhost:8602/_stcore/host-config:0
[ 2040272ms] [ERROR] Failed to load resource: net::ERR_CONNECTION_REFUSED @ http://localhost:8602/_stcore/health:0
[ 2040272ms] [ERROR] Client Error in reaching server endpoint - No response received when attempting to reach /_stcore/health @ http://localhost:8602/static/js/index.ByR4Z2EF.js:37
[ 2040273ms] [ERROR] Is Streamlit still running? If you accidentally stopped Streamlit, just restart it in your terminal: @ http://localhost:8602/static/js/index.ByR4Z2EF.js:42
[ 2040273ms] [ERROR] Failed to load resource: net::ERR_CONNECTION_REFUSED @ http://localhost:8602/_stcore/host-config:0
[ 2043554ms] [ERROR] Failed to load resource: net::ERR_CONNECTION_REFUSED @ http://localhost:8602/_stcore/health:0
[ 2043555ms] [ERROR] Client Error in reaching server endpoint - No response received when attempting to reach /_stcore/health @ http://localhost:8602/static/js/index.ByR4Z2EF.js:37
[ 2043555ms] [ERROR] Is Streamlit still running? If you accidentally stopped Streamlit, just restart it in your terminal: @ http://localhost:8602/static/js/index.ByR4Z2EF.js:42
[ 2043555ms] [ERROR] Failed to load resource: net::ERR_CONNECTION_REFUSED @ http://localhost:8602/_stcore/host-config:0
[ 2047255ms] [ERROR] Failed to load resource: net::ERR_CONNECTION_REFUSED @ http://localhost:8602/_stcore/health:0
[ 2047255ms] [ERROR] Client Error in reaching server endpoint - No response received when attempting to reach /_stcore/health @ http://localhost:8602/static/js/index.ByR4Z2EF.js:37
[ 2047255ms] [ERROR] Is Streamlit still running? If you accidentally stopped Streamlit, just restart it in your terminal: @ http://localhost:8602/static/js/index.ByR4Z2EF.js:42
[ 2047255ms] [ERROR] Failed to load resource: net::ERR_CONNECTION_REFUSED @ http://localhost:8602/_stcore/host-config:0
[ 2050158ms] [ERROR] Failed to load resource: net::ERR_CONNECTION_REFUSED @ http://localhost:8602/_stcore/health:0
[ 2050158ms] [ERROR] Client Error in reaching server endpoint - No response received when attempting to reach /_stcore/health @ http://localhost:8602/static/js/index.ByR4Z2EF.js:37
[ 2050158ms] [ERROR] Is Streamlit still running? If you accidentally stopped Streamlit, just restart it in your terminal: @ http://localhost:8602/static/js/index.ByR4Z2EF.js:42
[ 2050158ms] [ERROR] Failed to load resource: net::ERR_CONNECTION_REFUSED @ http://localhost:8602/_stcore/host-config:0
[ 2054063ms] [ERROR] Failed to load resource: net::ERR_CONNECTION_REFUSED @ http://localhost:8602/_stcore/health:0
[ 2054063ms] [ERROR] Client Error in reaching server endpoint - No response received when attempting to reach /_stcore/health @ http://localhost:8602/static/js/index.ByR4Z2EF.js:37
[ 2054063ms] [ERROR] Is Streamlit still running? If you accidentally stopped Streamlit, just restart it in your terminal: @ http://localhost:8602/static/js/index.ByR4Z2EF.js:42
[ 2054063ms] [ERROR] Failed to load resource: net::ERR_CONNECTION_REFUSED @ http://localhost:8602/_stcore/host-config:0
[ 2056995ms] [ERROR] Failed to load resource: net::ERR_CONNECTION_REFUSED @ http://localhost:8602/_stcore/health:0
[ 2056995ms] [ERROR] Client Error in reaching server endpoint - No response received when attempting to reach /_stcore/health @ http://localhost:8602/static/js/index.ByR4Z2EF.js:37
[ 2056995ms] [ERROR] Is Streamlit still running? If you accidentally stopped Streamlit, just restart it in your terminal: @ http://localhost:8602/static/js/index.ByR4Z2EF.js:42
[ 2056995ms] [ERROR] Failed to load resource: net::ERR_CONNECTION_REFUSED @ http://localhost:8602/_stcore/host-config:0
[ 2059995ms] [ERROR] Failed to load resource: net::ERR_CONNECTION_REFUSED @ http://localhost:8602/_stcore/health:0
[ 2059995ms] [ERROR] Client Error in reaching server endpoint - No response received when attempting to reach /_stcore/health @ http://localhost:8602/static/js/index.ByR4Z2EF.js:37
[ 2059995ms] [ERROR] Is Streamlit still running? If you accidentally stopped Streamlit, just restart it in your terminal: @ http://localhost:8602/static/js/index.ByR4Z2EF.js:42
[ 2059995ms] [ERROR] Failed to load resource: net::ERR_CONNECTION_REFUSED @ http://localhost:8602/_stcore/host-config:0
[ 2063633ms] [ERROR] Failed to load resource: net::ERR_CONNECTION_REFUSED @ http://localhost:8602/_stcore/health:0
[ 2063633ms] [ERROR] Client Error in reaching server endpoint - No response received when attempting to reach /_stcore/health @ http://localhost:8602/static/js/index.ByR4Z2EF.js:37
[ 2063633ms] [ERROR] Is Streamlit still running? If you accidentally stopped Streamlit, just restart it in your terminal: @ http://localhost:8602/static/js/index.ByR4Z2EF.js:42
[ 2063634ms] [ERROR] Failed to load resource: net::ERR_CONNECTION_REFUSED @ http://localhost:8602/_stcore/host-config:0
[ 2067414ms] [ERROR] Failed to load resource: net::ERR_CONNECTION_REFUSED @ http://localhost:8602/_stcore/health:0
[ 2067414ms] [ERROR] Client Error in reaching server endpoint - No response received when attempting to reach /_stcore/health @ http://localhost:8602/static/js/index.ByR4Z2EF.js:37
[ 2067414ms] [ERROR] Is Streamlit still running? If you accidentally stopped Streamlit, just restart it in your terminal: @ http://localhost:8602/static/js/index.ByR4Z2EF.js:42
[ 2067414ms] [ERROR] Failed to load resource: net::ERR_CONNECTION_REFUSED @ http://localhost:8602/_stcore/host-config:0
[ 2071086ms] [ERROR] Failed to load resource: net::ERR_CONNECTION_REFUSED @ http://localhost:8602/_stcore/health:0
[ 2071086ms] [ERROR] Client Error in reaching server endpoint - No response received when attempting to reach /_stcore/health @ http://localhost:8602/static/js/index.ByR4Z2EF.js:37
[ 2071086ms] [ERROR] Is Streamlit still running? If you accidentally stopped Streamlit, just restart it in your terminal: @ http://localhost:8602/static/js/index.ByR4Z2EF.js:42
[ 2071086ms] [ERROR] Failed to load resource: net::ERR_CONNECTION_REFUSED @ http://localhost:8602/_stcore/host-config:0
[ 2074470ms] [ERROR] Failed to load resource: net::ERR_CONNECTION_REFUSED @ http://localhost:8602/_stcore/health:0
[ 2074470ms] [ERROR] Client Error in reaching server endpoint - No response received when attempting to reach /_stcore/health @ http://localhost:8602/static/js/index.ByR4Z2EF.js:37
[ 2074471ms] [ERROR] Is Streamlit still running? If you accidentally stopped Streamlit, just restart it in your terminal: @ http://localhost:8602/static/js/index.ByR4Z2EF.js:42
[ 2074471ms] [ERROR] Failed to load resource: net::ERR_CONNECTION_REFUSED @ http://localhost:8602/_stcore/host-config:0
[ 2077385ms] [ERROR] Failed to load resource: net::ERR_CONNECTION_REFUSED @ http://localhost:8602/_stcore/health:0
[ 2077385ms] [ERROR] Client Error in reaching server endpoint - No response received when attempting to reach /_stcore/health @ http://localhost:8602/static/js/index.ByR4Z2EF.js:37
[ 2077385ms] [ERROR] Is Streamlit still running? If you accidentally stopped Streamlit, just restart it in your terminal: @ http://localhost:8602/static/js/index.ByR4Z2EF.js:42
[ 2077386ms] [ERROR] Failed to load resource: net::ERR_CONNECTION_REFUSED @ http://localhost:8602/_stcore/host-config:0
[ 2081198ms] [ERROR] Failed to load resource: net::ERR_CONNECTION_REFUSED @ http://localhost:8602/_stcore/health:0
[ 2081198ms] [ERROR] Client Error in reaching server endpoint - No response received when attempting to reach /_stcore/health @ http://localhost:8602/static/js/index.ByR4Z2EF.js:37
[ 2081198ms] [ERROR] Is Streamlit still running? If you accidentally stopped Streamlit, just restart it in your terminal: @ http://localhost:8602/static/js/index.ByR4Z2EF.js:42
[ 2081198ms] [ERROR] Failed to load resource: net::ERR_CONNECTION_REFUSED @ http://localhost:8602/_stcore/host-config:0
[ 2085100ms] [ERROR] Failed to load resource: net::ERR_CONNECTION_REFUSED @ http://localhost:8602/_stcore/health:0
[ 2085100ms] [ERROR] Client Error in reaching server endpoint - No response received when attempting to reach /_stcore/health @ http://localhost:8602/static/js/index.ByR4Z2EF.js:37
[ 2085101ms] [ERROR] Is Streamlit still running? If you accidentally stopped Streamlit, just restart it in your terminal: @ http://localhost:8602/static/js/index.ByR4Z2EF.js:42
[ 2085101ms] [ERROR] Failed to load resource: net::ERR_CONNECTION_REFUSED @ http://localhost:8602/_stcore/host-config:0
[ 2088776ms] [ERROR] Failed to load resource: net::ERR_CONNECTION_REFUSED @ http://localhost:8602/_stcore/health:0
[ 2088776ms] [ERROR] Client Error in reaching server endpoint - No response received when attempting to reach /_stcore/health @ http://localhost:8602/static/js/index.ByR4Z2EF.js:37
[ 2088776ms] [ERROR] Is Streamlit still running? If you accidentally stopped Streamlit, just restart it in your terminal: @ http://localhost:8602/static/js/index.ByR4Z2EF.js:42
[ 2088776ms] [ERROR] Failed to load resource: net::ERR_CONNECTION_REFUSED @ http://localhost:8602/_stcore/host-config:0
[ 2092174ms] [ERROR] Failed to load resource: net::ERR_CONNECTION_REFUSED @ http://localhost:8602/_stcore/health:0
[ 2092175ms] [ERROR] Client Error in reaching server endpoint - No response received when attempting to reach /_stcore/health @ http://localhost:8602/static/js/index.ByR4Z2EF.js:37
[ 2092175ms] [ERROR] Is Streamlit still running? If you accidentally stopped Streamlit, just restart it in your terminal: @ http://localhost:8602/static/js/index.ByR4Z2EF.js:42
[ 2092175ms] [ERROR] Failed to load resource: net::ERR_CONNECTION_REFUSED @ http://localhost:8602/_stcore/host-config:0
[ 2095601ms] [ERROR] Failed to load resource: net::ERR_CONNECTION_REFUSED @ http://localhost:8602/_stcore/health:0
[ 2095602ms] [ERROR] Client Error in reaching server endpoint - No response received when attempting to reach /_stcore/health @ http://localhost:8602/static/js/index.ByR4Z2EF.js:37
[ 2095602ms] [ERROR] Is Streamlit still running? If you accidentally stopped Streamlit, just restart it in your terminal: @ http://localhost:8602/static/js/index.ByR4Z2EF.js:42
[ 2095602ms] [ERROR] Failed to load resource: net::ERR_CONNECTION_REFUSED @ http://localhost:8602/_stcore/host-config:0
[ 2099003ms] [ERROR] Failed to load resource: net::ERR_CONNECTION_REFUSED @ http://localhost:8602/_stcore/health:0
[ 2099003ms] [ERROR] Client Error in reaching server endpoint - No response received when attempting to reach /_stcore/health @ http://localhost:8602/static/js/index.ByR4Z2EF.js:37
[ 2099003ms] [ERROR] Is Streamlit still running? If you accidentally stopped Streamlit, just restart it in your terminal: @ http://localhost:8602/static/js/index.ByR4Z2EF.js:42
[ 2099003ms] [ERROR] Failed to load resource: net::ERR_CONNECTION_REFUSED @ http://localhost:8602/_stcore/host-config:0
[ 2102479ms] [ERROR] Failed to load resource: net::ERR_CONNECTION_REFUSED @ http://localhost:8602/_stcore/health:0
[ 2102479ms] [ERROR] Client Error in reaching server endpoint - No response received when attempting to reach /_stcore/health @ http://localhost:8602/static/js/index.ByR4Z2EF.js:37
[ 2102479ms] [ERROR] Is Streamlit still running? If you accidentally stopped Streamlit, just restart it in your terminal: @ http://localhost:8602/static/js/index.ByR4Z2EF.js:42
[ 2102480ms] [ERROR] Failed to load resource: net::ERR_CONNECTION_REFUSED @ http://localhost:8602/_stcore/host-config:0
[ 2105680ms] [ERROR] Failed to load resource: net::ERR_CONNECTION_REFUSED @ http://localhost:8602/_stcore/health:0
[ 2105681ms] [ERROR] Client Error in reaching server endpoint - No response received when attempting to reach /_stcore/health @ http://localhost:8602/static/js/index.ByR4Z2EF.js:37
[ 2105681ms] [ERROR] Is Streamlit still running? If you accidentally stopped Streamlit, just restart it in your terminal: @ http://localhost:8602/static/js/index.ByR4Z2EF.js:42
[ 2105681ms] [ERROR] Failed to load resource: net::ERR_CONNECTION_REFUSED @ http://localhost:8602/_stcore/host-config:0
[ 2109422ms] [ERROR] Failed to load resource: net::ERR_CONNECTION_REFUSED @ http://localhost:8602/_stcore/health:0
[ 2109423ms] [ERROR] Client Error in reaching server endpoint - No response received when attempting to reach /_stcore/health @ http://localhost:8602/static/js/index.ByR4Z2EF.js:37
[ 2109423ms] [ERROR] Is Streamlit still running? If you accidentally stopped Streamlit, just restart it in your terminal: @ http://localhost:8602/static/js/index.ByR4Z2EF.js:42
[ 2109423ms] [ERROR] Failed to load resource: net::ERR_CONNECTION_REFUSED @ http://localhost:8602/_stcore/host-config:0
[ 2112964ms] [ERROR] Failed to load resource: net::ERR_CONNECTION_REFUSED @ http://localhost:8602/_stcore/health:0
[ 2112964ms] [ERROR] Client Error in reaching server endpoint - No response received when attempting to reach /_stcore/health @ http://localhost:8602/static/js/index.ByR4Z2EF.js:37
[ 2112964ms] [ERROR] Is Streamlit still running? If you accidentally stopped Streamlit, just restart it in your terminal: @ http://localhost:8602/static/js/index.ByR4Z2EF.js:42
[ 2112965ms] [ERROR] Failed to load resource: net::ERR_CONNECTION_REFUSED @ http://localhost:8602/_stcore/host-config:0
[ 2116700ms] [ERROR] Failed to load resource: net::ERR_CONNECTION_REFUSED @ http://localhost:8602/_stcore/health:0
[ 2116700ms] [ERROR] Client Error in reaching server endpoint - No response received when attempting to reach /_stcore/health @ http://localhost:8602/static/js/index.ByR4Z2EF.js:37
[ 2116700ms] [ERROR] Is Streamlit still running? If you accidentally stopped Streamlit, just restart it in your terminal: @ http://localhost:8602/static/js/index.ByR4Z2EF.js:42
[ 2116700ms] [ERROR] Failed to load resource: net::ERR_CONNECTION_REFUSED @ http://localhost:8602/_stcore/host-config:0
[ 2120390ms] [ERROR] Failed to load resource: net::ERR_CONNECTION_REFUSED @ http://localhost:8602/_stcore/health:0
[ 2120390ms] [ERROR] Client Error in reaching server endpoint - No response received when attempting to reach /_stcore/health @ http://localhost:8602/static/js/index.ByR4Z2EF.js:37
[ 2120390ms] [ERROR] Is Streamlit still running? If you accidentally stopped Streamlit, just restart it in your terminal: @ http://localhost:8602/static/js/index.ByR4Z2EF.js:42
[ 2120390ms] [ERROR] Failed to load resource: net::ERR_CONNECTION_REFUSED @ http://localhost:8602/_stcore/host-config:0
[ 2124262ms] [ERROR] Failed to load resource: net::ERR_CONNECTION_REFUSED @ http://localhost:8602/_stcore/health:0
[ 2124262ms] [ERROR] Client Error in reaching server endpoint - No response received when attempting to reach /_stcore/health @ http://localhost:8602/static/js/index.ByR4Z2EF.js:37
[ 2124262ms] [ERROR] Is Streamlit still running? If you accidentally stopped Streamlit, just restart it in your terminal: @ http://localhost:8602/static/js/index.ByR4Z2EF.js:42
[ 2124262ms] [ERROR] Failed to load resource: net::ERR_CONNECTION_REFUSED @ http://localhost:8602/_stcore/host-config:0
[ 2127697ms] [ERROR] Failed to load resource: net::ERR_CONNECTION_REFUSED @ http://localhost:8602/_stcore/health:0
[ 2127697ms] [ERROR] Client Error in reaching server endpoint - No response received when attempting to reach /_stcore/health @ http://localhost:8602/static/js/index.ByR4Z2EF.js:37
[ 2127697ms] [ERROR] Is Streamlit still running? If you accidentally stopped Streamlit, just restart it in your terminal: @ http://localhost:8602/static/js/index.ByR4Z2EF.js:42
[ 2127697ms] [ERROR] Failed to load resource: net::ERR_CONNECTION_REFUSED @ http://localhost:8602/_stcore/host-config:0
[ 2131424ms] [ERROR] Failed to load resource: net::ERR_CONNECTION_REFUSED @ http://localhost:8602/_stcore/health:0
[ 2131424ms] [ERROR] Client Error in reaching server endpoint - No response received when attempting to reach /_stcore/health @ http://localhost:8602/static/js/index.ByR4Z2EF.js:37
[ 2131424ms] [ERROR] Is Streamlit still running? If you accidentally stopped Streamlit, just restart it in your terminal: @ http://localhost:8602/static/js/index.ByR4Z2EF.js:42
[ 2131424ms] [ERROR] Failed to load resource: net::ERR_CONNECTION_REFUSED @ http://localhost:8602/_stcore/host-config:0
[ 2134840ms] [ERROR] Failed to load resource: net::ERR_CONNECTION_REFUSED @ http://localhost:8602/_stcore/health:0
[ 2134841ms] [ERROR] Client Error in reaching server endpoint - No response received when attempting to reach /_stcore/health @ http://localhost:8602/static/js/index.ByR4Z2EF.js:37
[ 2134841ms] [ERROR] Is Streamlit still running? If you accidentally stopped Streamlit, just restart it in your terminal: @ http://localhost:8602/static/js/index.ByR4Z2EF.js:42
[ 2134841ms] [ERROR] Failed to load resource: net::ERR_CONNECTION_REFUSED @ http://localhost:8602/_stcore/host-config:0
[ 2138171ms] [ERROR] Failed to load resource: net::ERR_CONNECTION_REFUSED @ http://localhost:8602/_stcore/health:0
[ 2138172ms] [ERROR] Client Error in reaching server endpoint - No response received when attempting to reach /_stcore/health @ http://localhost:8602/static/js/index.ByR4Z2EF.js:37
[ 2138172ms] [ERROR] Is Streamlit still running? If you accidentally stopped Streamlit, just restart it in your terminal: @ http://localhost:8602/static/js/index.ByR4Z2EF.js:42
[ 2138172ms] [ERROR] Failed to load resource: net::ERR_CONNECTION_REFUSED @ http://localhost:8602/_stcore/host-config:0
[ 2142061ms] [ERROR] Failed to load resource: net::ERR_CONNECTION_REFUSED @ http://localhost:8602/_stcore/health:0
[ 2142061ms] [ERROR] Client Error in reaching server endpoint - No response received when attempting to reach /_stcore/health @ http://localhost:8602/static/js/index.ByR4Z2EF.js:37
[ 2142062ms] [ERROR] Is Streamlit still running? If you accidentally stopped Streamlit, just restart it in your terminal: @ http://localhost:8602/static/js/index.ByR4Z2EF.js:42
[ 2142062ms] [ERROR] Failed to load resource: net::ERR_CONNECTION_REFUSED @ http://localhost:8602/_stcore/host-config:0
[ 2145248ms] [ERROR] Failed to load resource: net::ERR_CONNECTION_REFUSED @ http://localhost:8602/_stcore/health:0
[ 2145249ms] [ERROR] Client Error in reaching server endpoint - No response received when attempting to reach /_stcore/health @ http://localhost:8602/static/js/index.ByR4Z2EF.js:37
[ 2145249ms] [ERROR] Is Streamlit still running? If you accidentally stopped Streamlit, just restart it in your terminal: @ http://localhost:8602/static/js/index.ByR4Z2EF.js:42
[ 2145249ms] [ERROR] Failed to load resource: net::ERR_CONNECTION_REFUSED @ http://localhost:8602/_stcore/host-config:0
[ 2148848ms] [ERROR] Failed to load resource: net::ERR_CONNECTION_REFUSED @ http://localhost:8602/_stcore/health:0
[ 2148848ms] [ERROR] Client Error in reaching server endpoint - No response received when attempting to reach /_stcore/health @ http://localhost:8602/static/js/index.ByR4Z2EF.js:37
[ 2148848ms] [ERROR] Is Streamlit still running? If you accidentally stopped Streamlit, just restart it in your terminal: @ http://localhost:8602/static/js/index.ByR4Z2EF.js:42
[ 2148848ms] [ERROR] Failed to load resource: net::ERR_CONNECTION_REFUSED @ http://localhost:8602/_stcore/host-config:0
[ 2152584ms] [ERROR] Failed to load resource: net::ERR_CONNECTION_REFUSED @ http://localhost:8602/_stcore/health:0
[ 2152585ms] [ERROR] Client Error in reaching server endpoint - No response received when attempting to reach /_stcore/health @ http://localhost:8602/static/js/index.ByR4Z2EF.js:37
[ 2152585ms] [ERROR] Is Streamlit still running? If you accidentally stopped Streamlit, just restart it in your terminal: @ http://localhost:8602/static/js/index.ByR4Z2EF.js:42
[ 2152585ms] [ERROR] Failed to load resource: net::ERR_CONNECTION_REFUSED @ http://localhost:8602/_stcore/host-config:0
[ 2155587ms] [ERROR] Failed to load resource: net::ERR_CONNECTION_REFUSED @ http://localhost:8602/_stcore/health:0
[ 2155587ms] [ERROR] Client Error in reaching server endpoint - No response received when attempting to reach /_stcore/health @ http://localhost:8602/static/js/index.ByR4Z2EF.js:37
[ 2155587ms] [ERROR] Is Streamlit still running? If you accidentally stopped Streamlit, just restart it in your terminal: @ http://localhost:8602/static/js/index.ByR4Z2EF.js:42
[ 2155587ms] [ERROR] Failed to load resource: net::ERR_CONNECTION_REFUSED @ http://localhost:8602/_stcore/host-config:0
[ 2158781ms] [ERROR] Failed to load resource: net::ERR_CONNECTION_REFUSED @ http://localhost:8602/_stcore/health:0
[ 2158781ms] [ERROR] Client Error in reaching server endpoint - No response received when attempting to reach /_stcore/health @ http://localhost:8602/static/js/index.ByR4Z2EF.js:37
[ 2158781ms] [ERROR] Is Streamlit still running? If you accidentally stopped Streamlit, just restart it in your terminal: @ http://localhost:8602/static/js/index.ByR4Z2EF.js:42
[ 2158781ms] [ERROR] Failed to load resource: net::ERR_CONNECTION_REFUSED @ http://localhost:8602/_stcore/host-config:0
[ 2162746ms] [ERROR] Failed to load resource: net::ERR_CONNECTION_REFUSED @ http://localhost:8602/_stcore/health:0
[ 2162746ms] [ERROR] Client Error in reaching server endpoint - No response received when attempting to reach /_stcore/health @ http://localhost:8602/static/js/index.ByR4Z2EF.js:37
[ 2162746ms] [ERROR] Is Streamlit still running? If you accidentally stopped Streamlit, just restart it in your terminal: @ http://localhost:8602/static/js/index.ByR4Z2EF.js:42
[ 2162746ms] [ERROR] Failed to load resource: net::ERR_CONNECTION_REFUSED @ http://localhost:8602/_stcore/host-config:0
[ 2165685ms] [ERROR] Failed to load resource: net::ERR_CONNECTION_REFUSED @ http://localhost:8602/_stcore/health:0
[ 2165685ms] [ERROR] Client Error in reaching server endpoint - No response received when attempting to reach /_stcore/health @ http://localhost:8602/static/js/index.ByR4Z2EF.js:37
[ 2165685ms] [ERROR] Is Streamlit still running? If you accidentally stopped Streamlit, just restart it in your terminal: @ http://localhost:8602/static/js/index.ByR4Z2EF.js:42
[ 2165686ms] [ERROR] Failed to load resource: net::ERR_CONNECTION_REFUSED @ http://localhost:8602/_stcore/host-config:0
[ 2169048ms] [ERROR] Failed to load resource: net::ERR_CONNECTION_REFUSED @ http://localhost:8602/_stcore/health:0
[ 2169048ms] [ERROR] Client Error in reaching server endpoint - No response received when attempting to reach /_stcore/health @ http://localhost:8602/static/js/index.ByR4Z2EF.js:37
[ 2169049ms] [ERROR] Is Streamlit still running? If you accidentally stopped Streamlit, just restart it in your terminal: @ http://localhost:8602/static/js/index.ByR4Z2EF.js:42
[ 2169049ms] [ERROR] Failed to load resource: net::ERR_CONNECTION_REFUSED @ http://localhost:8602/_stcore/host-config:0
[ 2172376ms] [ERROR] Failed to load resource: net::ERR_CONNECTION_REFUSED @ http://localhost:8602/_stcore/health:0
[ 2172376ms] [ERROR] Client Error in reaching server endpoint - No response received when attempting to reach /_stcore/health @ http://localhost:8602/static/js/index.ByR4Z2EF.js:37
[ 2172376ms] [ERROR] Is Streamlit still running? If you accidentally stopped Streamlit, just restart it in your terminal: @ http://localhost:8602/static/js/index.ByR4Z2EF.js:42
[ 2172376ms] [ERROR] Failed to load resource: net::ERR_CONNECTION_REFUSED @ http://localhost:8602/_stcore/host-config:0
[ 2175997ms] [ERROR] Failed to load resource: net::ERR_CONNECTION_REFUSED @ http://localhost:8602/_stcore/health:0
[ 2175997ms] [ERROR] Client Error in reaching server endpoint - No response received when attempting to reach /_stcore/health @ http://localhost:8602/static/js/index.ByR4Z2EF.js:37
[ 2175997ms] [ERROR] Is Streamlit still running? If you accidentally stopped Streamlit, just restart it in your terminal: @ http://localhost:8602/static/js/index.ByR4Z2EF.js:42
[ 2175998ms] [ERROR] Failed to load resource: net::ERR_CONNECTION_REFUSED @ http://localhost:8602/_stcore/host-config:0
[ 2179161ms] [ERROR] Failed to load resource: net::ERR_CONNECTION_REFUSED @ http://localhost:8602/_stcore/health:0
[ 2179161ms] [ERROR] Client Error in reaching server endpoint - No response received when attempting to reach /_stcore/health @ http://localhost:8602/static/js/index.ByR4Z2EF.js:37
[ 2179161ms] [ERROR] Is Streamlit still running? If you accidentally stopped Streamlit, just restart it in your terminal: @ http://localhost:8602/static/js/index.ByR4Z2EF.js:42
[ 2179161ms] [ERROR] Failed to load resource: net::ERR_CONNECTION_REFUSED @ http://localhost:8602/_stcore/host-config:0
[ 2183129ms] [ERROR] Failed to load resource: net::ERR_CONNECTION_REFUSED @ http://localhost:8602/_stcore/health:0
[ 2183129ms] [ERROR] Client Error in reaching server endpoint - No response received when attempting to reach /_stcore/health @ http://localhost:8602/static/js/index.ByR4Z2EF.js:37
[ 2183130ms] [ERROR] Is Streamlit still running? If you accidentally stopped Streamlit, just restart it in your terminal: @ http://localhost:8602/static/js/index.ByR4Z2EF.js:42
[ 2183130ms] [ERROR] Failed to load resource: net::ERR_CONNECTION_REFUSED @ http://localhost:8602/_stcore/host-config:0
[ 2186042ms] [ERROR] Failed to load resource: net::ERR_CONNECTION_REFUSED @ http://localhost:8602/_stcore/health:0
[ 2186042ms] [ERROR] Client Error in reaching server endpoint - No response received when attempting to reach /_stcore/health @ http://localhost:8602/static/js/index.ByR4Z2EF.js:37
[ 2186043ms] [ERROR] Is Streamlit still running? If you accidentally stopped Streamlit, just restart it in your terminal: @ http://localhost:8602/static/js/index.ByR4Z2EF.js:42
[ 2186043ms] [ERROR] Failed to load resource: net::ERR_CONNECTION_REFUSED @ http://localhost:8602/_stcore/host-config:0
[ 2189212ms] [ERROR] Failed to load resource: net::ERR_CONNECTION_REFUSED @ http://localhost:8602/_stcore/health:0
[ 2189212ms] [ERROR] Client Error in reaching server endpoint - No response received when attempting to reach /_stcore/health @ http://localhost:8602/static/js/index.ByR4Z2EF.js:37
[ 2189212ms] [ERROR] Is Streamlit still running? If you accidentally stopped Streamlit, just restart it in your terminal: @ http://localhost:8602/static/js/index.ByR4Z2EF.js:42
[ 2189212ms] [ERROR] Failed to load resource: net::ERR_CONNECTION_REFUSED @ http://localhost:8602/_stcore/host-config:0
[ 2192803ms] [ERROR] Failed to load resource: net::ERR_CONNECTION_REFUSED @ http://localhost:8602/_stcore/health:0
[ 2192803ms] [ERROR] Client Error in reaching server endpoint - No response received when attempting to reach /_stcore/health @ http://localhost:8602/static/js/index.ByR4Z2EF.js:37
[ 2192803ms] [ERROR] Is Streamlit still running? If you accidentally stopped Streamlit, just restart it in your terminal: @ http://localhost:8602/static/js/index.ByR4Z2EF.js:42
[ 2192803ms] [ERROR] Failed to load resource: net::ERR_CONNECTION_REFUSED @ http://localhost:8602/_stcore/host-config:0
[ 2196098ms] [ERROR] Failed to load resource: net::ERR_CONNECTION_REFUSED @ http://localhost:8602/_stcore/health:0
[ 2196098ms] [ERROR] Client Error in reaching server endpoint - No response received when attempting to reach /_stcore/health @ http://localhost:8602/static/js/index.ByR4Z2EF.js:37
[ 2196098ms] [ERROR] Is Streamlit still running? If you accidentally stopped Streamlit, just restart it in your terminal: @ http://localhost:8602/static/js/index.ByR4Z2EF.js:42
[ 2196098ms] [ERROR] Failed to load resource: net::ERR_CONNECTION_REFUSED @ http://localhost:8602/_stcore/host-config:0
[ 2199587ms] [ERROR] Failed to load resource: net::ERR_CONNECTION_REFUSED @ http://localhost:8602/_stcore/health:0
[ 2199587ms] [ERROR] Client Error in reaching server endpoint - No response received when attempting to reach /_stcore/health @ http://localhost:8602/static/js/index.ByR4Z2EF.js:37
[ 2199587ms] [ERROR] Is Streamlit still running? If you accidentally stopped Streamlit, just restart it in your terminal: @ http://localhost:8602/static/js/index.ByR4Z2EF.js:42
[ 2199587ms] [ERROR] Failed to load resource: net::ERR_CONNECTION_REFUSED @ http://localhost:8602/_stcore/host-config:0
[ 2203161ms] [ERROR] Failed to load resource: net::ERR_CONNECTION_REFUSED @ http://localhost:8602/_stcore/health:0
[ 2203161ms] [ERROR] Client Error in reaching server endpoint - No response received when attempting to reach /_stcore/health @ http://localhost:8602/static/js/index.ByR4Z2EF.js:37
[ 2203162ms] [ERROR] Is Streamlit still running? If you accidentally stopped Streamlit, just restart it in your terminal: @ http://localhost:8602/static/js/index.ByR4Z2EF.js:42
[ 2203162ms] [ERROR] Failed to load resource: net::ERR_CONNECTION_REFUSED @ http://localhost:8602/_stcore/host-config:0
[ 2206161ms] [ERROR] Failed to load resource: net::ERR_CONNECTION_REFUSED @ http://localhost:8602/_stcore/health:0
[ 2206162ms] [ERROR] Client Error in reaching server endpoint - No response received when attempting to reach /_stcore/health @ http://localhost:8602/static/js/index.ByR4Z2EF.js:37
[ 2206162ms] [ERROR] Is Streamlit still running? If you accidentally stopped Streamlit, just restart it in your terminal: @ http://localhost:8602/static/js/index.ByR4Z2EF.js:42
[ 2206162ms] [ERROR] Failed to load resource: net::ERR_CONNECTION_REFUSED @ http://localhost:8602/_stcore/host-config:0
[ 2210151ms] [ERROR] Failed to load resource: net::ERR_CONNECTION_REFUSED @ http://localhost:8602/_stcore/health:0
[ 2210151ms] [ERROR] Client Error in reaching server endpoint - No response received when attempting to reach /_stcore/health @ http://localhost:8602/static/js/index.ByR4Z2EF.js:37
[ 2210151ms] [ERROR] Is Streamlit still running? If you accidentally stopped Streamlit, just restart it in your terminal: @ http://localhost:8602/static/js/index.ByR4Z2EF.js:42
[ 2210152ms] [ERROR] Failed to load resource: net::ERR_CONNECTION_REFUSED @ http://localhost:8602/_stcore/host-config:0
[ 2213789ms] [ERROR] Failed to load resource: net::ERR_CONNECTION_REFUSED @ http://localhost:8602/_stcore/health:0
[ 2213789ms] [ERROR] Client Error in reaching server endpoint - No response received when attempting to reach /_stcore/health @ http://localhost:8602/static/js/index.ByR4Z2EF.js:37
[ 2213789ms] [ERROR] Is Streamlit still running? If you accidentally stopped Streamlit, just restart it in your terminal: @ http://localhost:8602/static/js/index.ByR4Z2EF.js:42
[ 2213789ms] [ERROR] Failed to load resource: net::ERR_CONNECTION_REFUSED @ http://localhost:8602/_stcore/host-config:0
[ 2216789ms] [ERROR] Failed to load resource: net::ERR_CONNECTION_REFUSED @ http://localhost:8602/_stcore/health:0
[ 2216789ms] [ERROR] Client Error in reaching server endpoint - No response received when attempting to reach /_stcore/health @ http://localhost:8602/static/js/index.ByR4Z2EF.js:37
[ 2216789ms] [ERROR] Is Streamlit still running? If you accidentally stopped Streamlit, just restart it in your terminal: @ http://localhost:8602/static/js/index.ByR4Z2EF.js:42
[ 2216789ms] [ERROR] Failed to load resource: net::ERR_CONNECTION_REFUSED @ http://localhost:8602/_stcore/host-config:0
[ 2219651ms] [ERROR] Failed to load resource: net::ERR_CONNECTION_REFUSED @ http://localhost:8602/_stcore/health:0
[ 2219651ms] [ERROR] Client Error in reaching server endpoint - No response received when attempting to reach /_stcore/health @ http://localhost:8602/static/js/index.ByR4Z2EF.js:37
[ 2219651ms] [ERROR] Is Streamlit still running? If you accidentally stopped Streamlit, just restart it in your terminal: @ http://localhost:8602/static/js/index.ByR4Z2EF.js:42
[ 2219651ms] [ERROR] Failed to load resource: net::ERR_CONNECTION_REFUSED @ http://localhost:8602/_stcore/host-config:0
[ 2222484ms] [ERROR] Failed to load resource: net::ERR_CONNECTION_REFUSED @ http://localhost:8602/_stcore/health:0
[ 2222484ms] [ERROR] Client Error in reaching server endpoint - No response received when attempting to reach /_stcore/health @ http://localhost:8602/static/js/index.ByR4Z2EF.js:37
[ 2222484ms] [ERROR] Is Streamlit still running? If you accidentally stopped Streamlit, just restart it in your terminal: @ http://localhost:8602/static/js/index.ByR4Z2EF.js:42
[ 2222485ms] [ERROR] Failed to load resource: net::ERR_CONNECTION_REFUSED @ http://localhost:8602/_stcore/host-config:0
[ 2226097ms] [ERROR] Failed to load resource: net::ERR_CONNECTION_REFUSED @ http://localhost:8602/_stcore/health:0
[ 2226097ms] [ERROR] Client Error in reaching server endpoint - No response received when attempting to reach /_stcore/health @ http://localhost:8602/static/js/index.ByR4Z2EF.js:37
[ 2226097ms] [ERROR] Is Streamlit still running? If you accidentally stopped Streamlit, just restart it in your terminal: @ http://localhost:8602/static/js/index.ByR4Z2EF.js:42
[ 2226097ms] [ERROR] Failed to load resource: net::ERR_CONNECTION_REFUSED @ http://localhost:8602/_stcore/host-config:0
[ 2229899ms] [ERROR] Failed to load resource: net::ERR_CONNECTION_REFUSED @ http://localhost:8602/_stcore/health:0
[ 2229899ms] [ERROR] Client Error in reaching server endpoint - No response received when attempting to reach /_stcore/health @ http://localhost:8602/static/js/index.ByR4Z2EF.js:37
[ 2229899ms] [ERROR] Is Streamlit still running? If you accidentally stopped Streamlit, just restart it in your terminal: @ http://localhost:8602/static/js/index.ByR4Z2EF.js:42
[ 2229899ms] [ERROR] Failed to load resource: net::ERR_CONNECTION_REFUSED @ http://localhost:8602/_stcore/host-config:0
[ 2233011ms] [ERROR] Failed to load resource: net::ERR_CONNECTION_REFUSED @ http://localhost:8602/_stcore/health:0
[ 2233011ms] [ERROR] Client Error in reaching server endpoint - No response received when attempting to reach /_stcore/health @ http://localhost:8602/static/js/index.ByR4Z2EF.js:37
[ 2233011ms] [ERROR] Is Streamlit still running? If you accidentally stopped Streamlit, just restart it in your terminal: @ http://localhost:8602/static/js/index.ByR4Z2EF.js:42
[ 2233011ms] [ERROR] Failed to load resource: net::ERR_CONNECTION_REFUSED @ http://localhost:8602/_stcore/host-config:0
[ 2236673ms] [ERROR] Failed to load resource: net::ERR_CONNECTION_REFUSED @ http://localhost:8602/_stcore/health:0
[ 2236673ms] [ERROR] Client Error in reaching server endpoint - No response received when attempting to reach /_stcore/health @ http://localhost:8602/static/js/index.ByR4Z2EF.js:37
[ 2236673ms] [ERROR] Is Streamlit still running? If you accidentally stopped Streamlit, just restart it in your terminal: @ http://localhost:8602/static/js/index.ByR4Z2EF.js:42
[ 2236673ms] [ERROR] Failed to load resource: net::ERR_CONNECTION_REFUSED @ http://localhost:8602/_stcore/host-config:0
[ 2239678ms] [ERROR] Failed to load resource: net::ERR_CONNECTION_REFUSED @ http://localhost:8602/_stcore/health:0
[ 2239678ms] [ERROR] Client Error in reaching server endpoint - No response received when attempting to reach /_stcore/health @ http://localhost:8602/static/js/index.ByR4Z2EF.js:37
[ 2239678ms] [ERROR] Is Streamlit still running? If you accidentally stopped Streamlit, just restart it in your terminal: @ http://localhost:8602/static/js/index.ByR4Z2EF.js:42
[ 2239678ms] [ERROR] Failed to load resource: net::ERR_CONNECTION_REFUSED @ http://localhost:8602/_stcore/host-config:0
[ 2242585ms] [ERROR] Failed to load resource: net::ERR_CONNECTION_REFUSED @ http://localhost:8602/_stcore/health:0
[ 2242585ms] [ERROR] Client Error in reaching server endpoint - No response received when attempting to reach /_stcore/health @ http://localhost:8602/static/js/index.ByR4Z2EF.js:37
[ 2242585ms] [ERROR] Is Streamlit still running? If you accidentally stopped Streamlit, just restart it in your terminal: @ http://localhost:8602/static/js/index.ByR4Z2EF.js:42
[ 2242585ms] [ERROR] Failed to load resource: net::ERR_CONNECTION_REFUSED @ http://localhost:8602/_stcore/host-config:0
[ 2246097ms] [ERROR] Failed to load resource: net::ERR_CONNECTION_REFUSED @ http://localhost:8602/_stcore/health:0
[ 2246097ms] [ERROR] Client Error in reaching server endpoint - No response received when attempting to reach /_stcore/health @ http://localhost:8602/static/js/index.ByR4Z2EF.js:37
[ 2246097ms] [ERROR] Is Streamlit still running? If you accidentally stopped Streamlit, just restart it in your terminal: @ http://localhost:8602/static/js/index.ByR4Z2EF.js:42
[ 2246097ms] [ERROR] Failed to load resource: net::ERR_CONNECTION_REFUSED @ http://localhost:8602/_stcore/host-config:0
[ 2249642ms] [ERROR] Failed to load resource: net::ERR_CONNECTION_REFUSED @ http://localhost:8602/_stcore/health:0
[ 2249642ms] [ERROR] Client Error in reaching server endpoint - No response received when attempting to reach /_stcore/health @ http://localhost:8602/static/js/index.ByR4Z2EF.js:37
[ 2249642ms] [ERROR] Is Streamlit still running? If you accidentally stopped Streamlit, just restart it in your terminal: @ http://localhost:8602/static/js/index.ByR4Z2EF.js:42
[ 2249642ms] [ERROR] Failed to load resource: net::ERR_CONNECTION_REFUSED @ http://localhost:8602/_stcore/host-config:0
[ 2252664ms] [ERROR] Failed to load resource: net::ERR_CONNECTION_REFUSED @ http://localhost:8602/_stcore/health:0
[ 2252664ms] [ERROR] Client Error in reaching server endpoint - No response received when attempting to reach /_stcore/health @ http://localhost:8602/static/js/index.ByR4Z2EF.js:37
[ 2252664ms] [ERROR] Is Streamlit still running? If you accidentally stopped Streamlit, just restart it in your terminal: @ http://localhost:8602/static/js/index.ByR4Z2EF.js:42
[ 2252664ms] [ERROR] Failed to load resource: net::ERR_CONNECTION_REFUSED @ http://localhost:8602/_stcore/host-config:0
[ 2255780ms] [ERROR] Failed to load resource: net::ERR_CONNECTION_REFUSED @ http://localhost:8602/_stcore/health:0
[ 2255780ms] [ERROR] Client Error in reaching server endpoint - No response received when attempting to reach /_stcore/health @ http://localhost:8602/static/js/index.ByR4Z2EF.js:37
[ 2255780ms] [ERROR] Is Streamlit still running? If you accidentally stopped Streamlit, just restart it in your terminal: @ http://localhost:8602/static/js/index.ByR4Z2EF.js:42
[ 2255780ms] [ERROR] Failed to load resource: net::ERR_CONNECTION_REFUSED @ http://localhost:8602/_stcore/host-config:0
[ 2259637ms] [ERROR] Failed to load resource: net::ERR_CONNECTION_REFUSED @ http://localhost:8602/_stcore/health:0
[ 2259637ms] [ERROR] Client Error in reaching server endpoint - No response received when attempting to reach /_stcore/health @ http://localhost:8602/static/js/index.ByR4Z2EF.js:37
[ 2259637ms] [ERROR] Is Streamlit still running? If you accidentally stopped Streamlit, just restart it in your terminal: @ http://localhost:8602/static/js/index.ByR4Z2EF.js:42
[ 2259637ms] [ERROR] Failed to load resource: net::ERR_CONNECTION_REFUSED @ http://localhost:8602/_stcore/host-config:0
[ 2263274ms] [ERROR] Failed to load resource: net::ERR_CONNECTION_REFUSED @ http://localhost:8602/_stcore/health:0
[ 2263274ms] [ERROR] Client Error in reaching server endpoint - No response received when attempting to reach /_stcore/health @ http://localhost:8602/static/js/index.ByR4Z2EF.js:37
[ 2263274ms] [ERROR] Is Streamlit still running? If you accidentally stopped Streamlit, just restart it in your terminal: @ http://localhost:8602/static/js/index.ByR4Z2EF.js:42
[ 2263274ms] [ERROR] Failed to load resource: net::ERR_CONNECTION_REFUSED @ http://localhost:8602/_stcore/host-config:0
[ 2266702ms] [ERROR] Failed to load resource: net::ERR_CONNECTION_REFUSED @ http://localhost:8602/_stcore/health:0
[ 2266702ms] [ERROR] Client Error in reaching server endpoint - No response received when attempting to reach /_stcore/health @ http://localhost:8602/static/js/index.ByR4Z2EF.js:37
[ 2266702ms] [ERROR] Is Streamlit still running? If you accidentally stopped Streamlit, just restart it in your terminal: @ http://localhost:8602/static/js/index.ByR4Z2EF.js:42
[ 2266702ms] [ERROR] Failed to load resource: net::ERR_CONNECTION_REFUSED @ http://localhost:8602/_stcore/host-config:0
[ 2270661ms] [ERROR] Failed to load resource: net::ERR_CONNECTION_REFUSED @ http://localhost:8602/_stcore/health:0
[ 2270661ms] [ERROR] Client Error in reaching server endpoint - No response received when attempting to reach /_stcore/health @ http://localhost:8602/static/js/index.ByR4Z2EF.js:37
[ 2270661ms] [ERROR] Is Streamlit still running? If you accidentally stopped Streamlit, just restart it in your terminal: @ http://localhost:8602/static/js/index.ByR4Z2EF.js:42
[ 2270661ms] [ERROR] Failed to load resource: net::ERR_CONNECTION_REFUSED @ http://localhost:8602/_stcore/host-config:0
[ 2273561ms] [ERROR] Failed to load resource: net::ERR_CONNECTION_REFUSED @ http://localhost:8602/_stcore/health:0
[ 2273561ms] [ERROR] Client Error in reaching server endpoint - No response received when attempting to reach /_stcore/health @ http://localhost:8602/static/js/index.ByR4Z2EF.js:37
[ 2273562ms] [ERROR] Is Streamlit still running? If you accidentally stopped Streamlit, just restart it in your terminal: @ http://localhost:8602/static/js/index.ByR4Z2EF.js:42
[ 2273562ms] [ERROR] Failed to load resource: net::ERR_CONNECTION_REFUSED @ http://localhost:8602/_stcore/host-config:0
[ 2277386ms] [ERROR] Failed to load resource: net::ERR_CONNECTION_REFUSED @ http://localhost:8602/_stcore/health:0
[ 2277386ms] [ERROR] Client Error in reaching server endpoint - No response received when attempting to reach /_stcore/health @ http://localhost:8602/static/js/index.ByR4Z2EF.js:37
[ 2277386ms] [ERROR] Is Streamlit still running? If you accidentally stopped Streamlit, just restart it in your terminal: @ http://localhost:8602/static/js/index.ByR4Z2EF.js:42
[ 2277386ms] [ERROR] Failed to load resource: net::ERR_CONNECTION_REFUSED @ http://localhost:8602/_stcore/host-config:0
[ 2280892ms] [ERROR] Failed to load resource: net::ERR_CONNECTION_REFUSED @ http://localhost:8602/_stcore/health:0
[ 2280892ms] [ERROR] Client Error in reaching server endpoint - No response received when attempting to reach /_stcore/health @ http://localhost:8602/static/js/index.ByR4Z2EF.js:37
[ 2280892ms] [ERROR] Is Streamlit still running? If you accidentally stopped Streamlit, just restart it in your terminal: @ http://localhost:8602/static/js/index.ByR4Z2EF.js:42
[ 2280892ms] [ERROR] Failed to load resource: net::ERR_CONNECTION_REFUSED @ http://localhost:8602/_stcore/host-config:0
[ 2284714ms] [ERROR] Failed to load resource: net::ERR_CONNECTION_REFUSED @ http://localhost:8602/_stcore/health:0
[ 2284714ms] [ERROR] Client Error in reaching server endpoint - No response received when attempting to reach /_stcore/health @ http://localhost:8602/static/js/index.ByR4Z2EF.js:37
[ 2284714ms] [ERROR] Is Streamlit still running? If you accidentally stopped Streamlit, just restart it in your terminal: @ http://localhost:8602/static/js/index.ByR4Z2EF.js:42
[ 2284714ms] [ERROR] Failed to load resource: net::ERR_CONNECTION_REFUSED @ http://localhost:8602/_stcore/host-config:0
[ 2288145ms] [ERROR] Failed to load resource: net::ERR_CONNECTION_REFUSED @ http://localhost:8602/_stcore/health:0
[ 2288145ms] [ERROR] Client Error in reaching server endpoint - No response received when attempting to reach /_stcore/health @ http://localhost:8602/static/js/index.ByR4Z2EF.js:37
[ 2288145ms] [ERROR] Is Streamlit still running? If you accidentally stopped Streamlit, just restart it in your terminal: @ http://localhost:8602/static/js/index.ByR4Z2EF.js:42
[ 2288145ms] [ERROR] Failed to load resource: net::ERR_CONNECTION_REFUSED @ http://localhost:8602/_stcore/host-config:0
[ 2291147ms] [ERROR] Failed to load resource: net::ERR_CONNECTION_REFUSED @ http://localhost:8602/_stcore/health:0
[ 2291147ms] [ERROR] Client Error in reaching server endpoint - No response received when attempting to reach /_stcore/health @ http://localhost:8602/static/js/index.ByR4Z2EF.js:37
[ 2291147ms] [ERROR] Is Streamlit still running? If you accidentally stopped Streamlit, just restart it in your terminal: @ http://localhost:8602/static/js/index.ByR4Z2EF.js:42
[ 2291147ms] [ERROR] Failed to load resource: net::ERR_CONNECTION_REFUSED @ http://localhost:8602/_stcore/host-config:0
[ 2293996ms] [ERROR] Failed to load resource: net::ERR_CONNECTION_REFUSED @ http://localhost:8602/_stcore/health:0
[ 2293996ms] [ERROR] Client Error in reaching server endpoint - No response received when attempting to reach /_stcore/health @ http://localhost:8602/static/js/index.ByR4Z2EF.js:37
[ 2293996ms] [ERROR] Is Streamlit still running? If you accidentally stopped Streamlit, just restart it in your terminal: @ http://localhost:8602/static/js/index.ByR4Z2EF.js:42
[ 2293996ms] [ERROR] Failed to load resource: net::ERR_CONNECTION_REFUSED @ http://localhost:8602/_stcore/host-config:0
[ 2297155ms] [ERROR] Failed to load resource: net::ERR_CONNECTION_REFUSED @ http://localhost:8602/_stcore/health:0
[ 2297155ms] [ERROR] Client Error in reaching server endpoint - No response received when attempting to reach /_stcore/health @ http://localhost:8602/static/js/index.ByR4Z2EF.js:37
[ 2297156ms] [ERROR] Is Streamlit still running? If you accidentally stopped Streamlit, just restart it in your terminal: @ http://localhost:8602/static/js/index.ByR4Z2EF.js:42
[ 2297156ms] [ERROR] Failed to load resource: net::ERR_CONNECTION_REFUSED @ http://localhost:8602/_stcore/host-config:0
[ 2300820ms] [ERROR] Failed to load resource: net::ERR_CONNECTION_REFUSED @ http://localhost:8602/_stcore/health:0
[ 2300820ms] [ERROR] Client Error in reaching server endpoint - No response received when attempting to reach /_stcore/health @ http://localhost:8602/static/js/index.ByR4Z2EF.js:37
[ 2300820ms] [ERROR] Is Streamlit still running? If you accidentally stopped Streamlit, just restart it in your terminal: @ http://localhost:8602/static/js/index.ByR4Z2EF.js:42
[ 2300820ms] [ERROR] Failed to load resource: net::ERR_CONNECTION_REFUSED @ http://localhost:8602/_stcore/host-config:0
[ 2304607ms] [ERROR] Failed to load resource: net::ERR_CONNECTION_REFUSED @ http://localhost:8602/_stcore/health:0
[ 2304607ms] [ERROR] Client Error in reaching server endpoint - No response received when attempting to reach /_stcore/health @ http://localhost:8602/static/js/index.ByR4Z2EF.js:37
[ 2304607ms] [ERROR] Is Streamlit still running? If you accidentally stopped Streamlit, just restart it in your terminal: @ http://localhost:8602/static/js/index.ByR4Z2EF.js:42
[ 2304607ms] [ERROR] Failed to load resource: net::ERR_CONNECTION_REFUSED @ http://localhost:8602/_stcore/host-config:0
[ 2307510ms] [ERROR] Failed to load resource: net::ERR_CONNECTION_REFUSED @ http://localhost:8602/_stcore/health:0
[ 2307510ms] [ERROR] Client Error in reaching server endpoint - No response received when attempting to reach /_stcore/health @ http://localhost:8602/static/js/index.ByR4Z2EF.js:37
[ 2307510ms] [ERROR] Is Streamlit still running? If you accidentally stopped Streamlit, just restart it in your terminal: @ http://localhost:8602/static/js/index.ByR4Z2EF.js:42
[ 2307510ms] [ERROR] Failed to load resource: net::ERR_CONNECTION_REFUSED @ http://localhost:8602/_stcore/host-config:0
[ 2311168ms] [ERROR] Failed to load resource: net::ERR_CONNECTION_REFUSED @ http://localhost:8602/_stcore/health:0
[ 2311168ms] [ERROR] Client Error in reaching server endpoint - No response received when attempting to reach /_stcore/health @ http://localhost:8602/static/js/index.ByR4Z2EF.js:37
[ 2311168ms] [ERROR] Is Streamlit still running? If you accidentally stopped Streamlit, just restart it in your terminal: @ http://localhost:8602/static/js/index.ByR4Z2EF.js:42
[ 2311168ms] [ERROR] Failed to load resource: net::ERR_CONNECTION_REFUSED @ http://localhost:8602/_stcore/host-config:0
[ 2314589ms] [ERROR] Failed to load resource: net::ERR_CONNECTION_REFUSED @ http://localhost:8602/_stcore/health:0
[ 2314589ms] [ERROR] Client Error in reaching server endpoint - No response received when attempting to reach /_stcore/health @ http://localhost:8602/static/js/index.ByR4Z2EF.js:37
[ 2314589ms] [ERROR] Is Streamlit still running? If you accidentally stopped Streamlit, just restart it in your terminal: @ http://localhost:8602/static/js/index.ByR4Z2EF.js:42
[ 2314589ms] [ERROR] Failed to load resource: net::ERR_CONNECTION_REFUSED @ http://localhost:8602/_stcore/host-config:0
[ 2318205ms] [ERROR] Failed to load resource: net::ERR_CONNECTION_REFUSED @ http://localhost:8602/_stcore/health:0
[ 2318205ms] [ERROR] Client Error in reaching server endpoint - No response received when attempting to reach /_stcore/health @ http://localhost:8602/static/js/index.ByR4Z2EF.js:37
[ 2318205ms] [ERROR] Is Streamlit still running? If you accidentally stopped Streamlit, just restart it in your terminal: @ http://localhost:8602/static/js/index.ByR4Z2EF.js:42
[ 2318205ms] [ERROR] Failed to load resource: net::ERR_CONNECTION_REFUSED @ http://localhost:8602/_stcore/host-config:0
[ 2322158ms] [ERROR] Failed to load resource: net::ERR_CONNECTION_REFUSED @ http://localhost:8602/_stcore/health:0
[ 2322158ms] [ERROR] Client Error in reaching server endpoint - No response received when attempting to reach /_stcore/health @ http://localhost:8602/static/js/index.ByR4Z2EF.js:37
[ 2322158ms] [ERROR] Is Streamlit still running? If you accidentally stopped Streamlit, just restart it in your terminal: @ http://localhost:8602/static/js/index.ByR4Z2EF.js:42
[ 2322159ms] [ERROR] Failed to load resource: net::ERR_CONNECTION_REFUSED @ http://localhost:8602/_stcore/host-config:0
[ 2325953ms] [ERROR] Failed to load resource: net::ERR_CONNECTION_REFUSED @ http://localhost:8602/_stcore/health:0
[ 2325953ms] [ERROR] Client Error in reaching server endpoint - No response received when attempting to reach /_stcore/health @ http://localhost:8602/static/js/index.ByR4Z2EF.js:37
[ 2325953ms] [ERROR] Is Streamlit still running? If you accidentally stopped Streamlit, just restart it in your terminal: @ http://localhost:8602/static/js/index.ByR4Z2EF.js:42
[ 2325953ms] [ERROR] Failed to load resource: net::ERR_CONNECTION_REFUSED @ http://localhost:8602/_stcore/host-config:0
[ 2329042ms] [ERROR] Failed to load resource: net::ERR_CONNECTION_REFUSED @ http://localhost:8602/_stcore/health:0
[ 2329042ms] [ERROR] Client Error in reaching server endpoint - No response received when attempting to reach /_stcore/health @ http://localhost:8602/static/js/index.ByR4Z2EF.js:37
[ 2329042ms] [ERROR] Is Streamlit still running? If you accidentally stopped Streamlit, just restart it in your terminal: @ http://localhost:8602/static/js/index.ByR4Z2EF.js:42
[ 2329042ms] [ERROR] Failed to load resource: net::ERR_CONNECTION_REFUSED @ http://localhost:8602/_stcore/host-config:0
[ 2332045ms] [ERROR] Failed to load resource: net::ERR_CONNECTION_REFUSED @ http://localhost:8602/_stcore/health:0
[ 2332045ms] [ERROR] Client Error in reaching server endpoint - No response received when attempting to reach /_stcore/health @ http://localhost:8602/static/js/index.ByR4Z2EF.js:37
[ 2332045ms] [ERROR] Is Streamlit still running? If you accidentally stopped Streamlit, just restart it in your terminal: @ http://localhost:8602/static/js/index.ByR4Z2EF.js:42
[ 2332045ms] [ERROR] Failed to load resource: net::ERR_CONNECTION_REFUSED @ http://localhost:8602/_stcore/host-config:0
[ 2334941ms] [ERROR] Failed to load resource: net::ERR_CONNECTION_REFUSED @ http://localhost:8602/_stcore/health:0
[ 2334942ms] [ERROR] Client Error in reaching server endpoint - No response received when attempting to reach /_stcore/health @ http://localhost:8602/static/js/index.ByR4Z2EF.js:37
[ 2334942ms] [ERROR] Is Streamlit still running? If you accidentally stopped Streamlit, just restart it in your terminal: @ http://localhost:8602/static/js/index.ByR4Z2EF.js:42
[ 2334942ms] [ERROR] Failed to load resource: net::ERR_CONNECTION_REFUSED @ http://localhost:8602/_stcore/host-config:0
[ 2338579ms] [ERROR] Failed to load resource: net::ERR_CONNECTION_REFUSED @ http://localhost:8602/_stcore/health:0
[ 2338579ms] [ERROR] Client Error in reaching server endpoint - No response received when attempting to reach /_stcore/health @ http://localhost:8602/static/js/index.ByR4Z2EF.js:37
[ 2338579ms] [ERROR] Is Streamlit still running? If you accidentally stopped Streamlit, just restart it in your terminal: @ http://localhost:8602/static/js/index.ByR4Z2EF.js:42
[ 2338579ms] [ERROR] Failed to load resource: net::ERR_CONNECTION_REFUSED @ http://localhost:8602/_stcore/host-config:0
[ 2342485ms] [ERROR] Failed to load resource: net::ERR_CONNECTION_REFUSED @ http://localhost:8602/_stcore/health:0
[ 2342485ms] [ERROR] Client Error in reaching server endpoint - No response received when attempting to reach /_stcore/health @ http://localhost:8602/static/js/index.ByR4Z2EF.js:37
[ 2342485ms] [ERROR] Is Streamlit still running? If you accidentally stopped Streamlit, just restart it in your terminal: @ http://localhost:8602/static/js/index.ByR4Z2EF.js:42
[ 2342485ms] [ERROR] Failed to load resource: net::ERR_CONNECTION_REFUSED @ http://localhost:8602/_stcore/host-config:0
[ 2345630ms] [ERROR] Failed to load resource: net::ERR_CONNECTION_REFUSED @ http://localhost:8602/_stcore/health:0
[ 2345630ms] [ERROR] Client Error in reaching server endpoint - No response received when attempting to reach /_stcore/health @ http://localhost:8602/static/js/index.ByR4Z2EF.js:37
[ 2345630ms] [ERROR] Is Streamlit still running? If you accidentally stopped Streamlit, just restart it in your terminal: @ http://localhost:8602/static/js/index.ByR4Z2EF.js:42
[ 2345631ms] [ERROR] Failed to load resource: net::ERR_CONNECTION_REFUSED @ http://localhost:8602/_stcore/host-config:0
[ 2348654ms] [ERROR] Failed to load resource: net::ERR_CONNECTION_REFUSED @ http://localhost:8602/_stcore/health:0
[ 2348654ms] [ERROR] Client Error in reaching server endpoint - No response received when attempting to reach /_stcore/health @ http://localhost:8602/static/js/index.ByR4Z2EF.js:37
[ 2348655ms] [ERROR] Is Streamlit still running? If you accidentally stopped Streamlit, just restart it in your terminal: @ http://localhost:8602/static/js/index.ByR4Z2EF.js:42
[ 2348655ms] [ERROR] Failed to load resource: net::ERR_CONNECTION_REFUSED @ http://localhost:8602/_stcore/host-config:0
[ 2352399ms] [ERROR] Failed to load resource: net::ERR_CONNECTION_REFUSED @ http://localhost:8602/_stcore/health:0
[ 2352399ms] [ERROR] Client Error in reaching server endpoint - No response received when attempting to reach /_stcore/health @ http://localhost:8602/static/js/index.ByR4Z2EF.js:37
[ 2352400ms] [ERROR] Is Streamlit still running? If you accidentally stopped Streamlit, just restart it in your terminal: @ http://localhost:8602/static/js/index.ByR4Z2EF.js:42
[ 2352400ms] [ERROR] Failed to load resource: net::ERR_CONNECTION_REFUSED @ http://localhost:8602/_stcore/host-config:0
[ 2355474ms] [ERROR] Failed to load resource: net::ERR_CONNECTION_REFUSED @ http://localhost:8602/_stcore/health:0
[ 2355474ms] [ERROR] Client Error in reaching server endpoint - No response received when attempting to reach /_stcore/health @ http://localhost:8602/static/js/index.ByR4Z2EF.js:37
[ 2355474ms] [ERROR] Is Streamlit still running? If you accidentally stopped Streamlit, just restart it in your terminal: @ http://localhost:8602/static/js/index.ByR4Z2EF.js:42
[ 2355474ms] [ERROR] Failed to load resource: net::ERR_CONNECTION_REFUSED @ http://localhost:8602/_stcore/host-config:0
[ 2358994ms] [ERROR] Failed to load resource: net::ERR_CONNECTION_REFUSED @ http://localhost:8602/_stcore/health:0
[ 2358995ms] [ERROR] Client Error in reaching server endpoint - No response received when attempting to reach /_stcore/health @ http://localhost:8602/static/js/index.ByR4Z2EF.js:37
[ 2358995ms] [ERROR] Is Streamlit still running? If you accidentally stopped Streamlit, just restart it in your terminal: @ http://localhost:8602/static/js/index.ByR4Z2EF.js:42
[ 2358995ms] [ERROR] Failed to load resource: net::ERR_CONNECTION_REFUSED @ http://localhost:8602/_stcore/host-config:0
[ 2362901ms] [ERROR] Failed to load resource: net::ERR_CONNECTION_REFUSED @ http://localhost:8602/_stcore/health:0
[ 2362901ms] [ERROR] Client Error in reaching server endpoint - No response received when attempting to reach /_stcore/health @ http://localhost:8602/static/js/index.ByR4Z2EF.js:37
[ 2362901ms] [ERROR] Is Streamlit still running? If you accidentally stopped Streamlit, just restart it in your terminal: @ http://localhost:8602/static/js/index.ByR4Z2EF.js:42
[ 2362901ms] [ERROR] Failed to load resource: net::ERR_CONNECTION_REFUSED @ http://localhost:8602/_stcore/host-config:0
[ 2365938ms] [ERROR] Failed to load resource: net::ERR_CONNECTION_REFUSED @ http://localhost:8602/_stcore/health:0
[ 2365938ms] [ERROR] Client Error in reaching server endpoint - No response received when attempting to reach /_stcore/health @ http://localhost:8602/static/js/index.ByR4Z2EF.js:37
[ 2365938ms] [ERROR] Is Streamlit still running? If you accidentally stopped Streamlit, just restart it in your terminal: @ http://localhost:8602/static/js/index.ByR4Z2EF.js:42
[ 2365938ms] [ERROR] Failed to load resource: net::ERR_CONNECTION_REFUSED @ http://localhost:8602/_stcore/host-config:0
[ 2369220ms] [ERROR] Failed to load resource: net::ERR_CONNECTION_REFUSED @ http://localhost:8602/_stcore/health:0
[ 2369220ms] [ERROR] Client Error in reaching server endpoint - No response received when attempting to reach /_stcore/health @ http://localhost:8602/static/js/index.ByR4Z2EF.js:37
[ 2369221ms] [ERROR] Is Streamlit still running? If you accidentally stopped Streamlit, just restart it in your terminal: @ http://localhost:8602/static/js/index.ByR4Z2EF.js:42
[ 2369221ms] [ERROR] Failed to load resource: net::ERR_CONNECTION_REFUSED @ http://localhost:8602/_stcore/host-config:0
[ 2372961ms] [ERROR] Failed to load resource: net::ERR_CONNECTION_REFUSED @ http://localhost:8602/_stcore/health:0
[ 2372961ms] [ERROR] Client Error in reaching server endpoint - No response received when attempting to reach /_stcore/health @ http://localhost:8602/static/js/index.ByR4Z2EF.js:37
[ 2372961ms] [ERROR] Is Streamlit still running? If you accidentally stopped Streamlit, just restart it in your terminal: @ http://localhost:8602/static/js/index.ByR4Z2EF.js:42
[ 2372961ms] [ERROR] Failed to load resource: net::ERR_CONNECTION_REFUSED @ http://localhost:8602/_stcore/host-config:0
[ 2376292ms] [ERROR] Failed to load resource: net::ERR_CONNECTION_REFUSED @ http://localhost:8602/_stcore/health:0
[ 2376292ms] [ERROR] Client Error in reaching server endpoint - No response received when attempting to reach /_stcore/health @ http://localhost:8602/static/js/index.ByR4Z2EF.js:37
[ 2376292ms] [ERROR] Is Streamlit still running? If you accidentally stopped Streamlit, just restart it in your terminal: @ http://localhost:8602/static/js/index.ByR4Z2EF.js:42
[ 2376292ms] [ERROR] Failed to load resource: net::ERR_CONNECTION_REFUSED @ http://localhost:8602/_stcore/host-config:0
[ 2379745ms] [ERROR] Failed to load resource: net::ERR_CONNECTION_REFUSED @ http://localhost:8602/_stcore/health:0
[ 2379745ms] [ERROR] Client Error in reaching server endpoint - No response received when attempting to reach /_stcore/health @ http://localhost:8602/static/js/index.ByR4Z2EF.js:37
[ 2379745ms] [ERROR] Is Streamlit still running? If you accidentally stopped Streamlit, just restart it in your terminal: @ http://localhost:8602/static/js/index.ByR4Z2EF.js:42
[ 2379745ms] [ERROR] Failed to load resource: net::ERR_CONNECTION_REFUSED @ http://localhost:8602/_stcore/host-config:0
[ 2382944ms] [ERROR] Failed to load resource: net::ERR_CONNECTION_REFUSED @ http://localhost:8602/_stcore/health:0
[ 2382944ms] [ERROR] Client Error in reaching server endpoint - No response received when attempting to reach /_stcore/health @ http://localhost:8602/static/js/index.ByR4Z2EF.js:37
[ 2382944ms] [ERROR] Is Streamlit still running? If you accidentally stopped Streamlit, just restart it in your terminal: @ http://localhost:8602/static/js/index.ByR4Z2EF.js:42
[ 2382945ms] [ERROR] Failed to load resource: net::ERR_CONNECTION_REFUSED @ http://localhost:8602/_stcore/host-config:0
[ 2386441ms] [ERROR] Failed to load resource: net::ERR_CONNECTION_REFUSED @ http://localhost:8602/_stcore/health:0
[ 2386441ms] [ERROR] Client Error in reaching server endpoint - No response received when attempting to reach /_stcore/health @ http://localhost:8602/static/js/index.ByR4Z2EF.js:37
[ 2386442ms] [ERROR] Is Streamlit still running? If you accidentally stopped Streamlit, just restart it in your terminal: @ http://localhost:8602/static/js/index.ByR4Z2EF.js:42
[ 2386442ms] [ERROR] Failed to load resource: net::ERR_CONNECTION_REFUSED @ http://localhost:8602/_stcore/host-config:0
[ 2389980ms] [ERROR] Failed to load resource: net::ERR_CONNECTION_REFUSED @ http://localhost:8602/_stcore/health:0
[ 2389980ms] [ERROR] Client Error in reaching server endpoint - No response received when attempting to reach /_stcore/health @ http://localhost:8602/static/js/index.ByR4Z2EF.js:37
[ 2389980ms] [ERROR] Is Streamlit still running? If you accidentally stopped Streamlit, just restart it in your terminal: @ http://localhost:8602/static/js/index.ByR4Z2EF.js:42
[ 2389981ms] [ERROR] Failed to load resource: net::ERR_CONNECTION_REFUSED @ http://localhost:8602/_stcore/host-config:0
[ 2393039ms] [ERROR] Failed to load resource: net::ERR_CONNECTION_REFUSED @ http://localhost:8602/_stcore/health:0
[ 2393039ms] [ERROR] Client Error in reaching server endpoint - No response received when attempting to reach /_stcore/health @ http://localhost:8602/static/js/index.ByR4Z2EF.js:37
[ 2393039ms] [ERROR] Is Streamlit still running? If you accidentally stopped Streamlit, just restart it in your terminal: @ http://localhost:8602/static/js/index.ByR4Z2EF.js:42
[ 2393039ms] [ERROR] Failed to load resource: net::ERR_CONNECTION_REFUSED @ http://localhost:8602/_stcore/host-config:0
[ 2396845ms] [ERROR] Failed to load resource: net::ERR_CONNECTION_REFUSED @ http://localhost:8602/_stcore/health:0
[ 2396845ms] [ERROR] Client Error in reaching server endpoint - No response received when attempting to reach /_stcore/health @ http://localhost:8602/static/js/index.ByR4Z2EF.js:37
[ 2396846ms] [ERROR] Is Streamlit still running? If you accidentally stopped Streamlit, just restart it in your terminal: @ http://localhost:8602/static/js/index.ByR4Z2EF.js:42
[ 2396846ms] [ERROR] Failed to load resource: net::ERR_CONNECTION_REFUSED @ http://localhost:8602/_stcore/host-config:0
[ 2399729ms] [ERROR] Failed to load resource: net::ERR_CONNECTION_REFUSED @ http://localhost:8602/_stcore/health:0
[ 2399729ms] [ERROR] Client Error in reaching server endpoint - No response received when attempting to reach /_stcore/health @ http://localhost:8602/static/js/index.ByR4Z2EF.js:37
[ 2399729ms] [ERROR] Is Streamlit still running? If you accidentally stopped Streamlit, just restart it in your terminal: @ http://localhost:8602/static/js/index.ByR4Z2EF.js:42
[ 2399729ms] [ERROR] Failed to load resource: net::ERR_CONNECTION_REFUSED @ http://localhost:8602/_stcore/host-config:0
[ 2403319ms] [ERROR] Failed to load resource: net::ERR_CONNECTION_REFUSED @ http://localhost:8602/_stcore/health:0
[ 2403319ms] [ERROR] Client Error in reaching server endpoint - No response received when attempting to reach /_stcore/health @ http://localhost:8602/static/js/index.ByR4Z2EF.js:37
[ 2403319ms] [ERROR] Failed to load resource: net::ERR_CONNECTION_REFUSED @ http://localhost:8602/_stcore/host-config:0
[ 2406497ms] [ERROR] Failed to load resource: net::ERR_CONNECTION_REFUSED @ http://localhost:8602/_stcore/health:0
[ 2406497ms] [ERROR] Client Error in reaching server endpoint - No response received when attempting to reach /_stcore/health @ http://localhost:8602/static/js/index.ByR4Z2EF.js:37
[ 2406497ms] [ERROR] Failed to load resource: net::ERR_CONNECTION_REFUSED @ http://localhost:8602/_stcore/host-config:0
[ 2409594ms] [ERROR] Failed to load resource: net::ERR_CONNECTION_REFUSED @ http://localhost:8602/_stcore/health:0
[ 2409594ms] [ERROR] Client Error in reaching server endpoint - No response received when attempting to reach /_stcore/health @ http://localhost:8602/static/js/index.ByR4Z2EF.js:37
[ 2409594ms] [ERROR] Failed to load resource: net::ERR_CONNECTION_REFUSED @ http://localhost:8602/_stcore/host-config:0
[ 2412740ms] [ERROR] Failed to load resource: net::ERR_CONNECTION_REFUSED @ http://localhost:8602/_stcore/health:0
[ 2412740ms] [ERROR] Client Error in reaching server endpoint - No response received when attempting to reach /_stcore/health @ http://localhost:8602/static/js/index.ByR4Z2EF.js:37
[ 2412741ms] [ERROR] Failed to load resource: net::ERR_CONNECTION_REFUSED @ http://localhost:8602/_stcore/host-config:0
[ 2415875ms] [ERROR] Failed to load resource: net::ERR_CONNECTION_REFUSED @ http://localhost:8602/_stcore/health:0
[ 2415875ms] [ERROR] Client Error in reaching server endpoint - No response received when attempting to reach /_stcore/health @ http://localhost:8602/static/js/index.ByR4Z2EF.js:37
[ 2415876ms] [ERROR] Failed to load resource: net::ERR_CONNECTION_REFUSED @ http://localhost:8602/_stcore/host-config:0
